"study","reference","condition_arm1","condition_arm2","multi_arm1","multi_arm2","is_multiarm","comparison","outcome_type","symptom_domain","instrument_old","instrument","rating","mean_arm1","sd_arm1","n_arm1","mean_arm2","sd_arm2","n_arm2","mean_change_arm1","sd_change_arm1","n_change_arm1","mean_change_arm2","sd_change_arm2","n_change_arm2","event_arm1","event_arm2","totaln_arm1","totaln_arm2","precalc_g","precalc_g_se","precalc_log_rr","precalc_log_rr_se","total_arm1","total_arm2","N_randomized_total","year","time","time_weeks","trail_lenght","format","n_sessions_arm1","n_sessions_arm2","country","is_LMICs","country_income_level","hdi_level","hdi","who_region","mean_age","percent_women","recruitment","diagnosis","diagnosis_specific","diagnostic_manual","diagnosis_comorbid","diagnosis_other","dur_ill_arm1","dur_ill_arm2","stage","is_early_psychosis","is_first_episode","clinical_status","other","Randomization.process","Deviations.from.intended.interventions","Missing.outcome.data","Measurement.of.the.outcome","Selection.of.the.reported.result","rob",".id",".g",".g_se",".log_rr",".log_rr_se",".event_arm1",".event_arm2",".totaln_arm1",".totaln_arm2"
"Chien,2018","Chien, W. T., Bressington, D., & Chan, S. W. C. (2018). A Randomized Controlled Trial on Mutual Support Group Intervention for Families of People With Recent-Onset Psychosis: A Four-Year Follow-Up. Frontiers in psychiatry, 9. https://doi.org/doi:10.3389/fpsyt.2018.00710","FT","TAU2","FT","TAU",1,"psy vs ctr","msd","Negative","PANSS","PANSS_Negative","Interviewer-rated",19.79,8.2,69,23.91,9.92,68,,,,,,,,,,,,,,,70,70,140,2018,"post",,"36","Group","16","16","Hong Kong",0,"high-income","very high",0.949,"Western Pacific",41,0.65,"Outpatient","Early onset psychosis","≤ 5 years","DSM-IV-R",,,1.71,1.92,"Early",1,0,,"Recent-onset psychosis","Low Risk","Low Risk","Low Risk","Low Risk","Low Risk","Low Risk","Chien_2018_msd_PANSS_Negative_post_NA_Interviewer-rated_FT_TAU2_FT_TAU",-0.450505489979874,0.173053931283797,,,,,,
"Chien,2018","Chien, W. T., Bressington, D., & Chan, S. W. C. (2018). A Randomized Controlled Trial on Mutual Support Group Intervention for Families of People With Recent-Onset Psychosis: A Four-Year Follow-Up. Frontiers in psychiatry, 9. https://doi.org/doi:10.3389/fpsyt.2018.00710","FT","TAU2","FT","TAU",1,"psy vs ctr","msd","Positive","PANSS","PANSS_Positive","Interviewer-rated",23.01,8.92,69,30.22,10.01,68,,,,,,,,,,,,,,,70,70,140,2018,"post",,"36","Group","16","16","Hong Kong",0,"high-income","very high",0.949,"Western Pacific",41,0.65,"Outpatient","Early onset psychosis","≤ 5 years","DSM-IV-R",,,1.71,1.92,"Early",1,0,,"Recent-onset psychosis","Low Risk","Low Risk","Low Risk","Low Risk","Low Risk","Low Risk","Chien_2018_msd_PANSS_Positive_post_NA_Interviewer-rated_FT_TAU2_FT_TAU",-0.756583051795094,0.176949720340547,,,,,,
"Chien,2018","Chien, W. T., Bressington, D., & Chan, S. W. C. (2018). A Randomized Controlled Trial on Mutual Support Group Intervention for Families of People With Recent-Onset Psychosis: A Four-Year Follow-Up. Frontiers in psychiatry, 9. https://doi.org/doi:10.3389/fpsyt.2018.00710","FT","TAU2","FT","TAU",1,"psy vs ctr","msd","Total","PANSS","PANSS_Total","Interviewer-rated",82.34,14.23,69,98.86,14.59,68,,,,,,,,,,,,,,,70,70,140,2018,"post",,"36","Group","16","16","Hong Kong",0,"high-income","very high",0.949,"Western Pacific",41,0.65,"Outpatient","Early onset psychosis","≤ 5 years","DSM-IV-R",,,1.71,1.92,"Early",1,0,,"Recent-onset psychosis","Low Risk","Low Risk","Low Risk","Low Risk","Low Risk","Low Risk","Chien_2018_msd_PANSS_Total_post_NA_Interviewer-rated_FT_TAU2_FT_TAU",-1.14006178714152,0.184378589318852,,,,,,
"Chien,2018","Chien, W. T., Bressington, D., & Chan, S. W. C. (2018). A Randomized Controlled Trial on Mutual Support Group Intervention for Families of People With Recent-Onset Psychosis: A Four-Year Follow-Up. Frontiers in psychiatry, 9. https://doi.org/doi:10.3389/fpsyt.2018.00710","PE","TAU2","PE","TAU",1,"psy vs ctr","msd","Negative","PANSS","PANSS_Negative","Interviewer-rated",20.13,9.95,68,23.91,9.92,68,,,,,,,,,,,,,,,70,70,140,2018,"post",,"36","Group","16","16","Hong Kong",0,"high-income","very high",0.949,"Western Pacific",41,0.65,"Outpatient","Early onset psychosis","≤ 5 years","DSM-IV-R",,,1.82,1.92,"Early",1,0,,"Recent-onset psychosis","Low Risk","Low Risk","Low Risk","Low Risk","Low Risk","Low Risk","Chien_2018_msd_PANSS_Negative_post_NA_Interviewer-rated_PE_TAU2_PE_TAU",-0.378339149890056,0.173043256140219,,,,,,
"Chien,2018","Chien, W. T., Bressington, D., & Chan, S. W. C. (2018). A Randomized Controlled Trial on Mutual Support Group Intervention for Families of People With Recent-Onset Psychosis: A Four-Year Follow-Up. Frontiers in psychiatry, 9. https://doi.org/doi:10.3389/fpsyt.2018.00710","PE","TAU2","PE","TAU",1,"psy vs ctr","msd","Positive","PANSS","PANSS_Positive","Interviewer-rated",23.65,8.13,68,30.22,10.01,68,,,,,,,,,,,,,,,70,70,140,2018,"post",,"36","Group","16","16","Hong Kong",0,"high-income","very high",0.949,"Western Pacific",41,0.65,"Outpatient","Early onset psychosis","≤ 5 years","DSM-IV-R",,,1.82,1.92,"Early",1,0,,"Recent-onset psychosis","Low Risk","Low Risk","Low Risk","Low Risk","Low Risk","Low Risk","Chien_2018_msd_PANSS_Positive_post_NA_Interviewer-rated_PE_TAU2_PE_TAU",-0.716466700549019,0.176975511670608,,,,,,
"Chien,2018","Chien, W. T., Bressington, D., & Chan, S. W. C. (2018). A Randomized Controlled Trial on Mutual Support Group Intervention for Families of People With Recent-Onset Psychosis: A Four-Year Follow-Up. Frontiers in psychiatry, 9. https://doi.org/doi:10.3389/fpsyt.2018.00710","PE","TAU2","PE","TAU",1,"psy vs ctr","msd","Total","PANSS","PANSS_Total","Interviewer-rated",86.29,10.33,68,98.86,14.59,68,,,,,,,,,,,,,,,70,70,140,2018,"post",,"36","Group","16","16","Hong Kong",0,"high-income","very high",0.949,"Western Pacific",41,0.65,"Outpatient","Early onset psychosis","≤ 5 years","DSM-IV-R",,,1.82,1.92,"Early",1,0,,"Recent-onset psychosis","Low Risk","Low Risk","Low Risk","Low Risk","Low Risk","Low Risk","Chien_2018_msd_PANSS_Total_post_NA_Interviewer-rated_PE_TAU2_PE_TAU",-0.988827117651504,0.181788881924947,,,,,,
"Chien,2013c","Chien, W. T., & Leung, S. F. (2013). A controlled trial of a needs‐based, nurse‐led psychoeducation programme for Chinese patients with first‐onset mental disorders: 6 month follow up. International Journal of Nursing Practice, 19, 3-13.","PE","TAU2",,,0,"psy vs ctr","msd","Total","BPRS","BPRS_Total","Interviewer-rated",3.5,1,48,4.7,1,48,,,,,,,,,,,,,,,48,48,96,2013,"post",,"13","Individual",,,"Hong Kong",0,"high-income","very high",0.949,"Western Pacific",25.8,0.45,"Outpatient","First Episode Psychosis","First Episode",,,,0.11,0.12,"Early",1,1,,"First Episode psychosis","Some Concern","Low Risk","Some Concern","Low Risk","Low Risk","Some Concern","Chien_2013c_msd_BPRS_Total_post_NA_Interviewer-rated_PE_TAU2_NA_NA",-1.1904,0.221735578260835,,,,,,
"Valencia,2012","Valencia, M., Juarez, F., & Ortega, H. (2012). Integrated treatment to achieve functional recovery for first-episode psychosis. Schizophrenia research and treatment, 2012.","SST_FPE","TAU1",,,0,"psy vs ctr","msd","Negative","PANSS","PANSS_Negative","Interviewer-rated",10.4,3.9,39,14.6,6.3,34,,,,,,,,,,,,,,,44,44,88,2012,"post",,"52","Group",,,"Mexico",1,"upper middle-income","high",0.76,"Americas",24.31,0.2466,"Outpatient","First Episode Psychosis","First Episode","DSM-IV",,,,,"Early",1,1,"Stable","First Episode psychosis","Some Concern","High Risk","Some Concern","Low Risk","Some Concern","High Risk","Valencia_2012_msd_PANSS_Negative_post_NA_Interviewer-rated_SST_FPE_TAU1_NA_NA",-0.805893812038184,0.244124994462007,,,,,,
"Valencia,2012","Valencia, M., Juarez, F., & Ortega, H. (2012). Integrated treatment to achieve functional recovery for first-episode psychosis. Schizophrenia research and treatment, 2012.","SST_FPE","TAU1",,,0,"psy vs ctr","msd","Positive","PANSS","PANSS_Positive","Interviewer-rated",8.5,2,39,10.4,4,34,,,,,,,,,,,,,,,44,44,88,2012,"post",,"52","Group",,,"Mexico",1,"upper middle-income","high",0.76,"Americas",24.31,0.2466,"Outpatient","First Episode Psychosis","First Episode","DSM-IV",,,,,"Early",1,1,"Stable","First Episode psychosis","Some Concern","High Risk","Some Concern","Low Risk","Some Concern","High Risk","Valencia_2012_msd_PANSS_Positive_post_NA_Interviewer-rated_SST_FPE_TAU1_NA_NA",-0.607435143664872,0.240071819465805,,,,,,
"Valencia,2012","Valencia, M., Juarez, F., & Ortega, H. (2012). Integrated treatment to achieve functional recovery for first-episode psychosis. Schizophrenia research and treatment, 2012.","SST_FPE","TAU1",,,0,"psy vs ctr","msd","Total","PANSS","PANSS_Total","Interviewer-rated",40.2,9.6,39,52.7,15.7,34,,,,,,,,,,,,,,,44,44,88,2012,"post",,"52","Group",,,"Mexico",1,"upper middle-income","high",0.76,"Americas",24.31,0.2466,"Outpatient","First Episode Psychosis","First Episode","DSM-IV",,,,,"Early",1,1,"Stable","First Episode psychosis","Some Concern","High Risk","Some Concern","Low Risk","Some Concern","High Risk","Valencia_2012_msd_PANSS_Total_post_NA_Interviewer-rated_SST_FPE_TAU1_NA_NA",-0.966060358443887,0.248158779286679,,,,,,
"Garety,2008b","Garety, P. A., Fowler, D. G., Freeman, D., Bebbington, P., Dunn, G., & Kuipers, E. (2008). Cognitive-behavioural therapy and family intervention for relapse prevention and symptom reduction in psychosis: randomised controlled trial. The British Journal of Psychiatry, 192(6), 412-423.","CBTp","FT","CBTp","FT",1,"psy vs psy","msd","Negative","PANSS","PANSS_Negative","Interviewer-rated",12.33,4.94,21,13.38,5.81,24,,,,,,,,,,,,,,,27,28,55,2008,"post",,"52","Individual",,,"UK",0,"high-income","very high",0.902,"European",52.69,0.8143,"Outpatient","Non-affective psychosis",,"DSM-IV; ICD-10",,,10.9,13.3,"Chronic",0,0,"Acute",,"Low Risk","Low Risk","Low Risk","Low Risk","Low Risk","Low Risk","Garety_2008b_msd_PANSS_Negative_post_NA_Interviewer-rated_CBTp_FT_CBTp_FT",-0.190232079560835,0.29950341320103,,,,,,
"Garety,2008b","Garety, P. A., Fowler, D. G., Freeman, D., Bebbington, P., Dunn, G., & Kuipers, E. (2008). Cognitive-behavioural therapy and family intervention for relapse prevention and symptom reduction in psychosis: randomised controlled trial. The British Journal of Psychiatry, 192(6), 412-423.","CBTp","FT","CBTp","FT",1,"psy vs psy","msd","Positive","PANSS","PANSS_Positive","Interviewer-rated",13.95,5.69,21,14.54,5.24,24,,,,,,,,,,,,,,,27,28,55,2008,"post",,"52","Individual",,,"UK",0,"high-income","very high",0.902,"European",52.69,0.8143,"Outpatient","Non-affective psychosis",,"DSM-IV; ICD-10",,,10.9,13.3,"Chronic",0,0,"Acute",,"Low Risk","Low Risk","Low Risk","Low Risk","Low Risk","Low Risk","Garety_2008b_msd_PANSS_Positive_post_NA_Interviewer-rated_CBTp_FT_CBTp_FT",-0.106281137282585,0.299024654965349,,,,,,
"Garety,2008b","Garety, P. A., Fowler, D. G., Freeman, D., Bebbington, P., Dunn, G., & Kuipers, E. (2008). Cognitive-behavioural therapy and family intervention for relapse prevention and symptom reduction in psychosis: randomised controlled trial. The British Journal of Psychiatry, 192(6), 412-423.","CBTp","FT","CBTp","FT",1,"psy vs psy","msd","Total","PANSS","PANSS_Total","Interviewer-rated",54.09,12.49,21,57.46,15.53,24,,,,,,,,,,,,,,,27,28,55,2008,"post",,"52","Individual",,,"UK",0,"high-income","very high",0.902,"European",52.69,0.8143,"Outpatient","Non-affective psychosis",,"DSM-IV; ICD-10",,,10.9,13.3,"Chronic",0,0,"Acute",,"Low Risk","Low Risk","Low Risk","Low Risk","Low Risk","Low Risk","Garety_2008b_msd_PANSS_Total_post_NA_Interviewer-rated_CBTp_FT_CBTp_FT",-0.233205519667009,0.299852903882591,,,,,,
"Garety,2008a","Garety, P. A., Fowler, D. G., Freeman, D., Bebbington, P., Dunn, G., & Kuipers, E. (2008). Cognitive-behavioural therapy and family intervention for relapse prevention and symptom reduction in psychosis: randomised controlled trial. The British Journal of Psychiatry, 192(6), 412-423.","CBTp","TAU2",,,0,"psy vs ctr","msd","Negative","PANSS","PANSS_Negative","Interviewer-rated",12.06,4.92,90,12.62,6.32,90,,,,,,,,,,,,,,,106,112,218,2008,"post",,"52","Individual",,,"UK",0,"high-income","very high",0.902,"European",38.97,0.3073,"Outpatient","Non-affective psychosis",,"DSM-IV; ICD-10",,,10.9,9.9,"Chronic",0,0,"Acute",,"Low Risk","Low Risk","Low Risk","Low Risk","Low Risk","Low Risk","Garety_2008a_msd_PANSS_Negative_post_NA_Interviewer-rated_CBTp_TAU2_NA_NA",-0.098462852546162,0.149162264998858,,,,,,
"Garety,2008a","Garety, P. A., Fowler, D. G., Freeman, D., Bebbington, P., Dunn, G., & Kuipers, E. (2008). Cognitive-behavioural therapy and family intervention for relapse prevention and symptom reduction in psychosis: randomised controlled trial. The British Journal of Psychiatry, 192(6), 412-423.","CBTp","TAU2",,,0,"psy vs ctr","msd","Positive","PANSS","PANSS_Positive","Interviewer-rated",15.39,6.37,90,16.49,6.47,90,,,,,,,,,,,,,,,106,112,218,2008,"post",,"52","Individual",,,"UK",0,"high-income","very high",0.902,"European",38.97,0.3073,"Outpatient","Non-affective psychosis",,"DSM-IV; ICD-10",,,10.9,9.9,"Chronic",0,0,"Acute",,"Low Risk","Low Risk","Low Risk","Low Risk","Low Risk","Low Risk","Garety_2008a_msd_PANSS_Positive_post_NA_Interviewer-rated_CBTp_TAU2_NA_NA",-0.170611437936888,0.149344451460888,,,,,,
"Garety,2008a","Garety, P. A., Fowler, D. G., Freeman, D., Bebbington, P., Dunn, G., & Kuipers, E. (2008). Cognitive-behavioural therapy and family intervention for relapse prevention and symptom reduction in psychosis: randomised controlled trial. The British Journal of Psychiatry, 192(6), 412-423.","CBTp","TAU2",,,0,"psy vs ctr","msd","Total","PANSS","PANSS_Total","Interviewer-rated",57.63,15.21,90,59.66,17.27,90,,,,,,,,,,,,,,,106,112,218,2008,"post",,"52","Individual",,,"UK",0,"high-income","very high",0.902,"European",38.97,0.3073,"Outpatient","Non-affective psychosis",,"DSM-IV; ICD-10",,,10.9,9.9,"Chronic",0,0,"Acute",,"Low Risk","Low Risk","Low Risk","Low Risk","Low Risk","Low Risk","Garety_2008a_msd_PANSS_Total_post_NA_Interviewer-rated_CBTp_TAU2_NA_NA",-0.124222977477041,0.149216122149253,,,,,,
"Garety,2008b","Garety, P. A., Fowler, D. G., Freeman, D., Bebbington, P., Dunn, G., & Kuipers, E. (2008). Cognitive-behavioural therapy and family intervention for relapse prevention and symptom reduction in psychosis: randomised controlled trial. The British Journal of Psychiatry, 192(6), 412-423.","CBTp","TAU2","CBTp","TAU2",1,"psy vs ctr","msd","Negative","PANSS","PANSS_Negative","Interviewer-rated",12.33,4.94,21,13.56,5.58,23,,,,,,,,,,,,,,,27,28,55,2008,"post",,"52","Individual",,,"UK",0,"high-income","very high",0.902,"European",52.69,0.8143,"Outpatient","Non-affective psychosis",,"DSM-IV; ICD-10",,,10.9,10.5,"Chronic",0,0,"Acute",,"Low Risk","Low Risk","Low Risk","Low Risk","Low Risk","Low Risk","Garety_2008b_msd_PANSS_Negative_post_NA_Interviewer-rated_CBTp_TAU2_CBTp_TAU2",-0.228557065328142,0.302841282269603,,,,,,
"Garety,2008b","Garety, P. A., Fowler, D. G., Freeman, D., Bebbington, P., Dunn, G., & Kuipers, E. (2008). Cognitive-behavioural therapy and family intervention for relapse prevention and symptom reduction in psychosis: randomised controlled trial. The British Journal of Psychiatry, 192(6), 412-423.","CBTp","TAU2","CBTp","TAU2",1,"psy vs ctr","msd","Positive","PANSS","PANSS_Positive","Interviewer-rated",13.95,5.69,21,15.09,5.23,23,,,,,,,,,,,,,,,27,28,55,2008,"post",,"52","Individual",,,"UK",0,"high-income","very high",0.902,"European",52.69,0.8143,"Outpatient","Non-affective psychosis",,"DSM-IV; ICD-10",,,10.9,10.5,"Chronic",0,0,"Acute",,"Low Risk","Low Risk","Low Risk","Low Risk","Low Risk","Low Risk","Garety_2008b_msd_PANSS_Positive_post_NA_Interviewer-rated_CBTp_TAU2_CBTp_TAU2",-0.205270231278778,0.302644681226766,,,,,,
"Garety,2008b","Garety, P. A., Fowler, D. G., Freeman, D., Bebbington, P., Dunn, G., & Kuipers, E. (2008). Cognitive-behavioural therapy and family intervention for relapse prevention and symptom reduction in psychosis: randomised controlled trial. The British Journal of Psychiatry, 192(6), 412-423.","CBTp","TAU2","CBTp","TAU2",1,"psy vs ctr","msd","Total","PANSS","PANSS_Total","Interviewer-rated",54.09,12.49,21,58.35,14.03,23,,,,,,,,,,,,,,,27,28,55,2008,"post",,"52","Individual",,,"UK",0,"high-income","very high",0.902,"European",52.69,0.8143,"Outpatient","Non-affective psychosis",,"DSM-IV; ICD-10",,,10.9,10.5,"Chronic",0,0,"Acute",,"Low Risk","Low Risk","Low Risk","Low Risk","Low Risk","Low Risk","Garety_2008b_msd_PANSS_Total_post_NA_Interviewer-rated_CBTp_TAU2_CBTp_TAU2",-0.314100667420158,0.303743029733768,,,,,,
"Garety,2008b","Garety, P. A., Fowler, D. G., Freeman, D., Bebbington, P., Dunn, G., & Kuipers, E. (2008). Cognitive-behavioural therapy and family intervention for relapse prevention and symptom reduction in psychosis: randomised controlled trial. The British Journal of Psychiatry, 192(6), 412-423.","FT","TAU2","FT","TAU2",1,"psy vs ctr","msd","Negative","PANSS","PANSS_Negative","Interviewer-rated",13.38,5.81,24,13.56,5.58,23,,,,,,,,,,,,,,,28,28,56,2008,"post",,"52","Individual",,,"UK",0,"high-income","very high",0.902,"European",52.69,0.8143,"Outpatient","Non-affective psychosis",,"DSM-IV; ICD-10",,,13.3,10.5,"Chronic",0,0,"Acute",,"Low Risk","Low Risk","Low Risk","Low Risk","Low Risk","Low Risk","Garety_2008b_msd_PANSS_Negative_post_NA_Interviewer-rated_FT_TAU2_FT_TAU2",-0.0310566901931743,0.291814223690958,,,,,,
"Garety,2008b","Garety, P. A., Fowler, D. G., Freeman, D., Bebbington, P., Dunn, G., & Kuipers, E. (2008). Cognitive-behavioural therapy and family intervention for relapse prevention and symptom reduction in psychosis: randomised controlled trial. The British Journal of Psychiatry, 192(6), 412-423.","FT","TAU2","FT","TAU2",1,"psy vs ctr","msd","Positive","PANSS","PANSS_Positive","Interviewer-rated",14.54,5.24,24,15.09,5.23,23,,,,,,,,,,,,,,,28,28,56,2008,"post",,"52","Individual",,,"UK",0,"high-income","very high",0.902,"European",52.69,0.8143,"Outpatient","Non-affective psychosis",,"DSM-IV; ICD-10",,,13.3,10.5,"Chronic",0,0,"Acute",,"Low Risk","Low Risk","Low Risk","Low Risk","Low Risk","Low Risk","Garety_2008b_msd_PANSS_Positive_post_NA_Interviewer-rated_FT_TAU2_FT_TAU2",-0.103299025541133,0.291997171927855,,,,,,
"Garety,2008b","Garety, P. A., Fowler, D. G., Freeman, D., Bebbington, P., Dunn, G., & Kuipers, E. (2008). Cognitive-behavioural therapy and family intervention for relapse prevention and symptom reduction in psychosis: randomised controlled trial. The British Journal of Psychiatry, 192(6), 412-423.","FT","TAU2","FT","TAU2",1,"psy vs ctr","msd","Total","PANSS","PANSS_Total","Interviewer-rated",57.46,15.53,24,58.35,14.03,23,,,,,,,,,,,,,,,28,28,56,2008,"post",,"52","Individual",,,"UK",0,"high-income","very high",0.902,"European",52.69,0.8143,"Outpatient","Non-affective psychosis",,"DSM-IV; ICD-10",,,13.3,10.5,"Chronic",0,0,"Acute",,"Low Risk","Low Risk","Low Risk","Low Risk","Low Risk","Low Risk","Garety_2008b_msd_PANSS_Total_post_NA_Interviewer-rated_FT_TAU2_FT_TAU2",-0.0590648156469675,0.291861811257102,,,,,,
"Drury,1996","Drury, V., Birchwood, M., Cochrane, R., & Macmillan, F. (1996). Cognitive therapy and recovery from acute psychosis: a controlled trial. I. Impact on psychotic symptoms. The British journal of psychiatry : the journal of mental science, 169(5), 593–601. https://doi.org/10.1192/bjp.169.5.593","CBT","BF",,,0,"psy vs ctr","msd","Negative","PAS","PAS_Negative","Interviewer-rated",1.33,1.8,20,1.71,2.2,20,,,,,,,,,,,,,,,30,32,62,1996,"post",,,"Individual & Group",,,"UK",0,"high-income","very high",0.836,"European",30.7,0.375,"Inpatient","Non-affective psychosis",,"WHO",,"Substance Abuse",6.1,6.2,"Mid",0,0,"Acute",,"Some Concern","High Risk","Some Concern","Low Risk","Some Concern","High Risk","Drury_1996_msd_PAS_Negative_post_NA_Interviewer-rated_CBT_BF_NA_NA",-0.185300965488112,0.316933403380297,,,,,,
"Drury,1996","Drury, V., Birchwood, M., Cochrane, R., & Macmillan, F. (1996). Cognitive therapy and recovery from acute psychosis: a controlled trial. I. Impact on psychotic symptoms. The British journal of psychiatry : the journal of mental science, 169(5), 593–601. https://doi.org/10.1192/bjp.169.5.593","CBT","BF",,,0,"psy vs ctr","msd","Positive","PAS","PAS_Positive","Interviewer-rated",2.06,2.57,20,4.59,2.72,20,,,,,,,,,,,,,,,30,32,62,1996,"post",,,"Individual & Group",,,"UK",0,"high-income","very high",0.836,"European",30.7,0.375,"Inpatient","Non-affective psychosis",,"WHO",,"Substance Abuse",6.1,6.2,"Mid",0,0,"Acute",,"Some Concern","High Risk","Some Concern","Low Risk","Some Concern","High Risk","Drury_1996_msd_PAS_Positive_post_NA_Interviewer-rated_CBT_BF_NA_NA",-0.937141327732159,0.333807556759843,,,,,,
"Peters,2010","Peters, E., Landau, S., McCrone, P., Cooke, M., Fisher, P., Steel, C., Evans, R., Carswell, K., Dawson, K., & Williams, S. (2010). A randomised controlled trial of cognitive behaviour therapy for psychosis in a routine clinical service. Acta Psychiatrica Scandinavica, 122(4), 302-318.","CBTp","TAU1",,,0,"psy vs ctr","msd","Negative","PANSS","PANSS_Negative","Interviewer-rated",11.2,5.5,25,12.8,6,30,,,,,,,,,,,,,,,36,38,74,2010,"post",,"26","Individual",,,"UK",0,"high-income","very high",0.913,"European",36.88,0.3784,"Outpatient","Other",,"PANSS",,"Anxiety, Depression, Suicidal Ideation, Self-Esteem, Social & Ocupational Functioning",6,7,"Mid",0,0,"Stable",,"Some Concern","Low Risk","Low Risk","Low Risk","Some Concern","Some Concern","Peters_2010_msd_PANSS_Negative_post_NA_Interviewer-rated_CBTp_TAU1_NA_NA",-0.272930558523276,0.27208491378275,,,,,,
"Peters,2010","Peters, E., Landau, S., McCrone, P., Cooke, M., Fisher, P., Steel, C., Evans, R., Carswell, K., Dawson, K., & Williams, S. (2010). A randomised controlled trial of cognitive behaviour therapy for psychosis in a routine clinical service. Acta Psychiatrica Scandinavica, 122(4), 302-318.","CBTp","TAU1",,,0,"psy vs ctr","msd","Positive","PANSS","PANSS_Positive","Interviewer-rated",15.4,6.4,25,17.4,5.4,30,,,,,,,,,,,,,,,36,38,74,2010,"post",,"26","Individual",,,"UK",0,"high-income","very high",0.913,"European",36.88,0.3784,"Outpatient","Other",,"PANSS",,"Anxiety, Depression, Suicidal Ideation, Self-Esteem, Social & Ocupational Functioning",6,7,"Mid",0,0,"Stable",,"Some Concern","Low Risk","Low Risk","Low Risk","Some Concern","Some Concern","Peters_2010_msd_PANSS_Positive_post_NA_Interviewer-rated_CBTp_TAU1_NA_NA",-0.33564482267686,0.272740257442636,,,,,,
"Peters,2010","Peters, E., Landau, S., McCrone, P., Cooke, M., Fisher, P., Steel, C., Evans, R., Carswell, K., Dawson, K., & Williams, S. (2010). A randomised controlled trial of cognitive behaviour therapy for psychosis in a routine clinical service. Acta Psychiatrica Scandinavica, 122(4), 302-318.","CBTp","TAU1",,,0,"psy vs ctr","msd","Total","PANSS","PANSS_Total","Interviewer-rated",54.6,15.23,25,61.8,17.16,30,,,,,,,,,,,,,,,36,38,74,2010,"post",,"26","Individual",,,"UK",0,"high-income","very high",0.913,"European",36.88,0.3784,"Outpatient","Other",,"PANSS",,"Anxiety, Depression, Suicidal Ideation, Self-Esteem, Social & Ocupational Functioning",6,7,"Mid",0,0,"Stable",,"Some Concern","Low Risk","Low Risk","Low Risk","Some Concern","Some Concern","Peters_2010_msd_PANSS_Total_post_NA_Interviewer-rated_CBTp_TAU1_NA_NA",-0.435054479474003,0.274051060620072,,,,,,
"Kumar,2010","Kumar, D., Zia Ul Haq, M., Dubey, I., Dotivala, K. N., Veqar Siddiqui, S., Prakash, R., Abhishek, P., & Nizamie, S. H. (2010). Effect of meta-cognitive training in the reduction of positive symptoms in schizophrenia. European Journal of Psychotherapy and Counselling, 12(2), 149-158.","MCT","TAU2",,,0,"psy vs ctr","msd","Negative","PANSS","PANSS_Negative","Interviewer-rated",16,7.46,8,18.87,12.63,8,,,,,,,,,,,,,,,8,8,16,2010,"post",,"4","Group",,,"India",1,"lower middle-income","medium",0.572,"South-East Asian",32.28,,"Inpatient","Paranoid schizophrenia","First Admission","ICD-10",,,7.63,6.5,"Mid",0,0,,"Paranoid Schizophrenia","Some Concern","High Risk","High Risk","High Risk","Some Concern","High Risk","Kumar_2010_msd_PANSS_Negative_post_NA_Interviewer-rated_MCT_TAU2_NA_NA",-0.261606302476423,0.50238687539109,,,,,,
"Kumar,2010","Kumar, D., Zia Ul Haq, M., Dubey, I., Dotivala, K. N., Veqar Siddiqui, S., Prakash, R., Abhishek, P., & Nizamie, S. H. (2010). Effect of meta-cognitive training in the reduction of positive symptoms in schizophrenia. European Journal of Psychotherapy and Counselling, 12(2), 149-158.","MCT","TAU2",,,0,"psy vs ctr","msd","Positive","PANSS","PANSS_Positive","Interviewer-rated",17.87,8.58,8,27.25,10.61,8,,,,,,,,,,,,,,,8,8,16,2010,"post",,"4","Group",,,"India",1,"lower middle-income","medium",0.572,"South-East Asian",32.28,,"Inpatient","Paranoid schizophrenia","First Admission","ICD-10",,,7.63,6.5,"Mid",0,0,,"Paranoid Schizophrenia","Some Concern","High Risk","High Risk","High Risk","Some Concern","High Risk","Kumar_2010_msd_PANSS_Positive_post_NA_Interviewer-rated_MCT_TAU2_NA_NA",-0.919140840721271,0.528710430052936,,,,,,
"Kumar,2010","Kumar, D., Zia Ul Haq, M., Dubey, I., Dotivala, K. N., Veqar Siddiqui, S., Prakash, R., Abhishek, P., & Nizamie, S. H. (2010). Effect of meta-cognitive training in the reduction of positive symptoms in schizophrenia. European Journal of Psychotherapy and Counselling, 12(2), 149-158.","MCT","TAU2",,,0,"psy vs ctr","msd","Total","PANSS","PANSS_Total","Interviewer-rated",68.62,21.17,8,82.99,28.32,8,,,,,,,,,,,,,,,8,8,16,2010,"post",,"4","Group",,,"India",1,"lower middle-income","medium",0.572,"South-East Asian",32.28,,"Inpatient","Paranoid schizophrenia","First Admission","ICD-10",,,7.63,6.5,"Mid",0,0,,"Paranoid Schizophrenia","Some Concern","High Risk","High Risk","High Risk","Some Concern","High Risk","Kumar_2010_msd_PANSS_Total_post_NA_Interviewer-rated_MCT_TAU2_NA_NA",-0.543405692914433,0.510218840427816,,,,,,
"Marchira,2019","Marchira, C. R., Supriyanto, I., Sub, i, S., Good, M. J. D., & Good, B. J. (2019). Brief interactive psychoeducation for caregivers of patients with early phase psychosis in Yogyakarta, Indonesia. Early intervention in psychiatry, 13(3), 469-476. https://doi.org/doi:10.1111/eip.12506","PE","TAU2",,,0,"psy vs ctr","msd","Total","BPRS","BPRS_Total","Interviewer-rated",10.76,8.45,50,18.1,16.05,50,,,,,,,,,,,,,,,50,50,100,2019,"post",,,"Group",,,"Indonesia",1,"upper middle-income","high",0.718,"South-East Asian",22.4,0.39,"Outpatient","Psychotic Disorders, Schizophrenia, Schizoaffective Disorders and Delusional disorders","< 1 year","ICD-10",,,,,"Early",1,0,"Acute",,"Some Concern","High Risk","High Risk","High Risk","Some Concern","High Risk","Marchira_2019_msd_BPRS_Total_post_NA_Interviewer-rated_PE_TAU2_NA_NA",-0.567890726571926,0.204052766079043,,,,,,
"Marchira,2019","Marchira, C. R., Supriyanto, I., Sub, i, S., Good, M. J. D., & Good, B. J. (2019). Brief interactive psychoeducation for caregivers of patients with early phase psychosis in Yogyakarta, Indonesia. Early intervention in psychiatry, 13(3), 469-476. https://doi.org/doi:10.1111/eip.12506","PE","TAU2",,,0,"psy vs ctr","msd","Total","PANSS","PANSS_Total","Interviewer-rated",39.88,13.13,50,47.3,21.13,50,,,,,,,,,,,,,,,50,50,100,2019,"post",,,"Group",,,"Indonesia",1,"upper middle-income","high",0.718,"South-East Asian",22.4,0.39,"Outpatient","Psychotic Disorders, Schizophrenia, Schizoaffective Disorders and Delusional disorders","< 1 year","ICD-10",,,,,"Early",1,0,"Acute",,"Some Concern","High Risk","High Risk","High Risk","Some Concern","High Risk","Marchira_2019_msd_PANSS_Total_post_NA_Interviewer-rated_PE_TAU2_NA_NA",-0.418574553547288,0.202211825588095,,,,,,
"Nijman,2023","Nijman, S. A., Pijnenborg, G. H. M., Vermeer, R. R., ee, C. E. R., stra, D. C., Van Der Vorm, D., De Wit-De Visser, A. C., Meins, I. A., Geraets, C. N. W., & Veling, W. (2023). Dynamic Interactive Social Cognition Training in Virtual Reality (DiSCoVR) versus Virtual Reality Relaxation (VRelax) for People with a Psychotic Disorder: A Single-Blind Multicenter Randomized Controlled Trial. Schizophrenia Bulletin, 49(2), 518-530. https://doi.org/doi:10.1093/schbul/sbac166","VR_SST","CC",,,0,"psy vs ctr","msd","Negative","PANSS","PANSS_Negative","Interviewer-rated",14.9,5.7,34,15.2,6.4,34,,,,,,,,,,,,,,,41,40,81,2023,"post",,"8","Individual","16","16","Netherlands",0,"high-income","very high",0.946,"European",37.78,0.3086,"Both","Psychotic Spectrum Disorders",,,,,14.3,11,"Chronic",0,0,,,"Some Concern","High Risk","Some Concern","Low Risk","Some Concern","High Risk","Nijman_2023_msd_PANSS_Negative_post_NA_Interviewer-rated_VR_SST_CC_NA_NA",-0.0489393224034477,0.242572770262415,,,,,,
"Nijman,2023","Nijman, S. A., Pijnenborg, G. H. M., Vermeer, R. R., ee, C. E. R., stra, D. C., Van Der Vorm, D., De Wit-De Visser, A. C., Meins, I. A., Geraets, C. N. W., & Veling, W. (2023). Dynamic Interactive Social Cognition Training in Virtual Reality (DiSCoVR) versus Virtual Reality Relaxation (VRelax) for People with a Psychotic Disorder: A Single-Blind Multicenter Randomized Controlled Trial. Schizophrenia Bulletin, 49(2), 518-530. https://doi.org/doi:10.1093/schbul/sbac166","VR_SST","CC",,,0,"psy vs ctr","msd","Positive","PANSS","PANSS_Positive","Interviewer-rated",15,6.3,34,14.5,5,34,,,,,,,,,,,,,,,41,40,81,2023,"post",,"8","Individual","16","16","Netherlands",0,"high-income","very high",0.946,"European",37.78,0.3086,"Both","Psychotic Spectrum Disorders",,,,,14.3,11,"Chronic",0,0,,,"Some Concern","High Risk","Some Concern","Low Risk","Some Concern","High Risk","Nijman_2023_msd_PANSS_Positive_post_NA_Interviewer-rated_VR_SST_CC_NA_NA",0.0869128569579184,0.242652759191582,,,,,,
"Nijman,2023","Nijman, S. A., Pijnenborg, G. H. M., Vermeer, R. R., ee, C. E. R., stra, D. C., Van Der Vorm, D., De Wit-De Visser, A. C., Meins, I. A., Geraets, C. N. W., & Veling, W. (2023). Dynamic Interactive Social Cognition Training in Virtual Reality (DiSCoVR) versus Virtual Reality Relaxation (VRelax) for People with a Psychotic Disorder: A Single-Blind Multicenter Randomized Controlled Trial. Schizophrenia Bulletin, 49(2), 518-530. https://doi.org/doi:10.1093/schbul/sbac166","VR_SST","CC",,,0,"psy vs ctr","msd","Total","PANSS","PANSS_Total","Interviewer-rated",63.4,13.35,34,60.5,12.05,34,,,,,,,,,,,,,,,41,40,81,2023,"post",,"8","Individual","16","16","Netherlands",0,"high-income","very high",0.946,"European",37.78,0.3086,"Both","Psychotic Spectrum Disorders",,,,,14.3,11,"Chronic",0,0,,,"Some Concern","High Risk","Some Concern","Low Risk","Some Concern","High Risk","Nijman_2023_msd_PANSS_Total_post_NA_Interviewer-rated_VR_SST_CC_NA_NA",0.225446658026841,0.243322677834804,,,,,,
"Jovanović,2022","Jovanović, N., Russo, M., Pemovska, T., Francis, J. J., Arenliu, A., Bajraktarov, S., Džubur Kulenović, A., Injac Stevović, L., Novotni, A., Andrić Petrović, S., Radojičić, T., Ribić, E., Konjufca, J., & Marić, N. P. (2022). Improving treatment of patients with psychosis in low-and-middle-income countries in Southeast Europe: Results from a hybrid effectiveness-implementation, pragmatic, cluster-randomized clinical trial (IMPULSE). Eur Psychiatry, 65(1), e50. https://doi.org/doi:10.1192/j.eurpsy.2022.2302","BSFT","TAU2",,,0,"psy vs ctr","msd","Total","BPRS","BPRS_Total","Interviewer-rated",1.54,0.46,203,1.58,0.46,214,,,,,,,,,,,,,,,236,232,468,2022,"post",,"48","Individual","6",,"Bosnia and Herzegovina, Kosovo*, Montenegro, North Macedonia, and Serbia",1,"upper middle-income","very high",0.799,"European",42.56,0.4573,"Outpatient","Psychotic Spectrum Disorders","Remission","ICD-10",,,,,,0,0,"Remission",,"Low Risk","Low Risk","Low Risk","Low Risk","Some Concern","Some Concern","Jovanović_2022_msd_BPRS_Total_post_NA_Interviewer-rated_BSFT_TAU2_NA_NA",-0.0867992766726945,0.0980207735200902,,,,,,
"van Duin,2021","van Duin, D., de Winter, L., Kroon, H., Veling, W., & van Weeghel, J. (2021). Effects of IPS plus cognitive remediation in early psychosis: 18-month functioning outcomes of a randomized controlled trial. Schizophr Res, 236, 115-122. https://doi.org/doi:10.1016/j.schres.2021.07.025","CR_OT","CC_BF",,,0,"psy vs ctr","msd","Negative","PANSS","PANSS_Negative","Interviewer-rated",12.71,4.97,29,12.5,3.44,28,,,,,,,,,,,,,,,34,39,73,2021,"post",,"24","Individual & Computer-Based","26.1","24","Netherlands",0,"high-income","very high",0.941,"European",26.99,0.2055,"Outpatient","Psychotic Spectrum Disorders","First Episode",,,,2.85,2.33,"Early",1,1,,"First Episode psychosis","Low Risk","Low Risk","Low Risk","Low Risk","Low Risk","Low Risk","vanDuin_2021_msd_PANSS_Negative_post_NA_Interviewer-rated_CR_OT_CC_BF_NA_NA",0.048306576763046,0.264986955154508,,,,,,
"van Duin,2021","van Duin, D., de Winter, L., Kroon, H., Veling, W., & van Weeghel, J. (2021). Effects of IPS plus cognitive remediation in early psychosis: 18-month functioning outcomes of a randomized controlled trial. Schizophr Res, 236, 115-122. https://doi.org/doi:10.1016/j.schres.2021.07.025","CR_OT","CC_BF",,,0,"psy vs ctr","msd","Positive","PANSS","PANSS_Positive","Interviewer-rated",9.86,2.55,29,9.5,2.86,28,,,,,,,,,,,,,,,34,39,73,2021,"post",,"24","Individual & Computer-Based","26.1","24","Netherlands",0,"high-income","very high",0.941,"European",26.99,0.2055,"Outpatient","Psychotic Spectrum Disorders","First Episode",,,,2.85,2.33,"Early",1,1,,"First Episode psychosis","Low Risk","Low Risk","Low Risk","Low Risk","Low Risk","Low Risk","vanDuin_2021_msd_PANSS_Positive_post_NA_Interviewer-rated_CR_OT_CC_BF_NA_NA",0.131185096872956,0.265239943441788,,,,,,
"van Duin,2021","van Duin, D., de Winter, L., Kroon, H., Veling, W., & van Weeghel, J. (2021). Effects of IPS plus cognitive remediation in early psychosis: 18-month functioning outcomes of a randomized controlled trial. Schizophr Res, 236, 115-122. https://doi.org/doi:10.1016/j.schres.2021.07.025","CR_OT","CC_BF",,,0,"psy vs ctr","msd","Total","PANSS","PANSS_Total","Interviewer-rated",46.32,11.3,29,47.5,8.93,28,,,,,,,,,,,,,,,34,39,73,2021,"post",,"24","Individual & Computer-Based","26.1","24","Netherlands",0,"high-income","very high",0.941,"European",26.99,0.2055,"Outpatient","Psychotic Spectrum Disorders","First Episode",,,,2.85,2.33,"Early",1,1,,"First Episode psychosis","Low Risk","Low Risk","Low Risk","Low Risk","Low Risk","Low Risk","vanDuin_2021_msd_PANSS_Total_post_NA_Interviewer-rated_CR_OT_CC_BF_NA_NA",-0.114039445233065,0.265168463629254,,,,,,
"Sönmez,2020","Sönmez, N., Romm, K. L., Østefjells, T., Gr, e, M., Jensen, L. H., Hummelen, B., Tesli, M., Melle, I., & Røssberg, J. I. (2020). Cognitive behavior therapy in early psychosis with a focus on depression and low self-esteem: A randomized controlled trial. Compr Psychiatry, 97, 152157. https://doi.org/doi:10.1016/j.comppsych.2019.152157","CBT","TAU3",,,0,"psy vs ctr","change","Negative","PANSS","PANSS_Negative","Interviewer-rated",,,,,,,8.6,2.7,29,10.7,3,27,,,,,,,,,32,31,63,2020,"post",,"24","Individual","24","26","Norway",0,"high-income","very high",0.963,"European",27.86,0.4127,"Both","Psychotic Spectrum Disorders",,"DSM-IV","Depression","Depression, Self-Esteem",,,,0,0,,"Diagnosable depressive episode within the past year or have a score of five or higher on the Calgary Depression Scale for Schizophrenia(CDSS)","Low Risk","Low Risk","Low Risk","Low Risk","Some Concern","Some Concern","Sönmez_2020_change_PANSS_Negative_post_NA_Interviewer-rated_CBT_TAU3_NA_NA",-0.726970915693955,0.276356505423587,,,,,,
"Sönmez,2020","Sönmez, N., Romm, K. L., Østefjells, T., Gr, e, M., Jensen, L. H., Hummelen, B., Tesli, M., Melle, I., & Røssberg, J. I. (2020). Cognitive behavior therapy in early psychosis with a focus on depression and low self-esteem: A randomized controlled trial. Compr Psychiatry, 97, 152157. https://doi.org/doi:10.1016/j.comppsych.2019.152157","CBT","TAU3",,,0,"psy vs ctr","change","Positive","PANSS","PANSS_Positive","Interviewer-rated",,,,,,,7.7,4.3,29,7.4,2.9,27,,,,,,,,,32,31,63,2020,"post",,"24","Individual","24","26","Norway",0,"high-income","very high",0.963,"European",27.86,0.4127,"Both","Psychotic Spectrum Disorders",,"DSM-IV","Depression","Depression, Self-Esteem",,,,0,0,,"Diagnosable depressive episode within the past year or have a score of five or higher on the Calgary Depression Scale for Schizophrenia(CDSS)","Low Risk","Low Risk","Low Risk","Low Risk","Some Concern","Some Concern","Sönmez_2020_change_PANSS_Positive_post_NA_Interviewer-rated_CBT_TAU3_NA_NA",0.0801059072315332,0.267542002159774,,,,,,
"Khazaal,2015","Khazaal, Y., Chatton, A., Dieben, K., Huguelet, P., Boucherie, M., Monney, G., Lecardeur, L., Salamin, V., Bretel, F., Azoulay, S., Pesenti, E., Krychowski, R., Costa Prata, A., Bartolomei, J., Brazo, P., Traian, A., Charpeaud, T., Murys, E., Poupart, F., Rouvière, S., … Favrod, J. (2015). Reducing Delusional Conviction through a Cognitive-Based Group Training Game: A Multicentre Randomized Controlled Trial. Frontiers in psychiatry, 6, 66. https://doi.org/10.3389/fpsyt.2015.00066","SST","TAU2",,,0,"psy vs ctr","msd","Negative","BPRS","BPRS_Negative","Interviewer-rated",8.1,3.8,86,9.1,3.6,86,,,,,,,,,,,,,,,86,86,172,2015,"post",,"26","Group",,,"Switzerland, France/Monaco, Italy",0,"high-income","very high",0.909,"European",37.05,0.3779,"Outpatient","Psychotic Spectrum Disorders","Persistent positive psychotic symptoms at inclusion","DSM-IV",,,,,,0,0,,"Persistent positive symptoms","Low Risk","Low Risk","Low Risk","Low Risk","Low Risk","Low Risk","Khazaal_2015_msd_BPRS_Negative_post_NA_Interviewer-rated_SST_TAU2_NA_NA",-0.268977924465251,0.153192695769105,,,,,,
"Khazaal,2015","Khazaal, Y., Chatton, A., Dieben, K., Huguelet, P., Boucherie, M., Monney, G., Lecardeur, L., Salamin, V., Bretel, F., Azoulay, S., Pesenti, E., Krychowski, R., Costa Prata, A., Bartolomei, J., Brazo, P., Traian, A., Charpeaud, T., Murys, E., Poupart, F., Rouvière, S., … Favrod, J. (2015). Reducing Delusional Conviction through a Cognitive-Based Group Training Game: A Multicentre Randomized Controlled Trial. Frontiers in psychiatry, 6, 66. https://doi.org/10.3389/fpsyt.2015.00066","SST","TAU2",,,0,"psy vs ctr","msd","Positive","BPRS","BPRS_Positive","Interviewer-rated",9.8,4,86,10.3,4.1,86,,,,,,,,,,,,,,,86,86,172,2015,"post",,"26","Group",,,"Switzerland, France/Monaco, Italy",0,"high-income","very high",0.909,"European",37.05,0.3779,"Outpatient","Psychotic Spectrum Disorders","Persistent positive psychotic symptoms at inclusion","DSM-IV",,,,,,0,0,,"Persistent positive symptoms","Low Risk","Low Risk","Low Risk","Low Risk","Low Risk","Low Risk","Khazaal_2015_msd_BPRS_Positive_post_NA_Interviewer-rated_SST_TAU2_NA_NA",-0.122901959917651,0.152643749027668,,,,,,
"White,2011","White, R., Gumley, A., McTaggart, J., Rattrie, L., McConville, D., Cleare, S., & Mitchell, G. (2011). A feasibility study of Acceptance and Commitment Therapy for emotional dysfunction following psychosis. Behaviour research and therapy, 49(12), 901–907. https://doi.org/10.1016/j.brat.2011.09.003","ACT","TAU2",,,0,"psy vs ctr","msd","Negative","PANSS","PANSS_Negative","Interviewer-rated",12.25,5.03,14,14.3,4.67,10,,,,,,,,,,,,,,,14,13,27,2011,"post",,"13","Individual",,,"UK",0,"high-income","very high",0.909,"European",34.04,0.2143,"Outpatient","Psychotic Spectrum Disorders",,"ICD-10",,"Anxiety, Depression",,,,0,0,"Stable",,"Some Concern","High Risk","High Risk","Low Risk","Some Concern","High Risk","White_2011_msd_PANSS_Negative_post_NA_Interviewer-rated_ACT_TAU2_NA_NA",-0.405103752940026,0.418444835995747,,,,,,
"White,2011","White, R., Gumley, A., McTaggart, J., Rattrie, L., McConville, D., Cleare, S., & Mitchell, G. (2011). A feasibility study of Acceptance and Commitment Therapy for emotional dysfunction following psychosis. Behaviour research and therapy, 49(12), 901–907. https://doi.org/10.1016/j.brat.2011.09.003","ACT","TAU2",,,0,"psy vs ctr","msd","Positive","PANSS","PANSS_Positive","Interviewer-rated",9.75,3.6,14,11.7,4.72,10,,,,,,,,,,,,,,,14,13,27,2011,"post",,"13","Individual",,,"UK",0,"high-income","very high",0.909,"European",34.04,0.2143,"Outpatient","Psychotic Spectrum Disorders",,"ICD-10",,"Anxiety, Depression",,,,0,0,"Stable",,"Some Concern","High Risk","High Risk","Low Risk","Some Concern","High Risk","White_2011_msd_PANSS_Positive_post_NA_Interviewer-rated_ACT_TAU2_NA_NA",-0.459728339617437,0.41970444941214,,,,,,
"Shen,2023","Shen, H., Zhang, L., Li, Y., Zheng, D., Du, L., Xu, F., Xu, C., Liu, Y., Shen, J., Li, Z., & Cui, D. (2023). Mindfulness-based intervention improves residual negative symptoms and cognitive impairment in schizophrenia: a randomized controlled follow-up study. Psychological medicine, 53(4), 1390–1399. https://doi.org/10.1017/S0033291721002944","MBI","BF",,,0,"psy vs ctr","msd","Negative","PANSS","PANSS_Negative","Interviewer-rated",15.38,3.12,48,17.02,3.97,48,,,,,,,,,,,,,,,50,50,100,2024,"post",,"6","Group","30","30","China",1,"upper middle-income","high",0.788,"Western Pacific",59.5,0.32,"Inpatient","Schizophrenia",,,,"Anxiety, Depression",33.04,33.84,"Chronic",0,0,,"Remission","Low Risk","Low Risk","Low Risk","Low Risk","Some Concern","Some Concern","Shen_2023_msd_PANSS_Negative_post_NA_Interviewer-rated_MBI_BF_NA_NA",-0.45565952670827,0.206798360773533,,,,,,
"Shen,2023","Shen, H., Zhang, L., Li, Y., Zheng, D., Du, L., Xu, F., Xu, C., Liu, Y., Shen, J., Li, Z., & Cui, D. (2023). Mindfulness-based intervention improves residual negative symptoms and cognitive impairment in schizophrenia: a randomized controlled follow-up study. Psychological medicine, 53(4), 1390–1399. https://doi.org/10.1017/S0033291721002944","MBI","BF",,,0,"psy vs ctr","msd","Positive","PANSS","PANSS_Positive","Interviewer-rated",10.2,3.86,48,10.5,4.18,48,,,,,,,,,,,,,,,50,50,100,2024,"post",,"6","Group","30","30","China",1,"upper middle-income","high",0.788,"Western Pacific",59.5,0.32,"Inpatient","Schizophrenia",,,,"Anxiety, Depression",33.04,33.84,"Chronic",0,0,,"Remission","Low Risk","Low Risk","Low Risk","Low Risk","Some Concern","Some Concern","Shen_2023_msd_PANSS_Positive_post_NA_Interviewer-rated_MBI_BF_NA_NA",-0.0739712842651521,0.20419507065352,,,,,,
"Shen,2023","Shen, H., Zhang, L., Li, Y., Zheng, D., Du, L., Xu, F., Xu, C., Liu, Y., Shen, J., Li, Z., & Cui, D. (2023). Mindfulness-based intervention improves residual negative symptoms and cognitive impairment in schizophrenia: a randomized controlled follow-up study. Psychological medicine, 53(4), 1390–1399. https://doi.org/10.1017/S0033291721002944","MBI","BF",,,0,"psy vs ctr","msd","Total","PANSS","PANSS_Total","Interviewer-rated",53.06,9.35,48,57.56,10.07,48,,,,,,,,,,,,,,,50,50,100,2024,"post",,"6","Group","30","30","China",1,"upper middle-income","high",0.788,"Western Pacific",59.5,0.32,"Inpatient","Schizophrenia",,,,"Anxiety, Depression",33.04,33.84,"Chronic",0,0,,"Remission","Low Risk","Low Risk","Low Risk","Low Risk","Some Concern","Some Concern","Shen_2023_msd_PANSS_Total_post_NA_Interviewer-rated_MBI_BF_NA_NA",-0.459416593338891,0.20684235120983,,,,,,
"Xue,2024","Xue, T., Sheng, J., Gao, H., Gu, Y., Dai, J., Yang, X., Peng, H., Gao, H., Lu, R., Shen, Y., Wang, L., Wang, L., Shi, Y., Li, Z., & Cui, D. (2024). Eight‐month intensive meditation‐based intervention improves refractory hallucinations and delusions and quality of life in male inpatients with schizophrenia: A randomized controlled trial. Psychiatry and Clinical Neurosciences. https://doi.org/doi:10.1111/pcn.13641","MBI","BF_SC",,,0,"psy vs ctr","msd","Negative","PANSS","PANSS_Negative","Interviewer-rated",20.34,6.55,32,23.72,7.47,32,,,,,,,,,,,,,,,32,32,64,2024,"post",,"32","Group","243","243","China",1,"upper middle-income","high",0.788,"Western Pacific",58.35,0,"Inpatient","Schizophrenia","≥ 5 years","DSM-IV-TR",,,26.79,32.5,"Chronic",0,0,"Stable",,"Some Concern","Low Risk","Low Risk","Low Risk","Some Concern","Some Concern","Xue_2024_msd_PANSS_Negative_post_NA_Interviewer-rated_MBI_BF_SC_NA_NA",-0.475289822495044,0.253591229466266,,,,,,
"Xue,2024","Xue, T., Sheng, J., Gao, H., Gu, Y., Dai, J., Yang, X., Peng, H., Gao, H., Lu, R., Shen, Y., Wang, L., Wang, L., Shi, Y., Li, Z., & Cui, D. (2024). Eight‐month intensive meditation‐based intervention improves refractory hallucinations and delusions and quality of life in male inpatients with schizophrenia: A randomized controlled trial. Psychiatry and Clinical Neurosciences. https://doi.org/doi:10.1111/pcn.13641","MBI","BF_SC",,,0,"psy vs ctr","msd","Positive","PANSS","PANSS_Positive","Interviewer-rated",19.84,4.87,32,24.19,5.12,32,,,,,,,,,,,,,,,32,32,64,2024,"post",,"32","Group","243","243","China",1,"upper middle-income","high",0.788,"Western Pacific",58.35,0,"Inpatient","Schizophrenia","≥ 5 years","DSM-IV-TR",,,26.79,32.5,"Chronic",0,0,"Stable",,"Some Concern","Low Risk","Low Risk","Low Risk","Some Concern","Some Concern","Xue_2024_msd_PANSS_Positive_post_NA_Interviewer-rated_MBI_BF_SC_NA_NA",-0.860024238124096,0.261574878911066,,,,,,
"Xue,2024","Xue, T., Sheng, J., Gao, H., Gu, Y., Dai, J., Yang, X., Peng, H., Gao, H., Lu, R., Shen, Y., Wang, L., Wang, L., Shi, Y., Li, Z., & Cui, D. (2024). Eight‐month intensive meditation‐based intervention improves refractory hallucinations and delusions and quality of life in male inpatients with schizophrenia: A randomized controlled trial. Psychiatry and Clinical Neurosciences. https://doi.org/doi:10.1111/pcn.13641","MBI","BF_SC",,,0,"psy vs ctr","msd","Total","PANSS","PANSS_Total","Interviewer-rated",76.03,14.19,32,87.97,14.74,32,,,,,,,,,,,,,,,32,32,64,2024,"post",,"32","Group","243","243","China",1,"upper middle-income","high",0.788,"Western Pacific",58.35,0,"Inpatient","Schizophrenia","≥ 5 years","DSM-IV-TR",,,26.79,32.5,"Chronic",0,0,"Stable",,"Some Concern","Low Risk","Low Risk","Low Risk","Some Concern","Some Concern","Xue_2024_msd_PANSS_Total_post_NA_Interviewer-rated_MBI_BF_SC_NA_NA",-0.815267803925455,0.260424926290604,,,,,,
"Rodríguez Pulido,2023","Rodríguez Pulido, F., Caballero Estebaranz, N., García Caballero, A. A., González Dávila, E., León Palacín, C., Hernández Álvarez de Sotomayor, M. D. C., López Reig, S., & Vílchez de León, P. I. (2023). Social cognition and emotional rehabilitation in participants with schizofrenia. Frontiers in Psychiatry, 14. https://doi.org/doi:10.3389/fpsyt.2023.1250933","CRSS","TAU2",,,0,"psy vs ctr","msd","Negative","PANSS","PANSS_Negative","Interviewer-rated",18.6,4.77,6,23.44,5.94,9,,,,,,,,,,,,,,,22,28,50,2023,"post",,"12","Individual & Computer-Based","12",,"Spain",0,"high-income","very high",0.911,"European",44.1,0.24,"Outpatient","Schizophrenia",,"DSM-V",,,21.8,20.1,"Chronic",0,0,"Stable",,"Some Concern","High Risk","Low Risk","Low Risk","High Risk","High Risk","RodríguezPulido_2023_msd_PANSS_Negative_post_NA_Interviewer-rated_CRSS_TAU2_NA_NA",-0.82531976675958,0.550826375948456,,,,,,
"Rodríguez Pulido,2023","Rodríguez Pulido, F., Caballero Estebaranz, N., García Caballero, A. A., González Dávila, E., León Palacín, C., Hernández Álvarez de Sotomayor, M. D. C., López Reig, S., & Vílchez de León, P. I. (2023). Social cognition and emotional rehabilitation in participants with schizofrenia. Frontiers in Psychiatry, 14. https://doi.org/doi:10.3389/fpsyt.2023.1250933","CRSS","TAU2",,,0,"psy vs ctr","msd","Positive","PANSS","PANSS_Positive","Interviewer-rated",14.8,6.38,6,19.56,9.15,9,,,,,,,,,,,,,,,22,28,50,2023,"post",,"12","Individual & Computer-Based","12",,"Spain",0,"high-income","very high",0.911,"European",44.1,0.24,"Outpatient","Schizophrenia",,"DSM-V",,,21.8,20.1,"Chronic",0,0,"Stable",,"Some Concern","High Risk","Low Risk","Low Risk","High Risk","High Risk","RodríguezPulido_2023_msd_PANSS_Positive_post_NA_Interviewer-rated_CRSS_TAU2_NA_NA",-0.546597275673365,0.537606270195364,,,,,,
"Rodríguez Pulido,2023","Rodríguez Pulido, F., Caballero Estebaranz, N., García Caballero, A. A., González Dávila, E., León Palacín, C., Hernández Álvarez de Sotomayor, M. D. C., López Reig, S., & Vílchez de León, P. I. (2023). Social cognition and emotional rehabilitation in participants with schizofrenia. Frontiers in Psychiatry, 14. https://doi.org/doi:10.3389/fpsyt.2023.1250933","CRSS","TAU2",,,0,"psy vs ctr","msd","Total","PANSS","PANSS_Total","Interviewer-rated",66.6,10.87,6,92.89,24.03,9,,,,,,,,,,,,,,,22,28,50,2023,"post",,"12","Individual & Computer-Based","12",,"Spain",0,"high-income","very high",0.911,"European",44.1,0.24,"Outpatient","Schizophrenia",,"DSM-V",,,21.8,20.1,"Chronic",0,0,"Stable",,"Some Concern","High Risk","Low Risk","Low Risk","High Risk","High Risk","RodríguezPulido_2023_msd_PANSS_Total_post_NA_Interviewer-rated_CRSS_TAU2_NA_NA",-1.23595161959828,0.579017094894595,,,,,,
"Shi,2023","Shi, J. Y., Cao, Y. M., Luo, H. Y., Liu, S., Yang, F. M., & Wang, Z. H. (2023). Effect of a group-based acceptance and commitment therapy (ACT) intervention on self-esteem and psychological flexibility in patients with schizophrenia in remission. Schizophr Res, 255, 213-221. https://doi.org/doi:10.1016/j.schres.2023.03.042","ACT","TAU3",,,0,"psy vs ctr","msd","Negative","PANSS","PANSS_Negative","Interviewer-rated",8.38,2.4,30,10.37,3.66,30,,,,,,,,,,,,,,,32,30,62,2023,"post",,"5","Group","10",,"China",1,"upper middle-income","high",0.788,"Western Pacific",34.16,,"Outpatient","Schizophrenia","< 10 years","ICD-10",,"Self-Esteem",,,,0,0,,,"Some Concern","Some Concern","Low Risk","High Risk","Some Concern","High Risk","Shi_2023_msd_PANSS_Negative_post_NA_Interviewer-rated_ACT_TAU3_NA_NA",-0.634662826443443,0.264787124530918,,,,,,
"Shi,2023","Shi, J. Y., Cao, Y. M., Luo, H. Y., Liu, S., Yang, F. M., & Wang, Z. H. (2023). Effect of a group-based acceptance and commitment therapy (ACT) intervention on self-esteem and psychological flexibility in patients with schizophrenia in remission. Schizophr Res, 255, 213-221. https://doi.org/doi:10.1016/j.schres.2023.03.042","ACT","TAU3",,,0,"psy vs ctr","msd","Positive","PANSS","PANSS_Positive","Interviewer-rated",7.53,2.18,30,7.73,1.1,30,,,,,,,,,,,,,,,32,30,62,2023,"post",,"5","Group","10",,"China",1,"upper middle-income","high",0.788,"Western Pacific",34.16,,"Outpatient","Schizophrenia","< 10 years","ICD-10",,"Self-Esteem",,,,0,0,,,"Some Concern","Some Concern","Low Risk","High Risk","Some Concern","High Risk","Shi_2023_msd_PANSS_Positive_post_NA_Interviewer-rated_ACT_TAU3_NA_NA",-0.114329237354458,0.258415321653047,,,,,,
"Shi,2023","Shi, J. Y., Cao, Y. M., Luo, H. Y., Liu, S., Yang, F. M., & Wang, Z. H. (2023). Effect of a group-based acceptance and commitment therapy (ACT) intervention on self-esteem and psychological flexibility in patients with schizophrenia in remission. Schizophr Res, 255, 213-221. https://doi.org/doi:10.1016/j.schres.2023.03.042","ACT","TAU3",,,0,"psy vs ctr","msd","Total","PANSS","PANSS_Total","Interviewer-rated",34.83,5.88,30,39.03,8.23,30,,,,,,,,,,,,,,,32,30,62,2023,"post",,"5","Group","10",,"China",1,"upper middle-income","high",0.788,"Western Pacific",34.16,,"Outpatient","Schizophrenia","< 10 years","ICD-10",,"Self-Esteem",,,,0,0,,,"Some Concern","Some Concern","Low Risk","High Risk","Some Concern","High Risk","Shi_2023_msd_PANSS_Total_post_NA_Interviewer-rated_ACT_TAU3_NA_NA",-0.57960729602599,0.26370506611862,,,,,,
"Acuña,2022","Acuña, V., Otto, A., Cavieres, A., & Villalobos, H. (2022). Efficacy of Metacognitive Training in a Chilean Sample of People with Schizophrenia. Revista Colombiana de Psiquiatria, 51(4), 301-308. https://doi.org/doi:10.1016/j.rcp.2020.12.006","MCT","TAU1",,,0,"psy vs ctr","msd","Negative","PANSS","PANSS_Negative","Interviewer-rated",12.14,4.09,25,14.76,6.45,21,,,,,,,,,,,,,,,25,25,50,2022,"post",,"10","Group","10",,"Chile",0,"high-income","very high",0.86,"Americas",26.62,0.3043,"Outpatient","Schizophrenia",,"DSM-V",,,,,,0,0,,,"Some Concern","High Risk","High Risk","Low Risk","Some Concern","High Risk","Acuña_2022_msd_PANSS_Negative_post_NA_Interviewer-rated_MCT_TAU1_NA_NA",-0.486344664208789,0.300467146372262,,,,,,
"Acuña,2022","Acuña, V., Otto, A., Cavieres, A., & Villalobos, H. (2022). Efficacy of Metacognitive Training in a Chilean Sample of People with Schizophrenia. Revista Colombiana de Psiquiatria, 51(4), 301-308. https://doi.org/doi:10.1016/j.rcp.2020.12.006","MCT","TAU1",,,0,"psy vs ctr","msd","Positive","PANSS","PANSS_Positive","Interviewer-rated",7.77,1.45,25,10.62,4.53,21,,,,,,,,,,,,,,,25,25,50,2022,"post",,"10","Group","10",,"Chile",0,"high-income","very high",0.86,"Americas",26.62,0.3043,"Outpatient","Schizophrenia",,"DSM-V",,,,,,0,0,,,"Some Concern","High Risk","High Risk","Low Risk","Some Concern","High Risk","Acuña_2022_msd_PANSS_Positive_post_NA_Interviewer-rated_MCT_TAU1_NA_NA",-0.865503060024229,0.309915960849158,,,,,,
"Acuña,2022","Acuña, V., Otto, A., Cavieres, A., & Villalobos, H. (2022). Efficacy of Metacognitive Training in a Chilean Sample of People with Schizophrenia. Revista Colombiana de Psiquiatria, 51(4), 301-308. https://doi.org/doi:10.1016/j.rcp.2020.12.006","MCT","TAU1",,,0,"psy vs ctr","msd","Total","PANSS","PANSS_Total","Interviewer-rated",40.27,6.36,25,49,10.45,21,,,,,,,,,,,,,,,25,25,50,2022,"post",,"10","Group","10",,"Chile",0,"high-income","very high",0.86,"Americas",26.62,0.3043,"Outpatient","Schizophrenia",,"DSM-V",,,,,,0,0,,,"Some Concern","High Risk","High Risk","Low Risk","Some Concern","High Risk","Acuña_2022_msd_PANSS_Total_post_NA_Interviewer-rated_MCT_TAU1_NA_NA",-1.01330989448301,0.314916831529568,,,,,,
"Aivalioti,2022","Aivalioti, E. I., Simos, P., Basta, M., & Vgontzas, A. N. (2022). Brief Solution Focused Therapy on schizophrenia: A preliminary study of family characteristics and psychopathology. Psychiatrike = Psychiatriki. https://doi.org/doi:10.22365/jpsych.2022.085","BSFT","TAU1",,,0,"psy vs ctr","msd","Total","BPRS","BPRS_Total","Interviewer-rated",28.8,4.5,15,62.7,9.9,15,,,,,,,,,,,,,,,15,15,30,2022,"post",,"13","Individual","5",,"Greece",0,"high-income","very high",0.893,"European",47.25,0.4,"Both","Schizophrenia",,,,,,,,0,0,,,"Some Concern","Some Concern","Low Risk","High Risk","Some Concern","High Risk","Aivalioti_2022_msd_BPRS_Total_post_NA_Interviewer-rated_BSFT_TAU1_NA_NA",-4.28939988102576,0.676206477642654,,,,,,
"Fekete,2022","Fekete, Z., Vass, E., Balajthy, R., Tana, Ü., Nagy, A. C., Oláh, B., Domján, N., & Kuritárné, I. S. (2022). Efficacy of metacognitive training on symptom severity, neurocognition and social cognition in patients with schizophrenia: A single-blind randomized controlled trial. Scand J Psychol, 63(4), 321-333. https://doi.org/doi:10.1111/sjop.12811","MCT","TAU2",,,0,"psy vs ctr","msd","Negative","PANSS","PANSS_Negative","Interviewer-rated",19.09,7.4,23,20.44,6.74,16,,,,,,,,,,,,,,,23,23,46,2022,"post",,"16","Group","16",,"Hungary",0,"high-income","very high",0.851,"European",41,0.52,"Outpatient","Schizophrenia",,"DSM-V",,,16.16,11.32,"Chronic",0,0,"Remission",,"Some Concern","High Risk","High Risk","Low Risk","Some Concern","High Risk","Fekete_2022_msd_PANSS_Negative_post_NA_Interviewer-rated_MCT_TAU2_NA_NA",-0.185222403718246,0.326246250581754,,,,,,
"Fekete,2022","Fekete, Z., Vass, E., Balajthy, R., Tana, Ü., Nagy, A. C., Oláh, B., Domján, N., & Kuritárné, I. S. (2022). Efficacy of metacognitive training on symptom severity, neurocognition and social cognition in patients with schizophrenia: A single-blind randomized controlled trial. Scand J Psychol, 63(4), 321-333. https://doi.org/doi:10.1111/sjop.12811","MCT","TAU2",,,0,"psy vs ctr","msd","Positive","PANSS","PANSS_Positive","Interviewer-rated",16.57,7.2,23,21.13,6.53,16,,,,,,,,,,,,,,,23,23,46,2022,"post",,"16","Group","16",,"Hungary",0,"high-income","very high",0.851,"European",41,0.52,"Outpatient","Schizophrenia",,"DSM-V",,,16.16,11.32,"Chronic",0,0,"Remission",,"Some Concern","High Risk","High Risk","Low Risk","Some Concern","High Risk","Fekete_2022_msd_PANSS_Positive_post_NA_Interviewer-rated_MCT_TAU2_NA_NA",-0.644005319800215,0.333945108375905,,,,,,
"Fekete,2022","Fekete, Z., Vass, E., Balajthy, R., Tana, Ü., Nagy, A. C., Oláh, B., Domján, N., & Kuritárné, I. S. (2022). Efficacy of metacognitive training on symptom severity, neurocognition and social cognition in patients with schizophrenia: A single-blind randomized controlled trial. Scand J Psychol, 63(4), 321-333. https://doi.org/doi:10.1111/sjop.12811","MCT","TAU2",,,0,"psy vs ctr","msd","Total","PANSS","PANSS_Total","Interviewer-rated",69.17,20.44,23,81.88,16.41,16,,,,,,,,,,,,,,,23,23,46,2022,"post",,"16","Group","16",,"Hungary",0,"high-income","very high",0.851,"European",41,0.52,"Outpatient","Schizophrenia",,"DSM-V",,,16.16,11.32,"Chronic",0,0,"Remission",,"Some Concern","High Risk","High Risk","Low Risk","Some Concern","High Risk","Fekete_2022_msd_PANSS_Total_post_NA_Interviewer-rated_MCT_TAU2_NA_NA",-0.658413662825955,0.334320280766569,,,,,,
"Zhu,2021","Zhu, X., Song, H., Chang, R., Chen, B., Song, Y., Liu, J., & Wang, K. (2021). Combining compensatory cognitive training and medication self-management skills training, in inpatients with schizophrenia: A three-arm parallel, single-blind, randomized controlled trial. Gen Hosp Psychiatry, 69, 94-103. https://doi.org/doi:10.1016/j.genhosppsych.2020.12.012","CR_PE","CR","CR_PE","CR",1,"psy vs psy","msd","Negative","PANSS","PANSS_Negative","Interviewer-rated",10,4.95,26,11,3.55,24,,,,,,,,,,,,,,,32,29,61,2021,"post",,"12","Group","8","8","China",1,"upper middle-income","high",0.785,"Western Pacific",31.04,0.1204,"Inpatient","Schizophrenia","Recovery Stage
Syndrome Scale (PANSS) score ≤80","ICD-10",,"Alcohol/Tobacco use",11,10,"Chronic",0,0,,,"Some Concern","Low Risk","Some Concern","Low Risk","Some Concern","High Risk","Zhu_2021_msd_PANSS_Negative_post_NA_Interviewer-rated_CR_PE_CR_CR_PE_CR",-0.227007781677173,0.284007232712812,,,,,,
"Zhu,2021","Zhu, X., Song, H., Chang, R., Chen, B., Song, Y., Liu, J., & Wang, K. (2021). Combining compensatory cognitive training and medication self-management skills training, in inpatients with schizophrenia: A three-arm parallel, single-blind, randomized controlled trial. Gen Hosp Psychiatry, 69, 94-103. https://doi.org/doi:10.1016/j.genhosppsych.2020.12.012","CR_PE","CR","CR_PE","CR",1,"psy vs psy","msd","Positive","PANSS","PANSS_Positive","Interviewer-rated",10,4.95,26,12,5.92,24,,,,,,,,,,,,,,,32,29,61,2021,"post",,"12","Group","8","8","China",1,"upper middle-income","high",0.785,"Western Pacific",31.04,0.1204,"Inpatient","Schizophrenia","Recovery Stage
Syndrome Scale (PANSS) score ≤80","ICD-10",,"Alcohol/Tobacco use",11,10,"Chronic",0,0,,,"Some Concern","Low Risk","Some Concern","Low Risk","Some Concern","High Risk","Zhu_2021_msd_PANSS_Positive_post_NA_Interviewer-rated_CR_PE_CR_CR_PE_CR",-0.362110045034569,0.285449862240869,,,,,,
"Au,2021","Au, R. W. C., Sezto, H. N. W., Lam, V. W. M., Wan, Y. T., Poon, L. T., Pang, P. F., & Wong, J. K. K. (2021). Brief report: A randomized controlled trial of a compensatory cognitive training to improve prospective memory performance in people with schizophrenia or depression. Psychiatry Res, 300, 113914. https://doi.org/doi:10.1016/j.psychres.2021.113914","MCT","OT",,,0,"psy vs ctr","msd","Total","BPRS-E","BPRS-E_Total","Interviewer-rated",53.3,6.46,23,53.9,8.32,17,,,,,,,,,,,,,,,24,24,48,2021,"post",,,"Group",,,"Hong Kong",0,"high-income","very high",0.959,"Western Pacific",41.42,0.475,"Outpatient","Schizophrenia",,"ICD-10",,,14,14.6,"Chronic",0,0,"Stable",,"Some Concern","High Risk","High Risk","High Risk","High Risk","High Risk","Au_2021_msd_BPRS-E_Total_post_NA_Interviewer-rated_MCT_OT_NA_NA",-0.0805462316335639,0.319978448459925,,,,,,
"Rocha,2021","Rocha, N. B., Campos, C., Figueiredo, J. M., Saraiva, S., Almeida, C., Moreira, C., Pereira, G., Telles-Correia, D., & Roberts, D. (2021). Social cognition and interaction training for recent-onset schizophrenia: A preliminary randomized trial. Early Interv Psychiatry, 15(1), 206-212. https://doi.org/doi:10.1111/eip.12944","SST","PE",,,0,"psy vs ctr","change","Negative","PANSS","PANSS_Negative","Interviewer-rated",,,,,,,3.5,3.27,6,0,5.339,5,,,,,,,,,9,7,16,2021,"post",,"20","Group","20",,"Portugal",0,"high-income","very high",0.865,"European",28.36,0.909,"Outpatient","Schizophrenia","First Episode","DSM-IV",,,,,"Early",1,1,"Stable","First Episode psychosis","Some Concern","High Risk","High Risk","High Risk","Some Concern","High Risk","Rocha_2021_change_PANSS_Negative_post_NA_Interviewer-rated_SST_PE_NA_NA",0.741795735357535,0.629752396451588,,,,,,
"Rocha,2021","Rocha, N. B., Campos, C., Figueiredo, J. M., Saraiva, S., Almeida, C., Moreira, C., Pereira, G., Telles-Correia, D., & Roberts, D. (2021). Social cognition and interaction training for recent-onset schizophrenia: A preliminary randomized trial. Early Interv Psychiatry, 15(1), 206-212. https://doi.org/doi:10.1111/eip.12944","SST","PE",,,0,"psy vs ctr","change","Positive","PANSS","PANSS_Positive","Interviewer-rated",,,,,,,1.83,2.48,6,-1,3.536,5,,,,,,,,,9,7,16,2021,"post",,"20","Group","20",,"Portugal",0,"high-income","very high",0.865,"European",28.36,0.909,"Outpatient","Schizophrenia","First Episode","DSM-IV",,,,,"Early",1,1,"Stable","First Episode psychosis","Some Concern","High Risk","High Risk","High Risk","Some Concern","High Risk","Rocha_2021_change_PANSS_Positive_post_NA_Interviewer-rated_SST_PE_NA_NA",0.863729058414842,0.63814830377455,,,,,,
"Rocha,2021","Rocha, N. B., Campos, C., Figueiredo, J. M., Saraiva, S., Almeida, C., Moreira, C., Pereira, G., Telles-Correia, D., & Roberts, D. (2021). Social cognition and interaction training for recent-onset schizophrenia: A preliminary randomized trial. Early Interv Psychiatry, 15(1), 206-212. https://doi.org/doi:10.1111/eip.12944","SST","PE",,,0,"psy vs ctr","change","Total","PANSS","PANSS_Total","Interviewer-rated",,,,,,,13.17,13.57,6,1.4,13.96,5,,,,,,,,,9,7,16,2021,"post",,"20","Group","20",,"Portugal",0,"high-income","very high",0.865,"European",28.36,0.909,"Outpatient","Schizophrenia","First Episode","DSM-IV",,,,,"Early",1,1,"Stable","First Episode psychosis","Some Concern","High Risk","High Risk","High Risk","Some Concern","High Risk","Rocha_2021_change_PANSS_Total_post_NA_Interviewer-rated_SST_PE_NA_NA",0.782930379163809,0.632454378901549,,,,,,
"Zhu,2021","Zhu, X., Song, H., Chang, R., Chen, B., Song, Y., Liu, J., & Wang, K. (2021). Combining compensatory cognitive training and medication self-management skills training, in inpatients with schizophrenia: A three-arm parallel, single-blind, randomized controlled trial. Gen Hosp Psychiatry, 69, 94-103. https://doi.org/doi:10.1016/j.genhosppsych.2020.12.012","CR_PE","TAU1","CR_PE","TAU1",1,"psy vs ctr","msd","Negative","PANSS","PANSS_Negative","Interviewer-rated",10,4.95,26,13,3.38,22,,,,,,,,,,,,,,,32,26,58,2021,"post",,"12","Group","8",,"China",1,"upper middle-income","high",0.785,"Western Pacific",32.46,0.1208,"Inpatient","Schizophrenia","Recovery Stage
Syndrome Scale (PANSS) score ≤80","ICD-10",,"Alcohol/Tobacco use",11,7,"Chronic",0,0,,,"Some Concern","Low Risk","Some Concern","Low Risk","Some Concern","High Risk","Zhu_2021_msd_PANSS_Negative_post_NA_Interviewer-rated_CR_PE_TAU1_CR_PE_TAU1",-0.685457899244787,0.298286580133585,,,,,,
"Zhu,2021","Zhu, X., Song, H., Chang, R., Chen, B., Song, Y., Liu, J., & Wang, K. (2021). Combining compensatory cognitive training and medication self-management skills training, in inpatients with schizophrenia: A three-arm parallel, single-blind, randomized controlled trial. Gen Hosp Psychiatry, 69, 94-103. https://doi.org/doi:10.1016/j.genhosppsych.2020.12.012","CR_PE","TAU1","CR_PE","TAU1",1,"psy vs ctr","msd","Positive","PANSS","PANSS_Positive","Interviewer-rated",10,4.95,26,15,6.77,22,,,,,,,,,,,,,,,32,26,58,2021,"post",,"12","Group","8",,"China",1,"upper middle-income","high",0.785,"Western Pacific",32.46,0.1208,"Inpatient","Schizophrenia","Recovery Stage
Syndrome Scale (PANSS) score ≤80","ICD-10",,"Alcohol/Tobacco use",11,7,"Chronic",0,0,,,"Some Concern","Low Risk","Some Concern","Low Risk","Some Concern","High Risk","Zhu_2021_msd_PANSS_Positive_post_NA_Interviewer-rated_CR_PE_TAU1_CR_PE_TAU1",-0.84047092520193,0.302525447123258,,,,,,
"Zhu,2021","Zhu, X., Song, H., Chang, R., Chen, B., Song, Y., Liu, J., & Wang, K. (2021). Combining compensatory cognitive training and medication self-management skills training, in inpatients with schizophrenia: A three-arm parallel, single-blind, randomized controlled trial. Gen Hosp Psychiatry, 69, 94-103. https://doi.org/doi:10.1016/j.genhosppsych.2020.12.012","CR","TAU1","CR","TAU1",1,"psy vs ctr","msd","Negative","PANSS","PANSS_Negative","Interviewer-rated",11,3.55,24,13,3.38,22,,,,,,,,,,,,,,,29,26,55,2021,"post",,"12","Group","8",,"China",1,"upper middle-income","high",0.785,"Western Pacific",31.43,0.11,"Inpatient","Schizophrenia","Recovery Stage
Syndrome Scale (PANSS) score ≤80","ICD-10",,"Alcohol/Tobacco use",10,7,"Chronic",0,0,,,"Some Concern","Low Risk","Some Concern","Low Risk","Some Concern","High Risk","Zhu_2021_msd_PANSS_Negative_post_NA_Interviewer-rated_CR_TAU1_CR_TAU1",-0.566504145807822,0.301218020499021,,,,,,
"Zhu,2021","Zhu, X., Song, H., Chang, R., Chen, B., Song, Y., Liu, J., & Wang, K. (2021). Combining compensatory cognitive training and medication self-management skills training, in inpatients with schizophrenia: A three-arm parallel, single-blind, randomized controlled trial. Gen Hosp Psychiatry, 69, 94-103. https://doi.org/doi:10.1016/j.genhosppsych.2020.12.012","CR","TAU1","CR","TAU1",1,"psy vs ctr","msd","Positive","PANSS","PANSS_Positive","Interviewer-rated",12,5.92,24,15,6.77,22,,,,,,,,,,,,,,,29,26,55,2021,"post",,"12","Group","8",,"China",1,"upper middle-income","high",0.785,"Western Pacific",31.43,0.11,"Inpatient","Schizophrenia","Recovery Stage
Syndrome Scale (PANSS) score ≤80","ICD-10",,"Alcohol/Tobacco use",10,7,"Chronic",0,0,,,"Some Concern","Low Risk","Some Concern","Low Risk","Some Concern","High Risk","Zhu_2021_msd_PANSS_Positive_post_NA_Interviewer-rated_CR_TAU1_CR_TAU1",-0.465080708455018,0.299257463931598,,,,,,
"Böge,2021","Böge, K., Hahne, I., Bergmann, N., Wingenfeld, K., Zierhut, M., Thomas, N., Ta, T. M. T., Bajbouj, M., & Hahn, E. (2021). Mindfulness-based group therapy for in-patients with schizophrenia spectrum disorders - Feasibility, acceptability, and preliminary outcomes of a rater-blinded randomized controlled trial. Schizophr Res, 228, 134-144. https://doi.org/doi:10.1016/j.schres.2020.12.008","MBI","TAU3",,,0,"psy vs ctr","msd","Negative","PANSS","PANSS_Negative","Interviewer-rated",20.3,6.07,20,22.67,6.16,18,,,,,,,,,,,,,,,21,19,40,2021,"post",,"4","Group","12",,"Germany",0,"high-income","very high",0.948,"European",40,0.4,"Both","Schizophrenia",,"DSM-V; ICD-10",,,11.33,12.71,"Chronic",0,0,,,"Low Risk","Some Concern","Low Risk","Low Risk","Low Risk","Some Concern","Böge_2021_msd_PANSS_Negative_post_NA_Interviewer-rated_MBI_TAU3_NA_NA",-0.379585609659654,0.32792306343291,,,,,,
"Böge,2021","Böge, K., Hahne, I., Bergmann, N., Wingenfeld, K., Zierhut, M., Thomas, N., Ta, T. M. T., Bajbouj, M., & Hahn, E. (2021). Mindfulness-based group therapy for in-patients with schizophrenia spectrum disorders - Feasibility, acceptability, and preliminary outcomes of a rater-blinded randomized controlled trial. Schizophr Res, 228, 134-144. https://doi.org/doi:10.1016/j.schres.2020.12.008","MBI","TAU3",,,0,"psy vs ctr","msd","Positive","PANSS","PANSS_Positive","Interviewer-rated",16,4.87,20,17.44,4.94,18,,,,,,,,,,,,,,,21,19,40,2021,"post",,"4","Group","12",,"Germany",0,"high-income","very high",0.948,"European",40,0.4,"Both","Schizophrenia",,"DSM-V; ICD-10",,,11.33,12.71,"Chronic",0,0,,,"Low Risk","Some Concern","Low Risk","Low Risk","Low Risk","Some Concern","Böge_2021_msd_PANSS_Positive_post_NA_Interviewer-rated_MBI_TAU3_NA_NA",-0.28752568410001,0.326635041914515,,,,,,
"Park,2020","Park, S., Lee, H. K., & Kim, H. (2020). Effects of a Korean version of the metacognitive training program for outpatients with schizophrenia on theory of mind, positive symptoms, and interpersonal relationships. Behav Cogn Psychother, 48(1), 14-24. https://doi.org/doi:10.1017/s1352465819000560","MCT","TAU0",,,0,"psy vs ctr","msd","Negative","SANS","SANS_Negative","Interviewer-rated",24.53,14.5,30,28.83,18.31,29,,,,,,,,,,,,,,,30,29,59,2020,"post",,"14","Group","18",,"South Korea",0,"high-income","very high",0.922,"Western Pacific",39.59,0.3729,"Outpatient","Schizophrenia",,"psychiatrist",,,13.7,14.9,"Chronic",0,0,"Stable",,"Some Concern","High Risk","Some Concern","Low Risk","Some Concern","High Risk","Park_2020_msd_SANS_Negative_post_NA_Interviewer-rated_MCT_TAU0_NA_NA",-0.257442688419864,0.261520371344537,,,,,,
"Park,2020","Park, S., Lee, H. K., & Kim, H. (2020). Effects of a Korean version of the metacognitive training program for outpatients with schizophrenia on theory of mind, positive symptoms, and interpersonal relationships. Behav Cogn Psychother, 48(1), 14-24. https://doi.org/doi:10.1017/s1352465819000560","MCT","TAU0",,,0,"psy vs ctr","msd","Positive","SAPS","SAPS_Positive","Interviewer-rated",22.5,14.79,30,32.69,19.72,29,,,,,,,,,,,,,,,30,29,59,2020,"post",,"14","Group","18",,"South Korea",0,"high-income","very high",0.922,"Western Pacific",39.59,0.3729,"Outpatient","Schizophrenia",,"psychiatrist",,,13.7,14.9,"Chronic",0,0,"Stable",,"Some Concern","High Risk","Some Concern","Low Risk","Some Concern","High Risk","Park_2020_msd_SAPS_Positive_post_NA_Interviewer-rated_MCT_TAU0_NA_NA",-0.578314040151046,0.265945138572381,,,,,,
"Zhu,2020","Zhu, X., Fan, H., Fan, F., Zhao, Y., Tan, Y., Yang, F., Wang, Z., Xue, F., Xiao, C., Li, W., Li, Z., Ma, L., Zou, Y., & Tan, S. (2020). Improving social functioning in community-dwelling patients with schizophrenia: a randomized controlled computer cognitive remediation therapy trial with six months follow-up. Psychiatry Res, 287, 112913. https://doi.org/doi:10.1016/j.psychres.2020.112913","CR","TAU0",,,0,"psy vs ctr","msd","Negative","PANSS","PANSS_Negative","Interviewer-rated",13.05,4.95,73,11.41,5.62,66,,,,,,,,,,,,,,,78,79,157,2020,"post",,"12","Group & Computer-Based","50",,"China",1,"upper middle-income","high",0.781,"Western Pacific",43.69,0.36,"Outpatient","Schizophrenia",,"DSM-IV",,,19.51,17.71,"Chronic",0,0,"Stable",,"Some Concern","Low Risk","Low Risk","Low Risk","Some Concern","Some Concern","Zhu_2020_msd_PANSS_Negative_post_NA_Interviewer-rated_CR_TAU0_NA_NA",0.308990538732622,0.170872406871897,,,,,,
"Zhu,2020","Zhu, X., Fan, H., Fan, F., Zhao, Y., Tan, Y., Yang, F., Wang, Z., Xue, F., Xiao, C., Li, W., Li, Z., Ma, L., Zou, Y., & Tan, S. (2020). Improving social functioning in community-dwelling patients with schizophrenia: a randomized controlled computer cognitive remediation therapy trial with six months follow-up. Psychiatry Res, 287, 112913. https://doi.org/doi:10.1016/j.psychres.2020.112913","CR","TAU0",,,0,"psy vs ctr","msd","Positive","PANSS","PANSS_Positive","Interviewer-rated",9.25,3.24,73,10.71,4.36,66,,,,,,,,,,,,,,,78,79,157,2020,"post",,"12","Group & Computer-Based","50",,"China",1,"upper middle-income","high",0.781,"Western Pacific",43.69,0.36,"Outpatient","Schizophrenia",,"DSM-IV",,,19.51,17.71,"Chronic",0,0,"Stable",,"Some Concern","Low Risk","Low Risk","Low Risk","Some Concern","Some Concern","Zhu_2020_msd_PANSS_Positive_post_NA_Interviewer-rated_CR_TAU0_NA_NA",-0.380837651573942,0.171399044201862,,,,,,
"Zhu,2020","Zhu, X., Fan, H., Fan, F., Zhao, Y., Tan, Y., Yang, F., Wang, Z., Xue, F., Xiao, C., Li, W., Li, Z., Ma, L., Zou, Y., & Tan, S. (2020). Improving social functioning in community-dwelling patients with schizophrenia: a randomized controlled computer cognitive remediation therapy trial with six months follow-up. Psychiatry Res, 287, 112913. https://doi.org/doi:10.1016/j.psychres.2020.112913","CR","TAU0",,,0,"psy vs ctr","msd","Total","PANSS","PANSS_Total","Interviewer-rated",43.14,8.78,73,47.32,15.01,66,,,,,,,,,,,,,,,78,79,157,2020,"post",,"12","Group & Computer-Based","50",,"China",1,"upper middle-income","high",0.781,"Western Pacific",43.69,0.36,"Outpatient","Schizophrenia",,"DSM-IV",,,19.51,17.71,"Chronic",0,0,"Stable",,"Some Concern","Low Risk","Low Risk","Low Risk","Some Concern","Some Concern","Zhu_2020_msd_PANSS_Total_post_NA_Interviewer-rated_CR_TAU0_NA_NA",-0.342395141735563,0.171103816096922,,,,,,
"Aloi,2020","Aloi, M., de Filippis, R., Grosso Lavalle, F., Chiappetta, E., Viganò, C., Segura-Garcia, C., & De Fazio, P. (2020). Effectiveness of integrated psychological therapy on clinical, neuropsychological, emotional and functional outcome in schizophrenia: a RCT study. J Ment Health, 29(5), 524-531. https://doi.org/doi:10.1080/09638237.2018.1521948","CR_SST","TAU1",,,0,"psy vs ctr","change","Negative","PANSS","PANSS_Negative","Interviewer-rated",,,,,,,5.5,1.1,21,2.1,0.3,20,,,,,,,,,21,20,41,2020,"post",,"52","Group","104",,"Italy",0,"high-income","very high",0.892,"European",51.12,0.2927,"Outpatient","Schizophrenia","≥ 5 years","DSM-V",,,22.9,23.4,"Chronic",0,0,"Remission",,"Some Concern","High Risk","High Risk","High Risk","Some Concern","High Risk","Aloi_2020_change_PANSS_Negative_post_NA_Interviewer-rated_CR_SST_TAU1_NA_NA",4.09062250967257,0.556612067426392,,,,,,
"Aloi,2020","Aloi, M., de Filippis, R., Grosso Lavalle, F., Chiappetta, E., Viganò, C., Segura-Garcia, C., & De Fazio, P. (2020). Effectiveness of integrated psychological therapy on clinical, neuropsychological, emotional and functional outcome in schizophrenia: a RCT study. J Ment Health, 29(5), 524-531. https://doi.org/doi:10.1080/09638237.2018.1521948","CR_SST","TAU1",,,0,"psy vs ctr","change","Positive","PANSS","PANSS_Positive","Interviewer-rated",,,,,,,-1.4,1.7,21,-1.9,0.4,20,,,,,,,,,21,20,41,2020,"post",,"52","Group","104",,"Italy",0,"high-income","very high",0.892,"European",51.12,0.2927,"Outpatient","Schizophrenia","≥ 5 years","DSM-V",,,22.9,23.4,"Chronic",0,0,"Remission",,"Some Concern","High Risk","High Risk","High Risk","Some Concern","High Risk","Aloi_2020_change_PANSS_Positive_post_NA_Interviewer-rated_CR_SST_TAU1_NA_NA",0.392572248038278,0.315552521912897,,,,,,
"Aloi,2020","Aloi, M., de Filippis, R., Grosso Lavalle, F., Chiappetta, E., Viganò, C., Segura-Garcia, C., & De Fazio, P. (2020). Effectiveness of integrated psychological therapy on clinical, neuropsychological, emotional and functional outcome in schizophrenia: a RCT study. J Ment Health, 29(5), 524-531. https://doi.org/doi:10.1080/09638237.2018.1521948","CR_SST","TAU1",,,0,"psy vs ctr","change","Total","PANSS","PANSS_Total","Interviewer-rated",,,,,,,12.3,3.8,21,7.7,5.4,20,,,,,,,,,21,20,41,2020,"post",,"52","Group","104",,"Italy",0,"high-income","very high",0.892,"European",51.12,0.2927,"Outpatient","Schizophrenia","≥ 5 years","DSM-V",,,22.9,23.4,"Chronic",0,0,"Remission",,"Some Concern","High Risk","High Risk","High Risk","Some Concern","High Risk","Aloi_2020_change_PANSS_Total_post_NA_Interviewer-rated_CR_SST_TAU1_NA_NA",0.970352336107465,0.330997754839403,,,,,,
"Li,2020","Li, X., Yuan, X., Kang, Y., Pang, L., Liu, Y., Zhu, Q., Lv, L., Huang, X.-F., & Song, X. (2020). A synergistic effect between family intervention and rTMS improves cognitive and negative symptoms in schizophrenia: A randomized controlled trial. Journal of Psychiatric Research, 126, 81-91. https://doi.org/doi:10.1016/j.jpsychires.2020.04.009","FT","TAU1",,,0,"psy vs ctr","msd","Negative","PANSS","PANSS_Negative","Interviewer-rated",17.18,2.81,47,17.57,2.53,47,,,,,,,,,,,,,,,50,50,100,2020,"post",,"12","Group","12",,"China",1,"upper middle-income","high",0.781,"Western Pacific",23.2,0.5106,"Outpatient","Schizophrenia","Drug-free Patients","DSM-IV",,,,,,1,1,,"First Episode psychosis","Some Concern","High Risk","Some Concern","High Risk","Some Concern","High Risk","Li_2020_msd_PANSS_Negative_post_NA_Interviewer-rated_FT_TAU1_NA_NA",-0.144674658423078,0.206558388929948,,,,,,
"Li,2020","Li, X., Yuan, X., Kang, Y., Pang, L., Liu, Y., Zhu, Q., Lv, L., Huang, X.-F., & Song, X. (2020). A synergistic effect between family intervention and rTMS improves cognitive and negative symptoms in schizophrenia: A randomized controlled trial. Journal of Psychiatric Research, 126, 81-91. https://doi.org/doi:10.1016/j.jpsychires.2020.04.009","FT","TAU1",,,0,"psy vs ctr","msd","Positive","PANSS","PANSS_Positive","Interviewer-rated",14.64,1.04,47,13.11,2.29,47,,,,,,,,,,,,,,,50,50,100,2020,"post",,"12","Group","12",,"China",1,"upper middle-income","high",0.781,"Western Pacific",23.2,0.5106,"Outpatient","Schizophrenia","Drug-free Patients","DSM-IV",,,,,,1,1,,"First Episode psychosis","Some Concern","High Risk","Some Concern","High Risk","Some Concern","High Risk","Li_2020_msd_PANSS_Positive_post_NA_Interviewer-rated_FT_TAU1_NA_NA",0.853271917072999,0.215615443022028,,,,,,
"Li,2020","Li, X., Yuan, X., Kang, Y., Pang, L., Liu, Y., Zhu, Q., Lv, L., Huang, X.-F., & Song, X. (2020). A synergistic effect between family intervention and rTMS improves cognitive and negative symptoms in schizophrenia: A randomized controlled trial. Journal of Psychiatric Research, 126, 81-91. https://doi.org/doi:10.1016/j.jpsychires.2020.04.009","FT","TAU1",,,0,"psy vs ctr","msd","Total","PANSS","PANSS_Total","Interviewer-rated",62.34,8.35,47,59.51,5.12,47,,,,,,,,,,,,,,,50,50,100,2020,"post",,"12","Group","12",,"China",1,"upper middle-income","high",0.781,"Western Pacific",23.2,0.5106,"Outpatient","Schizophrenia","Drug-free Patients","DSM-IV",,,,,,1,1,,"First Episode psychosis","Some Concern","High Risk","Some Concern","High Risk","Some Concern","High Risk","Li_2020_msd_PANSS_Total_post_NA_Interviewer-rated_FT_TAU1_NA_NA",0.405269492198864,0.20842573331584,,,,,,
"Ruiz-Iriondo,2020","Ruiz-Iriondo, M., Salaberría, K., Polo-López, R., Iruin, Á., & Echeburúa, E. (2020). Improving clinical symptoms, functioning, and quality of life in chronic schizophrenia with an integrated psychological therapy (IPT) plus emotional management training (EMT): A controlled clinical trial. Psychother Res, 30(8), 1026-1038. https://doi.org/doi:10.1080/10503307.2019.1683634","CBT","TAU3",,,0,"psy vs ctr","msd","Negative","BPRS","BPRS_Negative","Interviewer-rated",8.02,2.33,41,10.38,2.06,24,,,,,,,,,,,,,,,42,35,77,2020,"post",,"60","Group","32","32","Spain",0,"high-income","very high",0.894,"European",43.69,0.312,"Outpatient","Schizophrenia",,"ICD-10",,,18,18,"Chronic",0,0,"Stable",,"High Risk","High Risk","High Risk","High Risk","Some Concern","High Risk","Ruiz-Iriondo_2020_msd_BPRS_Negative_post_NA_Interviewer-rated_CBT_TAU3_NA_NA",-1.04320893135407,0.273188748107817,,,,,,
"Ruiz-Iriondo,2020","Ruiz-Iriondo, M., Salaberría, K., Polo-López, R., Iruin, Á., & Echeburúa, E. (2020). Improving clinical symptoms, functioning, and quality of life in chronic schizophrenia with an integrated psychological therapy (IPT) plus emotional management training (EMT): A controlled clinical trial. Psychother Res, 30(8), 1026-1038. https://doi.org/doi:10.1080/10503307.2019.1683634","CBT","TAU3",,,0,"psy vs ctr","msd","Positive","BPRS","BPRS_Positive","Interviewer-rated",2.63,1.74,41,5.42,2.39,24,,,,,,,,,,,,,,,42,35,77,2020,"post",,"60","Group","32","32","Spain",0,"high-income","very high",0.894,"European",43.69,0.312,"Outpatient","Schizophrenia",,"ICD-10",,,18,18,"Chronic",0,0,"Stable",,"High Risk","High Risk","High Risk","High Risk","Some Concern","High Risk","Ruiz-Iriondo_2020_msd_BPRS_Positive_post_NA_Interviewer-rated_CBT_TAU3_NA_NA",-1.37700960142965,0.284601016444678,,,,,,
"Ruiz-Iriondo,2020","Ruiz-Iriondo, M., Salaberría, K., Polo-López, R., Iruin, Á., & Echeburúa, E. (2020). Improving clinical symptoms, functioning, and quality of life in chronic schizophrenia with an integrated psychological therapy (IPT) plus emotional management training (EMT): A controlled clinical trial. Psychother Res, 30(8), 1026-1038. https://doi.org/doi:10.1080/10503307.2019.1683634","CBT","TAU3",,,0,"psy vs ctr","msd","Total","BPRS","BPRS_Total","Interviewer-rated",19.07,4.58,41,27.63,6.9,24,,,,,,,,,,,,,,,42,35,77,2020,"post",,"60","Group","32","32","Spain",0,"high-income","very high",0.894,"European",43.69,0.312,"Outpatient","Schizophrenia",,"ICD-10",,,18,18,"Chronic",0,0,"Stable",,"High Risk","High Risk","High Risk","High Risk","Some Concern","High Risk","Ruiz-Iriondo_2020_msd_BPRS_Total_post_NA_Interviewer-rated_CBT_TAU3_NA_NA",-1.52645535963332,0.290545612276309,,,,,,
"Vidal Gutiérrez,2019","Vidal Gutiérrez, D. A., Saldivia, S., ra, Gr, ón Fernández, P., & Inostroza Rovegno, C. (2019). Effectiveness of behavioral family therapy in people with schizophrenia: A randomized, controlled clinical trial. Salud Mental, 42(2), 65-74. https://doi.org/doi:10.17711/SM.0185-3325.2019.009","FT","TAU1",,,0,"psy vs ctr","msd","Total","PANSS","PANSS_Total","Interviewer-rated",91.81,15.92,27,96.93,20.3,27,,,,,,,,,,,,,,,30,31,61,2019,"post",,"13","Individual","12",,"Chile",0,"high-income","very high",0.859,"Americas",31.27,0.3518,"Outpatient","Schizophrenia",,"DSM-V",,,,,,0,0,,,"Low Risk","Low Risk","Some Concern","High Risk","Some Concern","High Risk","VidalGutiérrez_2019_msd_PANSS_Total_post_NA_Interviewer-rated_FT_TAU1_NA_NA",-0.27660426620986,0.273502264160777,,,,,,
"Liu,2019","Liu, Y., Yang, X., Gillespie, A., Guo, Z., Ma, Y., Chen, R., & Li, Z. (2019). Targeting relapse prevention and positive symptom in first-episode schizophrenia using brief cognitive behavioral therapy: A pilot randomized controlled study. Psychiatry Res, 272, 275-283. https://doi.org/doi:10.1016/j.psychres.2018.12.130","CBT","TAU2",,,0,"psy vs ctr","msd","Negative","PANSS","PANSS_Negative","Interviewer-rated",13,19.78,38,14,19.5,37,,,,,,,,,,,,,,,40,40,80,2019,"post",,"10","Individual","10",,"China",1,"upper middle-income","high",0.775,"Western Pacific",27.48,0.425,"Outpatient","Schizophrenia","First Episode","DSM-IV",,,,,"Early",1,1,"Stable","First Episode psychosis","Low Risk","Low Risk","Some Concern","Low Risk","Some Concern","Some Concern","Liu_2019_msd_PANSS_Negative_post_NA_Interviewer-rated_CBT_TAU2_NA_NA",-0.0503853848397222,0.230998042226767,,,,,,
"Liu,2019","Liu, Y., Yang, X., Gillespie, A., Guo, Z., Ma, Y., Chen, R., & Li, Z. (2019). Targeting relapse prevention and positive symptom in first-episode schizophrenia using brief cognitive behavioral therapy: A pilot randomized controlled study. Psychiatry Res, 272, 275-283. https://doi.org/doi:10.1016/j.psychres.2018.12.130","CBT","TAU2",,,0,"psy vs ctr","msd","Positive","PANSS","PANSS_Positive","Interviewer-rated",11.92,4.1,38,13.17,3.17,37,,,,,,,,,,,,,,,40,40,80,2019,"post",,"10","Individual","10",,"China",1,"upper middle-income","high",0.775,"Western Pacific",27.48,0.425,"Outpatient","Schizophrenia","First Episode","DSM-IV",,,,,"Early",1,1,"Stable","First Episode psychosis","Low Risk","Low Risk","Some Concern","Low Risk","Some Concern","Some Concern","Liu_2019_msd_PANSS_Positive_post_NA_Interviewer-rated_CBT_TAU2_NA_NA",-0.337002323824075,0.232628049584574,,,,,,
"Liu,2019","Liu, Y., Yang, X., Gillespie, A., Guo, Z., Ma, Y., Chen, R., & Li, Z. (2019). Targeting relapse prevention and positive symptom in first-episode schizophrenia using brief cognitive behavioral therapy: A pilot randomized controlled study. Psychiatry Res, 272, 275-283. https://doi.org/doi:10.1016/j.psychres.2018.12.130","CBT","TAU2",,,0,"psy vs ctr","msd","Total","PANSS","PANSS_Total","Interviewer-rated",51.65,11.22,38,55.05,9.56,37,,,,,,,,,,,,,,,40,40,80,2019,"post",,"10","Individual","10",,"China",1,"upper middle-income","high",0.775,"Western Pacific",27.48,0.425,"Outpatient","Schizophrenia","First Episode","DSM-IV",,,,,"Early",1,1,"Stable","First Episode psychosis","Low Risk","Low Risk","Some Concern","Low Risk","Some Concern","Some Concern","Liu_2019_msd_PANSS_Total_post_NA_Interviewer-rated_CBT_TAU2_NA_NA",-0.322485218408654,0.232487950566857,,,,,,
"Luo,2019","Luo, X., Law, S. F., Wang, X., Shi, J., Zeng, W., Ma, X., Chow, W., Liu, S., Zhao, W., Liu, X., Yao, S., & Phillips, M. R. (2019). Effectiveness of an Assertive Community Treatment program for people with severe schizophrenia in mainland China - a 12-month randomized controlled trial. Psychol Med, 49(6), 969-979. https://doi.org/doi:10.1017/s0033291718001629","FT","TAU2",,,0,"psy vs ctr","msd","Negative","PANSS","PANSS_Negative","Interviewer-rated",16.9,3.1,30,21.9,5.2,28,,,,,,,,,,,,,,,30,30,60,2019,"post",,"52","Individual",,,"China",1,"upper middle-income","high",0.775,"Western Pacific",29.7,0.3167,"Outpatient","Schizophrenia",,"DSM-IV",,,9.8,7.5,"Mid",0,0,,,"Low Risk","Low Risk","Low Risk","Low Risk","Some Concern","Some Concern","Luo_2019_msd_PANSS_Negative_post_NA_Interviewer-rated_FT_TAU2_NA_NA",-1.16221307375693,0.284625473080597,,,,,,
"Luo,2019","Luo, X., Law, S. F., Wang, X., Shi, J., Zeng, W., Ma, X., Chow, W., Liu, S., Zhao, W., Liu, X., Yao, S., & Phillips, M. R. (2019). Effectiveness of an Assertive Community Treatment program for people with severe schizophrenia in mainland China - a 12-month randomized controlled trial. Psychol Med, 49(6), 969-979. https://doi.org/doi:10.1017/s0033291718001629","FT","TAU2",,,0,"psy vs ctr","msd","Positive","PANSS","PANSS_Positive","Interviewer-rated",13.1,4.6,30,15.1,6,28,,,,,,,,,,,,,,,30,30,60,2019,"post",,"52","Individual",,,"China",1,"upper middle-income","high",0.775,"Western Pacific",29.7,0.3167,"Outpatient","Schizophrenia",,"DSM-IV",,,9.8,7.5,"Mid",0,0,,,"Low Risk","Low Risk","Low Risk","Low Risk","Some Concern","Some Concern","Luo_2019_msd_PANSS_Positive_post_NA_Interviewer-rated_FT_TAU2_NA_NA",-0.370799833495909,0.265076301454099,,,,,,
"Luo,2019","Luo, X., Law, S. F., Wang, X., Shi, J., Zeng, W., Ma, X., Chow, W., Liu, S., Zhao, W., Liu, X., Yao, S., & Phillips, M. R. (2019). Effectiveness of an Assertive Community Treatment program for people with severe schizophrenia in mainland China - a 12-month randomized controlled trial. Psychol Med, 49(6), 969-979. https://doi.org/doi:10.1017/s0033291718001629","FT","TAU2",,,0,"psy vs ctr","msd","Total","PANSS","PANSS_Total","Interviewer-rated",55.9,10.1,30,70,16.9,28,,,,,,,,,,,,,,,30,30,60,2019,"post",,"52","Individual",,,"China",1,"upper middle-income","high",0.775,"Western Pacific",29.7,0.3167,"Outpatient","Schizophrenia",,"DSM-IV",,,9.8,7.5,"Mid",0,0,,,"Low Risk","Low Risk","Low Risk","Low Risk","Some Concern","Some Concern","Luo_2019_msd_PANSS_Total_post_NA_Interviewer-rated_FT_TAU2_NA_NA",-1.00775188358009,0.27936155211872,,,,,,
"Simón-Expósito,2019","Simón-Expósito, M., & Felipe-Castaño, E. (2019). Effects of Metacognitive Training on Cognitive Insight in a Sample of Patients with Schizophrenia. Int J Environ Res Public Health, 16(22). https://doi.org/doi:10.3390/ijerph16224541","MCT","TAU2",,,0,"psy vs ctr","msd","Positive","PANSS","PANSS_Positive","Interviewer-rated",18.09,9.44,11,12.2,5.79,10,,,,,,,,,,,,,,,11,11,22,2019,"post",,"8","Group","16",,"Spain",0,"high-income","very high",0.904,"European",27.27,0.5455,"Inpatient","Schizophrenia",,"DSM-IV",,,21.55,24.36,"Chronic",0,0,"Stable",,"High Risk","Some Concern","Low Risk","Low Risk","Some Concern","High Risk","Simón-Expósito_2019_msd_PANSS_Positive_post_NA_Interviewer-rated_MCT_TAU2_NA_NA",0.713624715603122,0.451736452300261,,,,,,
"Choi,2018","Choi, K.-H., Kang, J., Kim, S.-M., Lee, S.-H., Park, S.-C., Lee, W.-H., Choi, S., Park, K., & Hwang, T.-Y. (2018). Cognitive remediation in middle-aged or older inpatients with chronic schizophrenia: A randomized controlled trial in Korea. Frontiers in Psychology, 8. https://doi.org/doi:10.3389/fpsyg.2017.02364","CR","OT","CR","OT",1,"psy vs ctr","msd","Negative","PANSS","PANSS_Negative","Interviewer-rated",15.58,7.43,18,19.05,6.07,19,,,,,,,,,,,,,,,19,19,38,2018,"post",,"13","Group & Computer-Based","24",,"South Korea",0,"high-income","very high",0.918,"Western Pacific",50.07,0.4386,"Inpatient","Schizophrenia","involuntarily admitted to the long stay close unit of the hospital","DSM-IV",,,22.19,23.87,"Chronic",0,0,,,"Some Concern","High Risk","Some Concern","High Risk","Some Concern","High Risk","Choi_2018_msd_PANSS_Negative_post_NA_Interviewer-rated_CR_OT_CR_OT",-0.501878012734852,0.334279468716856,,,,,,
"Choi,2018","Choi, K.-H., Kang, J., Kim, S.-M., Lee, S.-H., Park, S.-C., Lee, W.-H., Choi, S., Park, K., & Hwang, T.-Y. (2018). Cognitive remediation in middle-aged or older inpatients with chronic schizophrenia: A randomized controlled trial in Korea. Frontiers in Psychology, 8. https://doi.org/doi:10.3389/fpsyg.2017.02364","CR","OT","CR","OT",1,"psy vs ctr","msd","Positive","PANSS","PANSS_Positive","Interviewer-rated",12.26,6.13,18,12.53,5.49,19,,,,,,,,,,,,,,,19,19,38,2018,"post",,"13","Group & Computer-Based","24",,"South Korea",0,"high-income","very high",0.918,"Western Pacific",50.07,0.4386,"Inpatient","Schizophrenia","involuntarily admitted to the long stay close unit of the hospital","DSM-IV",,,22.19,23.87,"Chronic",0,0,,,"Some Concern","High Risk","Some Concern","High Risk","Some Concern","High Risk","Choi_2018_msd_PANSS_Positive_post_NA_Interviewer-rated_CR_OT_CR_OT",-0.0454712029132584,0.328962492904053,,,,,,
"Li,2018","Li, J., Huang, Y. G., Ran, M. S., Fan, Y., Chen, W., Evans-Lacko, S., & Thornicroft, G. (2018). Community-based comprehensive intervention for people with schizophrenia in Guangzhou, China: Effects on clinical symptoms, social functioning, internalized stigma and discrimination. Asian J Psychiatr, 34, 21-30. https://doi.org/doi:10.1016/j.ajp.2018.04.017","CBT_SST_PE","TAU1",,,0,"psy vs ctr","msd","Negative","PANSS","PANSS_Negative","Interviewer-rated",9.71,3.06,169,13.06,4.53,154,,,,,,,,,,,,,,,199,185,384,2018,"post",,"8","Group","8",,"China",1,"upper middle-income","high",0.766,"Western Pacific",39.96,0.487,"Outpatient","Schizophrenia",,"ICD-10",,,14.11,15,"Chronic",0,0,"Stable",,"Some Concern","Low Risk","Low Risk","High Risk","Some Concern","High Risk","Li_2018_msd_PANSS_Negative_post_NA_Interviewer-rated_CBT_SST_PE_TAU1_NA_NA",-0.872251927814803,0.11659304716841,,,,,,
"Li,2018","Li, J., Huang, Y. G., Ran, M. S., Fan, Y., Chen, W., Evans-Lacko, S., & Thornicroft, G. (2018). Community-based comprehensive intervention for people with schizophrenia in Guangzhou, China: Effects on clinical symptoms, social functioning, internalized stigma and discrimination. Asian J Psychiatr, 34, 21-30. https://doi.org/doi:10.1016/j.ajp.2018.04.017","CBT_SST_PE","TAU1",,,0,"psy vs ctr","msd","Total","BPRS","BPRS_Total","Interviewer-rated",21.92,3.44,169,25.65,6.72,154,,,,,,,,,,,,,,,199,185,384,2018,"post",,"8","Group","8",,"China",1,"upper middle-income","high",0.766,"Western Pacific",39.96,0.487,"Outpatient","Schizophrenia",,"ICD-10",,,14.11,15,"Chronic",0,0,"Stable",,"Some Concern","Low Risk","Low Risk","High Risk","Some Concern","High Risk","Li_2018_msd_BPRS_Total_post_NA_Interviewer-rated_CBT_SST_PE_TAU1_NA_NA",-0.706831722277062,0.11483765736646,,,,,,
"Choi,2018","Choi, K.-H., Kang, J., Kim, S.-M., Lee, S.-H., Park, S.-C., Lee, W.-H., Choi, S., Park, K., & Hwang, T.-Y. (2018). Cognitive remediation in middle-aged or older inpatients with chronic schizophrenia: A randomized controlled trial in Korea. Frontiers in Psychology, 8. https://doi.org/doi:10.3389/fpsyg.2017.02364","CR","TAU2","CR","TAU2",1,"psy vs ctr","msd","Negative","PANSS","PANSS_Negative","Interviewer-rated",15.58,7.43,18,17.68,10.07,16,,,,,,,,,,,,,,,19,19,38,2018,"post",,"13","Group & Computer-Based","24",,"South Korea",0,"high-income","very high",0.918,"Western Pacific",50.07,0.4386,"Inpatient","Schizophrenia","involuntarily admitted to the long stay close unit of the hospital","DSM-IV",,,22.19,27.45,"Chronic",0,0,,,"Some Concern","High Risk","Some Concern","High Risk","Some Concern","High Risk","Choi_2018_msd_PANSS_Negative_post_NA_Interviewer-rated_CR_TAU2_CR_TAU2",-0.233875010434753,0.344817811410437,,,,,,
"Choi,2018","Choi, K.-H., Kang, J., Kim, S.-M., Lee, S.-H., Park, S.-C., Lee, W.-H., Choi, S., Park, K., & Hwang, T.-Y. (2018). Cognitive remediation in middle-aged or older inpatients with chronic schizophrenia: A randomized controlled trial in Korea. Frontiers in Psychology, 8. https://doi.org/doi:10.3389/fpsyg.2017.02364","CR","TAU2","CR","TAU2",1,"psy vs ctr","msd","Positive","PANSS","PANSS_Positive","Interviewer-rated",12.26,6.13,18,11.05,6.32,16,,,,,,,,,,,,,,,19,19,38,2018,"post",,"13","Group & Computer-Based","24",,"South Korea",0,"high-income","very high",0.918,"Western Pacific",50.07,0.4386,"Inpatient","Schizophrenia","involuntarily admitted to the long stay close unit of the hospital","DSM-IV",,,22.19,27.45,"Chronic",0,0,,,"Some Concern","High Risk","Some Concern","High Risk","Some Concern","High Risk","Choi_2018_msd_PANSS_Positive_post_NA_Interviewer-rated_CR_TAU2_CR_TAU2",0.189945035388088,0.344401095169224,,,,,,
"Rami,2018","Rami, H., Hussien, H., Rabie, M., Sabry, W., El Missiry, M., & El Ghamry, R. (2018). Evaluating the effectiveness of a culturally adapted behavioral family psycho-educational program for Egyptian patients with schizophrenia. Transcultural Psychiatry, 55(5), 601-622. https://doi.org/doi:10.1177/1363461518782520","FT","TAU2",,,0,"psy vs ctr","msd","Negative","PANSS","PANSS_Negative","Interviewer-rated",9.2,2.4,26,14.5,5.4,24,,,,,,,,,,,,,,,30,30,60,2018,"post",,"26","Group","14",,"Egypt",1,"lower middle-income","high",0.717,"Eastern Mediterranean",34.15,0.3,"Outpatient","Schizophrenia",,"DSM-IV",,,8.3,9.4,"Mid",0,0,"Acute",,"Some Concern","Low Risk","Some Concern","Low Risk","Some Concern","High Risk","Rami_2018_msd_PANSS_Negative_post_NA_Interviewer-rated_FT_TAU2_NA_NA",-1.26627328042768,0.310931675914913,,,,,,
"Rami,2018","Rami, H., Hussien, H., Rabie, M., Sabry, W., El Missiry, M., & El Ghamry, R. (2018). Evaluating the effectiveness of a culturally adapted behavioral family psycho-educational program for Egyptian patients with schizophrenia. Transcultural Psychiatry, 55(5), 601-622. https://doi.org/doi:10.1177/1363461518782520","FT","TAU2",,,0,"psy vs ctr","msd","Positive","PANSS","PANSS_Positive","Interviewer-rated",8.4,1.8,26,17.3,6.3,24,,,,,,,,,,,,,,,30,30,60,2018,"post",,"26","Group","14",,"Egypt",1,"lower middle-income","high",0.717,"Eastern Mediterranean",34.15,0.3,"Outpatient","Schizophrenia",,"DSM-IV",,,8.3,9.4,"Mid",0,0,"Acute",,"Some Concern","Low Risk","Some Concern","Low Risk","Some Concern","High Risk","Rami_2018_msd_PANSS_Positive_post_NA_Interviewer-rated_FT_TAU2_NA_NA",-1.92517545738131,0.344069048517847,,,,,,
"Rami,2018","Rami, H., Hussien, H., Rabie, M., Sabry, W., El Missiry, M., & El Ghamry, R. (2018). Evaluating the effectiveness of a culturally adapted behavioral family psycho-educational program for Egyptian patients with schizophrenia. Transcultural Psychiatry, 55(5), 601-622. https://doi.org/doi:10.1177/1363461518782520","FT","TAU2",,,0,"psy vs ctr","msd","Total","PANSS","PANSS_Total","Interviewer-rated",38.1,4.6,26,56.3,12.3,24,,,,,,,,,,,,,,,30,30,60,2018,"post",,"26","Group","14",,"Egypt",1,"lower middle-income","high",0.717,"Eastern Mediterranean",34.15,0.3,"Outpatient","Schizophrenia",,"DSM-IV",,,8.3,9.4,"Mid",0,0,"Acute",,"Some Concern","Low Risk","Some Concern","Low Risk","Some Concern","High Risk","Rami_2018_msd_PANSS_Total_post_NA_Interviewer-rated_FT_TAU2_NA_NA",-1.96027199600976,0.346108416457062,,,,,,
"She,2017","She, S., Deng, Y., Chen, Y., Wu, C., Yi, W., Lu, X., Chen, X., Li, J., Li, R., Zhang, J., Xiao, D., Wu, H., Ning, Y., & Zheng, Y. (2017). Two-stage integrated care versus antipsychotic medication alone on outcomes of schizophrenia: One-year randomized controlled trial and follow-up. Psychiatry Res, 254, 164-172. https://doi.org/doi:10.1016/j.psychres.2017.04.054","CBT","TAU0",,,0,"psy vs ctr","msd","Negative","PANSS","PANSS_Negative","Interviewer-rated",13.16,5.7,85,14.98,6.24,84,,,,,,,,,,,,,,,86,84,170,2017,"post",,"12","Individual","20",,"China",1,"upper middle-income","high",0.757,"Western Pacific",32.35,0.3705,"Inpatient","Schizophrenia",,,,,6.93,7.55,"Mid",0,0,"Stable","PANSS > 60","Low Risk","Low Risk","Low Risk","Low Risk","Some Concern","Some Concern","She_2017_msd_PANSS_Negative_post_NA_Interviewer-rated_CBT_TAU0_NA_NA",-0.303258517464925,0.154738553441668,,,,,,
"She,2017","She, S., Deng, Y., Chen, Y., Wu, C., Yi, W., Lu, X., Chen, X., Li, J., Li, R., Zhang, J., Xiao, D., Wu, H., Ning, Y., & Zheng, Y. (2017). Two-stage integrated care versus antipsychotic medication alone on outcomes of schizophrenia: One-year randomized controlled trial and follow-up. Psychiatry Res, 254, 164-172. https://doi.org/doi:10.1016/j.psychres.2017.04.054","CBT","TAU0",,,0,"psy vs ctr","msd","Positive","PANSS","PANSS_Positive","Interviewer-rated",12.8,4.88,85,13.84,5.61,84,,,,,,,,,,,,,,,86,84,170,2017,"post",,"12","Individual","20",,"China",1,"upper middle-income","high",0.757,"Western Pacific",32.35,0.3705,"Inpatient","Schizophrenia",,,,,6.93,7.55,"Mid",0,0,"Stable","PANSS > 60","Low Risk","Low Risk","Low Risk","Low Risk","Some Concern","Some Concern","She_2017_msd_PANSS_Positive_post_NA_Interviewer-rated_CBT_TAU0_NA_NA",-0.196997724709246,0.154224915325399,,,,,,
"She,2017","She, S., Deng, Y., Chen, Y., Wu, C., Yi, W., Lu, X., Chen, X., Li, J., Li, R., Zhang, J., Xiao, D., Wu, H., Ning, Y., & Zheng, Y. (2017). Two-stage integrated care versus antipsychotic medication alone on outcomes of schizophrenia: One-year randomized controlled trial and follow-up. Psychiatry Res, 254, 164-172. https://doi.org/doi:10.1016/j.psychres.2017.04.054","CBT","TAU0",,,0,"psy vs ctr","msd","Total","PANSS","PANSS_Total","Interviewer-rated",53.74,15.62,85,57.1,15.77,84,,,,,,,,,,,,,,,86,84,170,2017,"post",,"12","Individual","20",,"China",1,"upper middle-income","high",0.757,"Western Pacific",32.35,0.3705,"Inpatient","Schizophrenia",,,,,6.93,7.55,"Mid",0,0,"Stable","PANSS > 60","Low Risk","Low Risk","Low Risk","Low Risk","Some Concern","Some Concern","She_2017_msd_PANSS_Total_post_NA_Interviewer-rated_CBT_TAU0_NA_NA",-0.213121699856236,0.154288904520191,,,,,,
"Awan,2017","Awan, N. R., Jehangir, S. F., Irfan, M., Naeem, F., & Farooq, S. (2017). Explanatory model of illness of the patients with schizophrenia and the role of educational intervention. Schizophr Res, 190, 68-73. https://doi.org/doi:10.1016/j.schres.2017.03.006","PE","TAU1",,,0,"psy vs ctr","msd","Negative","PANSS","PANSS_Negative","Interviewer-rated",14.3,6.5,46,16.4,6.7,36,,,,,,,,,,,,,,,53,50,103,2017,"post",,"13","Group","3",,"Pakistan",1,"lower middle-income","low",0.534,"Eastern Mediterranean",30.5,0.2223,"Inpatient","Schizophrenia",,"ICD-10",,,6.38,6.7,"Mid",0,0,,,"Low Risk","High Risk","Some Concern","High Risk","Some Concern","High Risk","Awan_2017_msd_PANSS_Negative_post_NA_Interviewer-rated_PE_TAU1_NA_NA",-0.31575178473806,0.22391165157864,,,,,,
"Awan,2017","Awan, N. R., Jehangir, S. F., Irfan, M., Naeem, F., & Farooq, S. (2017). Explanatory model of illness of the patients with schizophrenia and the role of educational intervention. Schizophr Res, 190, 68-73. https://doi.org/doi:10.1016/j.schres.2017.03.006","PE","TAU1",,,0,"psy vs ctr","msd","Positive","PANSS","PANSS_Positive","Interviewer-rated",13.4,5.9,46,18.4,8.1,36,,,,,,,,,,,,,,,53,50,103,2017,"post",,"13","Group","3",,"Pakistan",1,"lower middle-income","low",0.534,"Eastern Mediterranean",30.5,0.2223,"Inpatient","Schizophrenia",,"ICD-10",,,6.38,6.7,"Mid",0,0,,,"Low Risk","High Risk","Some Concern","High Risk","Some Concern","High Risk","Awan_2017_msd_PANSS_Positive_post_NA_Interviewer-rated_PE_TAU1_NA_NA",-0.712787846401908,0.229508117786563,,,,,,
"Awan,2017","Awan, N. R., Jehangir, S. F., Irfan, M., Naeem, F., & Farooq, S. (2017). Explanatory model of illness of the patients with schizophrenia and the role of educational intervention. Schizophr Res, 190, 68-73. https://doi.org/doi:10.1016/j.schres.2017.03.006","PE","TAU1",,,0,"psy vs ctr","msd","Total","BPRS","BPRS_Total","Interviewer-rated",36.4,11.1,46,44.8,16.8,36,,,,,,,,,,,,,,,53,50,103,2017,"post",,"13","Group","3",,"Pakistan",1,"lower middle-income","low",0.534,"Eastern Mediterranean",30.5,0.2223,"Inpatient","Schizophrenia",,"ICD-10",,,6.38,6.7,"Mid",0,0,,,"Low Risk","High Risk","Some Concern","High Risk","Some Concern","High Risk","Awan_2017_msd_BPRS_Total_post_NA_Interviewer-rated_PE_TAU1_NA_NA",-0.599291836412134,0.227483252390977,,,,,,
"Iwata,2017","Iwata, K., Matsuda, Y., Sato, S., Furukawa, S., Watanabe, Y., Hatsuse, N., & Ikebuchi, E. (2017). Efficacy of cognitive rehabilitation using computer software with individuals living with schizophrenia: A randomized controlled trial in Japan. Psychiatr Rehabil J, 40(1), 4-11. https://doi.org/doi:10.1037/prj0000232","CR","TAU2",,,0,"psy vs ctr","msd","Negative","PANSS","PANSS_Negative","Interviewer-rated",12.66,4.52,29,15.87,5.66,31,,,,,,,,,,,,,,,29,31,60,2017,"post",,"12","Group & Computer-Based","24",,"Japan",0,"high-income","very high",0.916,"Western Pacific",34.36,0.75,"Outpatient","Schizophrenia",,"ICD-10",,,11.74,12.04,"Chronic",0,0,,,"Some Concern","Low Risk","Some Concern","High Risk","Some Concern","High Risk","Iwata_2017_msd_PANSS_Negative_post_NA_Interviewer-rated_CR_TAU2_NA_NA",-0.616245746984758,0.26455492495241,,,,,,
"Iwata,2017","Iwata, K., Matsuda, Y., Sato, S., Furukawa, S., Watanabe, Y., Hatsuse, N., & Ikebuchi, E. (2017). Efficacy of cognitive rehabilitation using computer software with individuals living with schizophrenia: A randomized controlled trial in Japan. Psychiatr Rehabil J, 40(1), 4-11. https://doi.org/doi:10.1037/prj0000232","CR","TAU2",,,0,"psy vs ctr","msd","Positive","PANSS","PANSS_Positive","Interviewer-rated",11.38,4.78,29,13.03,4.43,31,,,,,,,,,,,,,,,29,31,60,2017,"post",,"12","Group & Computer-Based","24",,"Japan",0,"high-income","very high",0.916,"Western Pacific",34.36,0.75,"Outpatient","Schizophrenia",,"ICD-10",,,11.74,12.04,"Chronic",0,0,,,"Some Concern","Low Risk","Some Concern","High Risk","Some Concern","High Risk","Iwata_2017_msd_PANSS_Positive_post_NA_Interviewer-rated_CR_TAU2_NA_NA",-0.353861112726875,0.260407266680052,,,,,,
"Iwata,2017","Iwata, K., Matsuda, Y., Sato, S., Furukawa, S., Watanabe, Y., Hatsuse, N., & Ikebuchi, E. (2017). Efficacy of cognitive rehabilitation using computer software with individuals living with schizophrenia: A randomized controlled trial in Japan. Psychiatr Rehabil J, 40(1), 4-11. https://doi.org/doi:10.1037/prj0000232","CR","TAU2",,,0,"psy vs ctr","msd","Total","PANSS","PANSS_Total","Interviewer-rated",50.76,17.03,29,60.29,17.42,31,,,,,,,,,,,,,,,29,31,60,2017,"post",,"12","Group & Computer-Based","24",,"Japan",0,"high-income","very high",0.916,"Western Pacific",34.36,0.75,"Outpatient","Schizophrenia",,"ICD-10",,,11.74,12.04,"Chronic",0,0,,,"Some Concern","Low Risk","Some Concern","High Risk","Some Concern","High Risk","Iwata_2017_msd_PANSS_Total_post_NA_Interviewer-rated_CR_TAU2_NA_NA",-0.545832337267103,0.263228728778944,,,,,,
"Tan,2016","Tan, S., Zou, Y., Wykes, T., Reeder, C., Zhu, X., Yang, F., Zhao, Y., Tan, Y., Fan, F., & Zhou, D. (2016). Group cognitive remediation therapy for chronic schizophrenia: A randomized controlled trial. Neuroscience Letters, 626, 106-111. https://doi.org/https://doi.org/10.1016/j.neulet.2015.08.036","CR","BF",,,0,"psy vs ctr","msd","Negative","PANSS","PANSS_Negative","Interviewer-rated",17.29,4.44,44,16.49,4.01,46,,,,,,,,,,,,,,,52,52,104,2016,"post",,"10","Group",,,"China",1,"upper middle-income","high",0.749,"Western Pacific",46.43,0.3462,"Inpatient","Schizophrenia","Cognitive Impairments","DSM-IV",,,23.95,21.51,"Chronic",0,0,"Stable",,"Some Concern","High Risk","Some Concern","Low Risk","Some Concern","High Risk","Tan_2016_msd_PANSS_Negative_post_NA_Interviewer-rated_CR_BF_NA_NA",0.187704798022587,0.211342215189974,,,,,,
"Tan,2016","Tan, S., Zou, Y., Wykes, T., Reeder, C., Zhu, X., Yang, F., Zhao, Y., Tan, Y., Fan, F., & Zhou, D. (2016). Group cognitive remediation therapy for chronic schizophrenia: A randomized controlled trial. Neuroscience Letters, 626, 106-111. https://doi.org/https://doi.org/10.1016/j.neulet.2015.08.036","CR","BF",,,0,"psy vs ctr","msd","Positive","PANSS","PANSS_Positive","Interviewer-rated",12.93,3.31,44,12,4.19,46,,,,,,,,,,,,,,,52,52,104,2016,"post",,"10","Group",,,"China",1,"upper middle-income","high",0.749,"Western Pacific",46.43,0.3462,"Inpatient","Schizophrenia","Cognitive Impairments","DSM-IV",,,23.95,21.51,"Chronic",0,0,"Stable",,"Some Concern","High Risk","Some Concern","Low Risk","Some Concern","High Risk","Tan_2016_msd_PANSS_Positive_post_NA_Interviewer-rated_CR_BF_NA_NA",0.243565242259108,0.211664092283611,,,,,,
"Tan,2016","Tan, S., Zou, Y., Wykes, T., Reeder, C., Zhu, X., Yang, F., Zhao, Y., Tan, Y., Fan, F., & Zhou, D. (2016). Group cognitive remediation therapy for chronic schizophrenia: A randomized controlled trial. Neuroscience Letters, 626, 106-111. https://doi.org/https://doi.org/10.1016/j.neulet.2015.08.036","CR","BF",,,0,"psy vs ctr","msd","Total","PANSS","PANSS_Total","Interviewer-rated",59.76,10.17,44,58.14,10.5,46,,,,,,,,,,,,,,,52,52,104,2016,"post",,"10","Group",,,"China",1,"upper middle-income","high",0.749,"Western Pacific",46.43,0.3462,"Inpatient","Schizophrenia","Cognitive Impairments","DSM-IV",,,23.95,21.51,"Chronic",0,0,"Stable",,"Some Concern","High Risk","Some Concern","Low Risk","Some Concern","High Risk","Tan_2016_msd_PANSS_Total_post_NA_Interviewer-rated_CR_BF_NA_NA",0.15533303791903,0.21119368047481,,,,,,
"Peña,2016","Peña, J., Ibarretxe-Bilbao, N., Sánchez, P., Iriarte, M. B., Elizagarate, E., Garay, M. A., Gutiérrez, M., Iribarren, A., & Ojeda, N. (2016). Combining social cognitive treatment, cognitive remediation, and functional skills training in schizophrenia: a randomized controlled trial. NPJ schizophrenia, 2, 16037. https://doi.org/10.1038/npjschz.2016.37","CR_CRSS","OT",,,0,"psy vs ctr","change","Negative","PANSS","PANSS_Negative","Interviewer-rated",,,,,,,-5.29,6.4,52,-2.82,4.4,49,,,,,,,,,52,52,104,2016,"post",,"17","Group",,,"Spain",0,"high-income","very high",0.894,"European",39.03,0.2772,"Both","Schizophrenia",,"DSM-IV-TR",,,,,,0,0,,,"Some Concern","Some Concern","Low Risk","Low Risk","Low Risk","Some Concern","Peña_2016_change_PANSS_Negative_post_NA_Interviewer-rated_CR_CRSS_OT_NA_NA",-0.443942411443668,0.201567832194742,,,,,,
"Peña,2016","Peña, J., Ibarretxe-Bilbao, N., Sánchez, P., Iriarte, M. B., Elizagarate, E., Garay, M. A., Gutiérrez, M., Iribarren, A., & Ojeda, N. (2016). Combining social cognitive treatment, cognitive remediation, and functional skills training in schizophrenia: a randomized controlled trial. NPJ schizophrenia, 2, 16037. https://doi.org/10.1038/npjschz.2016.37","CR_CRSS","OT",,,0,"psy vs ctr","change","Positive","PANSS","PANSS_Positive","Interviewer-rated",,,,,,,-3.58,4.1,52,-3.42,4.3,49,,,,,,,,,52,52,104,2016,"post",,"17","Group",,,"Spain",0,"high-income","very high",0.894,"European",39.03,0.2772,"Both","Schizophrenia",,"DSM-IV-TR",,,,,"Chronic",0,0,,,"Some Concern","Some Concern","Low Risk","Low Risk","Low Risk","Some Concern","Peña_2016_change_PANSS_Positive_post_NA_Interviewer-rated_CR_CRSS_OT_NA_NA",-0.0378224790921038,0.199113342566003,,,,,,
"Kang,2016","Kang, R., Wu, Y., Li, Z., Jiang, J., Gao, Q., Yu, Y., Gao, K., Yan, Y., & He, Y. (2016). Effect of community-based social skills training and tai-chi exercise on outcomes in patients with chronic schizophrenia: a randomized, one-year study. Psychopathology, 49(5), 345-355.","SST","TAU1",,,0,"psy vs ctr","change","Negative","PANSS","PANSS_Negative","Interviewer-rated",,,,,,,-0.44,0.6,118,-0.06,0.2,126,,,,,,,,,118,126,244,2016,"post",,"52","Group",,,"China",1,"upper middle-income","high",0.749,"Western Pacific",45.1,0.5246,"Outpatient","Schizophrenia","≥ 2 years","ICD-10",,,21.3,19.8,"Chronic",0,0,"Stable",,"Low Risk","Some Concern","Low Risk","Low Risk","Some Concern","Some Concern","Kang_2016_change_PANSS_Negative_post_NA_Interviewer-rated_SST_TAU1_NA_NA",-0.858497823659612,0.133905872835654,,,,,,
"Kang,2016","Kang, R., Wu, Y., Li, Z., Jiang, J., Gao, Q., Yu, Y., Gao, K., Yan, Y., & He, Y. (2016). Effect of community-based social skills training and tai-chi exercise on outcomes in patients with chronic schizophrenia: a randomized, one-year study. Psychopathology, 49(5), 345-355.","SST","TAU1",,,0,"psy vs ctr","change","Positive","PANSS","PANSS_Positive","Interviewer-rated",,,,,,,-0.03,0.2,118,-0.12,0.5,126,,,,,,,,,118,126,244,2016,"post",,"52","Group",,,"China",1,"upper middle-income","high",0.749,"Western Pacific",45.11,0.5246,"Outpatient","Schizophrenia","≥ 2 years","ICD-10",,,21.3,19.8,"Chronic",0,0,"Stable",,"Low Risk","Some Concern","Low Risk","Low Risk","Some Concern","Some Concern","Kang_2016_change_PANSS_Positive_post_NA_Interviewer-rated_SST_TAU1_NA_NA",0.232847802505902,0.128541353097735,,,,,,
"Kang,2016","Kang, R., Wu, Y., Li, Z., Jiang, J., Gao, Q., Yu, Y., Gao, K., Yan, Y., & He, Y. (2016). Effect of community-based social skills training and tai-chi exercise on outcomes in patients with chronic schizophrenia: a randomized, one-year study. Psychopathology, 49(5), 345-355.","SST","TAU1",,,0,"psy vs ctr","change","Total","PANSS","PANSS_Total","Interviewer-rated",,,,,,,-0.58,0.7,118,-0.25,0.7,126,,,,,,,,,118,126,244,2016,"post",,"52","Group",,,"China",1,"upper middle-income","high",0.749,"Western Pacific",45.9,0.5246,"Outpatient","Schizophrenia","≥ 2 years","ICD-10",,,21.3,19.8,"Chronic",0,0,"Stable",,"Low Risk","Some Concern","Low Risk","Low Risk","Some Concern","Some Concern","Kang_2016_change_PANSS_Total_post_NA_Interviewer-rated_SST_TAU1_NA_NA",-0.469966021568917,0.129871105641561,,,,,,
"Naeem,2016","Naeem, F., Johal, R., McKenna, C., Rathod, S., Ayub, M., Lecomte, T., Husain, N., Kingdon, D., & Farooq, S. (2016). Cognitive Behavior Therapy for psychosis based Guided Self-help (CBTp-GSH) delivered by frontline mental health professionals: Results of a feasibility study. schizophrenia Research, 173(1), 69-74. https://doi.org/https://doi.org/10.1016/j.schres.2016.03.003","CBT","TAU2",,,0,"psy vs ctr","msd","Negative","PANSS","PANSS_Negative","Interviewer-rated",7.72,6.73,15,12.2,5.91,13,,,,,,,,,,,,,,,18,15,33,2016,"post",,"16","Individual",,,"Canada",0,"high-income","very high",0.928,"Americas",40.45,0.4848,"Outpatient","Schizophrenia",,"DSM-IV",,"Alcohol/Substance Abuse",,,,0,0,"Stable",,"Low Risk","Low Risk","Some Concern","Low Risk","Some Concern","Some Concern","Naeem_2016_msd_PANSS_Negative_post_NA_Interviewer-rated_CBT_TAU2_NA_NA",-0.683383115922095,0.390431976523977,,,,,,
"Naeem,2016","Naeem, F., Johal, R., McKenna, C., Rathod, S., Ayub, M., Lecomte, T., Husain, N., Kingdon, D., & Farooq, S. (2016). Cognitive Behavior Therapy for psychosis based Guided Self-help (CBTp-GSH) delivered by frontline mental health professionals: Results of a feasibility study. schizophrenia Research, 173(1), 69-74. https://doi.org/https://doi.org/10.1016/j.schres.2016.03.003","CBT","TAU2",,,0,"psy vs ctr","msd","Positive","PANSS","PANSS_Positive","Interviewer-rated",6.89,4.38,15,11.2,5,13,,,,,,,,,,,,,,,18,15,33,2016,"post",,"16","Individual",,,"Canada",0,"high-income","very high",0.928,"Americas",40.45,0.4848,"Outpatient","Schizophrenia",,"DSM-IV",,"Alcohol/Substance Abuse",,,,0,0,"Stable",,"Low Risk","Low Risk","Some Concern","Low Risk","Some Concern","Some Concern","Naeem_2016_msd_PANSS_Positive_post_NA_Interviewer-rated_CBT_TAU2_NA_NA",-0.894808948935808,0.398444975009468,,,,,,
"Naeem,2016","Naeem, F., Johal, R., McKenna, C., Rathod, S., Ayub, M., Lecomte, T., Husain, N., Kingdon, D., & Farooq, S. (2016). Cognitive Behavior Therapy for psychosis based Guided Self-help (CBTp-GSH) delivered by frontline mental health professionals: Results of a feasibility study. schizophrenia Research, 173(1), 69-74. https://doi.org/https://doi.org/10.1016/j.schres.2016.03.003","CBT","TAU2",,,0,"psy vs ctr","msd","Total","PANSS","PANSS_Total","Interviewer-rated",27.94,16.86,15,46.6,19.9,13,,,,,,,,,,,,,,,18,15,33,2016,"post",,"16","Individual",,,"Canada",0,"high-income","very high",0.928,"Americas",40.45,0.4848,"Outpatient","Schizophrenia",,"DSM-IV",,"Alcohol/Substance Abuse",,,,0,0,"Stable",,"Low Risk","Low Risk","Some Concern","Low Risk","Some Concern","Some Concern","Naeem_2016_msd_PANSS_Total_post_NA_Interviewer-rated_CBT_TAU2_NA_NA",-0.988576614821292,0.4026214533518,,,,,,
"Omiya,2016","Omiya, H., Yamashita, K., Miyata, T., Hatakeyama, Y., Miyajima, M., Yambe, K., Matsumoto, I., Matsui, M., Toyomaki, A., & Denda, K. (2016). Pilot study of the effects of cognitive remediation therapy using the frontal/executive program for treating chronic schizophrenia. The Open Psychology Journal, 9(1).","CR","TAU2",,,0,"psy vs ctr","msd","Total","PANSS","PANSS_Total","Interviewer-rated",68,10.2,8,78.1,7.59,9,,,,,,,,,,,,,,,8,9,17,2016,"post",,"26","Individual",,,"Japan",0,"high-income","very high",0.914,"Western Pacific",41,0.4118,"Both","Schizophrenia",,"DSM-IV-TR",,,14.75,11.78,"Chronic",0,0,"Stable",,"Some Concern","Some Concern","Low Risk","High Risk","Some Concern","High Risk","Omiya_2016_msd_PANSS_Total_post_NA_Interviewer-rated_CR_TAU2_NA_NA",-1.07667752653905,0.523409154280104,,,,,,
"Rakitzi,2016","Rakitzi, S., Georgila, P., Efthimiou, K., & Mueller, D. R. (2016). Efficacy and feasibility of the Integrated Psychological Therapy for outpatients with schizophrenia in Greece: Final results of a RCT. Psychiatry Research, 242, 137-143. https://doi.org/https://doi.org/10.1016/j.psychres.2016.05.039","CRSS","TAU2",,,0,"psy vs ctr","msd","Negative","PANSS","PANSS_Negative","Interviewer-rated",26.1,4.3,19,30.3,5.8,17,,,,,,,,,,,,,,,24,24,48,2016,"post",,"10","Group",,,"Greece",0,"high-income","very high",0.877,"European",32.55,0.3333,"Outpatient","Schizophrenia",,"DSM-IV",,,5.4,5.9,"Mid",0,0,"Stable",,"Low Risk","High Risk","High Risk","Low Risk","Some Concern","High Risk","Rakitzi_2016_msd_PANSS_Negative_post_NA_Interviewer-rated_CRSS_TAU2_NA_NA",-0.811343714766229,0.347876658396486,,,,,,
"Rakitzi,2016","Rakitzi, S., Georgila, P., Efthimiou, K., & Mueller, D. R. (2016). Efficacy and feasibility of the Integrated Psychological Therapy for outpatients with schizophrenia in Greece: Final results of a RCT. Psychiatry Research, 242, 137-143. https://doi.org/https://doi.org/10.1016/j.psychres.2016.05.039","CRSS","TAU2",,,0,"psy vs ctr","msd","Positive","PANSS","PANSS_Positive","Interviewer-rated",20.1,5.2,19,25.2,5,17,,,,,,,,,,,,,,,24,24,48,2016,"post",,"10","Group",,,"Greece",0,"high-income","very high",0.877,"European",32.55,0.3333,"Outpatient","Schizophrenia",,"DSM-IV",,,5.4,5.9,"Mid",0,0,"Stable",,"Low Risk","High Risk","High Risk","Low Risk","Some Concern","High Risk","Rakitzi_2016_msd_PANSS_Positive_post_NA_Interviewer-rated_CRSS_TAU2_NA_NA",-0.97646469431832,0.353986890701592,,,,,,
"Rakitzi,2016","Rakitzi, S., Georgila, P., Efthimiou, K., & Mueller, D. R. (2016). Efficacy and feasibility of the Integrated Psychological Therapy for outpatients with schizophrenia in Greece: Final results of a RCT. Psychiatry Research, 242, 137-143. https://doi.org/https://doi.org/10.1016/j.psychres.2016.05.039","CRSS","TAU2",,,0,"psy vs ctr","msd","Total","PANSS","PANSS_Total","Interviewer-rated",91.8,16.15,19,111,17.57,17,,,,,,,,,,,,,,,24,24,48,2016,"post",,"10","Group",,,"Greece",0,"high-income","very high",0.877,"European",32.55,0.3333,"Outpatient","Schizophrenia",,"DSM-IV",,,5.4,5.9,"Mid",0,0,"Stable",,"Low Risk","High Risk","High Risk","Low Risk","Some Concern","High Risk","Rakitzi_2016_msd_PANSS_Total_post_NA_Interviewer-rated_CRSS_TAU2_NA_NA",-1.11525877534234,0.359894831442753,,,,,,
"Wang,2015","Wang, F. Z., Luo, D., Kanb, W., & Wang, Y. (2015). Combined intervention with education and progressive muscle relaxation on quality of life, functional disability, and positive symptoms in patients with acute schizophrenia. Journal of alternative and complementary medicine (New York, N.Y.), 21(3), 159–165. https://doi.org/10.1089/acm.2014.0128","PEN","PE_PMR","PEN","PE_PMR",1,"psy vs psy","msd","Positive","SAPS","SAPS_Positive","Interviewer-rated",55.1,25.6,14,43.8,23.9,13,,,,,,,,,,,,,,,16,16,32,2015,"post",,"5","Group",,,"China",1,"upper middle-income","high",0.741,"Western Pacific",,,"Inpatient","Schizophrenia",,"DSM-IV",,,,,"Chronic",0,0,"Acute",,"Some Concern","High Risk","High Risk","High Risk","Some Concern","High Risk","Wang_2015_msd_SAPS_Positive_post_NA_Interviewer-rated_PEN_PE_PMR_PEN_PE_PMR",0.441863596421241,0.39012405033566,,,,,,
"Wang,2015","Wang, F. Z., Luo, D., Kanb, W., & Wang, Y. (2015). Combined intervention with education and progressive muscle relaxation on quality of life, functional disability, and positive symptoms in patients with acute schizophrenia. Journal of alternative and complementary medicine (New York, N.Y.), 21(3), 159–165. https://doi.org/10.1089/acm.2014.0128","PE_PMR","PMR","PE_PMR","PMR",1,"psy vs psy","msd","Positive","SAPS","SAPS_Positive","Interviewer-rated",43.8,23.9,13,57.2,23.7,12,,,,,,,,,,,,,,,16,16,32,2015,"post",,"5","Group",,,"China",1,"upper middle-income","high",0.741,"Western Pacific",,,"Inpatient","Schizophrenia",,"DSM-IV",,,,,"Chronic",0,0,"Acute",,"Some Concern","High Risk","High Risk","High Risk","Some Concern","High Risk","Wang_2015_msd_SAPS_Positive_post_NA_Interviewer-rated_PE_PMR_PMR_PE_PMR_PMR",-0.544359699713953,0.408159197639858,,,,,,
"Wang,2015","Wang, F. Z., Luo, D., Kanb, W., & Wang, Y. (2015). Combined intervention with education and progressive muscle relaxation on quality of life, functional disability, and positive symptoms in patients with acute schizophrenia. Journal of alternative and complementary medicine (New York, N.Y.), 21(3), 159–165. https://doi.org/10.1089/acm.2014.0128","PEN","PMR","PEN","PMR",1,"psy vs psy","msd","Positive","SAPS","SAPS_Positive","Interviewer-rated",55.1,25.6,14,57.2,23.7,12,,,,,,,,,,,,,,,16,16,32,2015,"post",,"5","Group",,,"China",1,"upper middle-income","high",0.741,"Western Pacific",,,"Inpatient","Schizophrenia",,"DSM-IV",,,,,"Chronic",0,0,"Acute",,"Some Concern","High Risk","High Risk","High Risk","Some Concern","High Risk","Wang_2015_msd_SAPS_Positive_post_NA_Interviewer-rated_PEN_PMR_PEN_PMR",-0.082178086994771,0.393573859138812,,,,,,
"Li,2015","Li, Z.-J., Guo, Z.-H., Wang, N., Xu, Z.-Y., Qu, Y., Wang, X.-Q., Sun, J., Yan, L.-Q., Ng, R., & Turkington, D. (2015). Cognitive–behavioural therapy for patients with schizophrenia: a multicentre randomized controlled trial in Beijing, China. Psychological medicine, 45(9), 1893-1905.","CBT","SC",,,0,"psy vs ctr","msd","Negative","PANSS","PANSS_Negative","Interviewer-rated",15.51,5.66,96,16.45,5.63,96,,,,,,,,,,,,,,,96,96,192,2015,"post",,"24","Individual",,,"China",1,"upper middle-income","high",0.741,"Western Pacific",31.36,0.625,"Both","Schizophrenia",,"DSM-IV",,,7.6,8.82,"Mid",0,0,,,"Low Risk","Low Risk","Low Risk","High Risk","Low Risk","High Risk","Li_2015_msd_PANSS_Negative_post_NA_Interviewer-rated_CBT_SC_NA_NA",-0.165860279811018,0.144587491499077,,,,,,
"Li,2015","Li, Z.-J., Guo, Z.-H., Wang, N., Xu, Z.-Y., Qu, Y., Wang, X.-Q., Sun, J., Yan, L.-Q., Ng, R., & Turkington, D. (2015). Cognitive–behavioural therapy for patients with schizophrenia: a multicentre randomized controlled trial in Beijing, China. Psychological medicine, 45(9), 1893-1905.","CBT","SC",,,0,"psy vs ctr","msd","Positive","PANSS","PANSS_Positive","Interviewer-rated",15.23,5.78,96,15.04,5.12,96,,,,,,,,,,,,,,,96,96,192,2015,"post",,"24","Individual",,,"China",1,"upper middle-income","high",0.741,"Western Pacific",31.36,0.625,"Both","Schizophrenia",,"DSM-IV",,,7.6,8.82,"Mid",0,0,,,"Low Risk","Low Risk","Low Risk","High Risk","Low Risk","High Risk","Li_2015_msd_PANSS_Positive_post_NA_Interviewer-rated_CBT_SC_NA_NA",0.0346611074501083,0.14434849094787,,,,,,
"Li,2015","Li, Z.-J., Guo, Z.-H., Wang, N., Xu, Z.-Y., Qu, Y., Wang, X.-Q., Sun, J., Yan, L.-Q., Ng, R., & Turkington, D. (2015). Cognitive–behavioural therapy for patients with schizophrenia: a multicentre randomized controlled trial in Beijing, China. Psychological medicine, 45(9), 1893-1905.","CBT","SC",,,0,"psy vs ctr","msd","Total","PANSS","PANSS_Total","Interviewer-rated",51.32,13.25,96,52.23,12.65,96,,,,,,,,,,,,,,,96,96,192,2015,"post",,"24","Individual",,,"China",1,"upper middle-income","high",0.741,"Western Pacific",31.36,0.625,"Both","Schizophrenia",,"DSM-IV",,,7.6,8.82,"Mid",0,0,,,"Low Risk","Low Risk","Low Risk","High Risk","Low Risk","High Risk","Li_2015_msd_PANSS_Total_post_NA_Interviewer-rated_CBT_SC_NA_NA",-0.0699737484670003,0.144382081917787,,,,,,
"Tao,2015","Tao, J., Zeng, Q., Liang, J., Zhou, A., Yin, X., & Xu, A. (2015). Effects of cognitive rehabilitation training on schizophrenia: 2 years of follow-up. International Journal of Clinical and Experimental Medicine, 8(9), 16089.","CR","TAU0",,,0,"psy vs ctr","msd","Total","PANSS","PANSS_Total","Interviewer-rated",60.75,11.79,44,61.45,8.95,42,,,,,,,,,,,,,,,44,42,86,2015,"post",,"12","Individual & Group & Computer-Based",,,"China",1,"upper middle-income","high",0.741,"Western Pacific",29.32,0.4535,"Inpatient","Schizophrenia",,"CCMD-3",,,,,,0,0,,"First Generation Antipsychotis (FGA) only","Some Concern","High Risk","High Risk","High Risk","Some Concern","High Risk","Tao_2015_msd_PANSS_Total_post_NA_Interviewer-rated_CR_TAU0_NA_NA",-0.0660683005688315,0.215783769716825,,,,,,
"Cai,2015","Cai, J., Zhu, Y., Zhang, W., Wang, Y., & Zhang, C. (2015). Comprehensive family therapy: an effective approach for cognitive rehabilitation in schizophrenia. Neuropsychiatric disease and treatment, 11, 1247.","SST_FPE","TAU1",,,0,"psy vs ctr","msd","Negative","PANSS","PANSS_Negative","Interviewer-rated",11.11,3.83,133,10.62,3.45,111,,,,,,,,,,,,,,,133,123,256,2015,"post",,"10","Group",,,"China",1,"upper middle-income","high",0.741,"Western Pacific",34.19,0.5352,"Outpatient","Schizophrenia","≤ 5 years","DSM-IV",,,3.95,3.69,"Early",1,0,"Stable",,"Low Risk","High Risk","Some Concern","Low Risk","Some Concern","High Risk","Cai_2015_msd_PANSS_Negative_post_NA_Interviewer-rated_SST_FPE_TAU1_NA_NA",0.13338556908661,0.12870311455608,,,,,,
"Cai,2015","Cai, J., Zhu, Y., Zhang, W., Wang, Y., & Zhang, C. (2015). Comprehensive family therapy: an effective approach for cognitive rehabilitation in schizophrenia. Neuropsychiatric disease and treatment, 11, 1247.","SST_FPE","TAU1",,,0,"psy vs ctr","msd","Positive","PANSS","PANSS_Positive","Interviewer-rated",9.44,2.87,133,9.03,2.45,111,,,,,,,,,,,,,,,133,123,256,2015,"post",,"10","Group",,,"China",1,"upper middle-income","high",0.741,"Western Pacific",34.19,0.5352,"Outpatient","Schizophrenia","≤ 5 years","DSM-IV",,,3.95,3.69,"Early",1,0,"Stable",,"Low Risk","High Risk","Some Concern","Low Risk","Some Concern","High Risk","Cai_2015_msd_PANSS_Positive_post_NA_Interviewer-rated_SST_FPE_TAU1_NA_NA",0.152099510444356,0.128745903985705,,,,,,
"Cai,2015","Cai, J., Zhu, Y., Zhang, W., Wang, Y., & Zhang, C. (2015). Comprehensive family therapy: an effective approach for cognitive rehabilitation in schizophrenia. Neuropsychiatric disease and treatment, 11, 1247.","SST_FPE","TAU1",,,0,"psy vs ctr","msd","Total","PANSS","PANSS_Total","Interviewer-rated",41.91,9.49,133,40.1,7.48,111,,,,,,,,,,,,,,,133,123,256,2015,"post",,"10","Group",,,"China",1,"upper middle-income","high",0.741,"Western Pacific",34.19,0.5352,"Outpatient","Schizophrenia","≤ 5 years","DSM-IV",,,3.95,3.69,"Early",1,0,"Stable",,"Low Risk","High Risk","Some Concern","Low Risk","Some Concern","High Risk","Cai_2015_msd_PANSS_Total_post_NA_Interviewer-rated_SST_FPE_TAU1_NA_NA",0.208972305969951,0.12891024150226,,,,,,
"Naeem,2015","Naeem, F., Saeed, S., Irfan, M., Kiran, T., Mehmood, N., Gul, M., Munshi, T., Ahmad, S., Kazmi, A., & Husain, N. (2015). Brief culturally adapted CBT for psychosis (CaCBTp): a randomized controlled trial from a low income country. schizophrenia Research, 164(1-3), 143-148.","CBTp","TAU1",,,0,"psy vs ctr","msd","Negative","PANSS","PANSS_Negative","Interviewer-rated",11.2,3.5,53,14.8,4.9,49,,,,,,,,,,,,,,,59,57,116,2015,"post",,"17","Individual",,,"Pakistan",1,"lower middle-income","low",0.525,"Eastern Mediterranean",31.39,0.3966,"Outpatient","Schizophrenia",,"ICD-10",,,4.7,5.8,"Early",1,0,,,"Low Risk","Low Risk","Some Concern","Low Risk","Low Risk","Some Concern","Naeem_2015_msd_PANSS_Negative_post_NA_Interviewer-rated_CBTp_TAU1_NA_NA",-0.844620010824851,0.206945036843145,,,,,,
"Naeem,2015","Naeem, F., Saeed, S., Irfan, M., Kiran, T., Mehmood, N., Gul, M., Munshi, T., Ahmad, S., Kazmi, A., & Husain, N. (2015). Brief culturally adapted CBT for psychosis (CaCBTp): a randomized controlled trial from a low income country. schizophrenia Research, 164(1-3), 143-148.","CBTp","TAU1",,,0,"psy vs ctr","msd","Positive","PANSS","PANSS_Positive","Interviewer-rated",13.1,4.7,53,16.9,5.5,49,,,,,,,,,,,,,,,59,57,116,2015,"post",,"17","Individual",,,"Pakistan",1,"lower middle-income","low",0.525,"Eastern Mediterranean",31.39,0.3966,"Outpatient","Schizophrenia",,"ICD-10",,,4.7,5.8,"Early",1,0,,,"Low Risk","Low Risk","Some Concern","Low Risk","Low Risk","Some Concern","Naeem_2015_msd_PANSS_Positive_post_NA_Interviewer-rated_CBTp_TAU1_NA_NA",-0.739541292454828,0.204933768698698,,,,,,
"Naeem,2015","Naeem, F., Saeed, S., Irfan, M., Kiran, T., Mehmood, N., Gul, M., Munshi, T., Ahmad, S., Kazmi, A., & Husain, N. (2015). Brief culturally adapted CBT for psychosis (CaCBTp): a randomized controlled trial from a low income country. schizophrenia Research, 164(1-3), 143-148.","CBTp","TAU1",,,0,"psy vs ctr","msd","Total","PANSS","PANSS_Total","Interviewer-rated",48,12.14,53,61.7,15.86,49,,,,,,,,,,,,,,,59,57,116,2015,"post",,"17","Individual",,,"Pakistan",1,"lower middle-income","low",0.525,"Eastern Mediterranean",31.39,0.3966,"Outpatient","Schizophrenia",,"ICD-10",,,4.7,5.8,"Early",1,0,,,"Low Risk","Low Risk","Some Concern","Low Risk","Low Risk","Some Concern","Naeem_2015_msd_PANSS_Total_post_NA_Interviewer-rated_CBTp_TAU1_NA_NA",-0.967821455393933,0.209612692956231,,,,,,
"Wang,2015","Wang, F. Z., Luo, D., Kanb, W., & Wang, Y. (2015). Combined intervention with education and progressive muscle relaxation on quality of life, functional disability, and positive symptoms in patients with acute schizophrenia. Journal of alternative and complementary medicine (New York, N.Y.), 21(3), 159–165. https://doi.org/10.1089/acm.2014.0128","PE_PMR","TAU1","PE_PMR","TAU1",1,"psy vs ctr","msd","Positive","SAPS","SAPS_Positive","Interviewer-rated",43.8,23.9,13,62.7,23.9,13,,,,,,,,,,,,,,,16,16,32,2015,"post",,"5","Group",,,"China",1,"upper middle-income","high",0.741,"Western Pacific",,,"Inpatient","Schizophrenia",,"DSM-IV",,"Anxiety, Depression",,,"Chronic",0,0,"Acute",,"Some Concern","High Risk","High Risk","High Risk","Some Concern","High Risk","Wang_2015_msd_SAPS_Positive_post_NA_Interviewer-rated_PE_PMR_TAU1_PE_PMR_TAU1",-0.765822506055935,0.407274163445625,,,,,,
"Wang,2015","Wang, F. Z., Luo, D., Kanb, W., & Wang, Y. (2015). Combined intervention with education and progressive muscle relaxation on quality of life, functional disability, and positive symptoms in patients with acute schizophrenia. Journal of alternative and complementary medicine (New York, N.Y.), 21(3), 159–165. https://doi.org/10.1089/acm.2014.0128","PEN","TAU1","PEN","TAU1",1,"psy vs ctr","msd","Positive","SAPS","SAPS_Positive","Interviewer-rated",55.1,25.6,14,62.7,23.9,13,,,,,,,,,,,,,,,16,16,32,2015,"post",,"5","Group",,,"China",1,"upper middle-income","high",0.741,"Western Pacific",,,"Inpatient","Schizophrenia",,"DSM-IV",,"Anxiety, Depression",,,"Chronic",0,0,"Acute",,"Some Concern","High Risk","High Risk","High Risk","Some Concern","High Risk","Wang_2015_msd_SAPS_Positive_post_NA_Interviewer-rated_PEN_TAU1_PEN_TAU1",-0.297182595823136,0.387415763777465,,,,,,
"Wang,2015","Wang, F. Z., Luo, D., Kanb, W., & Wang, Y. (2015). Combined intervention with education and progressive muscle relaxation on quality of life, functional disability, and positive symptoms in patients with acute schizophrenia. Journal of alternative and complementary medicine (New York, N.Y.), 21(3), 159–165. https://doi.org/10.1089/acm.2014.0128","PMR","TAU1","PMR","TAU1",1,"psy vs ctr","msd","Positive","SAPS","SAPS_Positive","Interviewer-rated",57.2,23.7,12,62.7,23.9,13,,,,,,,,,,,,,,,16,16,32,2015,"post",,"5","Group",,,"China",1,"upper middle-income","high",0.741,"Western Pacific",,,"Inpatient","Schizophrenia",,"DSM-IV",,"Anxiety, Depression",,,"Chronic",0,0,"Acute",,"Some Concern","High Risk","High Risk","High Risk","Some Concern","High Risk","Wang_2015_msd_SAPS_Positive_post_NA_Interviewer-rated_PMR_TAU1_PMR_TAU1",-0.223431220031846,0.401651684435988,,,,,,
"Sánchez,2014","Sánchez, P., Peña, J., Bengoetxea, E., Ojeda, N., Elizagárate, E., Ezcurra, J., & Gutiérrez, M. (2014). Improvements in negative symptoms and functional outcome after a new generation cognitive remediation program: a randomized controlled trial. Schizophrenia Bulletin, 40(3), 707-715.","CR_CRSS","BF",,,0,"psy vs ctr","msd","Negative","PANSS","PANSS_Negative","Interviewer-rated",21.91,9.4,36,22.84,10.1,48,,,,,,,,,,,,,,,38,54,92,2014,"post",,"13","Group",,,"Spain",0,"high-income","very high",0.88,"European",35.55,0.2174,"Inpatient","Schizophrenia",,"DSM-IV-TR",,"Alcohol/Tobacco use",,,"Chronic",0,0,,,"Some Concern","High Risk","Some Concern","Low Risk","Some Concern","High Risk","Sánchez_2014_msd_PANSS_Negative_post_NA_Interviewer-rated_CR_CRSS_BF_NA_NA",-0.0939570309599788,0.220600625285853,,,,,,
"Sánchez,2014","Sánchez, P., Peña, J., Bengoetxea, E., Ojeda, N., Elizagárate, E., Ezcurra, J., & Gutiérrez, M. (2014). Improvements in negative symptoms and functional outcome after a new generation cognitive remediation program: a randomized controlled trial. Schizophrenia Bulletin, 40(3), 707-715.","CR_CRSS","BF",,,0,"psy vs ctr","msd","Positive","PANSS","PANSS_Positive","Interviewer-rated",12.72,5.1,36,12.75,7,48,,,,,,,,,,,,,,,38,54,92,2014,"post",,"13.00","Group",,,"Spain",0,"high-income","very high",0.88,"European",35.55,0.2174,"Inpatient","Schizophrenia",,"DSM-IV-TR",,"Alcohol/Tobacco use",,,"Chronic",0,0,,,"Some Concern","High Risk","Some Concern","Low Risk","Some Concern","High Risk","Sánchez_2014_msd_PANSS_Positive_post_NA_Interviewer-rated_CR_CRSS_BF_NA_NA",-0.00474839044703406,0.22047958594295,,,,,,
"Sánchez,2014","Sánchez, P., Peña, J., Bengoetxea, E., Ojeda, N., Elizagárate, E., Ezcurra, J., & Gutiérrez, M. (2014). Improvements in negative symptoms and functional outcome after a new generation cognitive remediation program: a randomized controlled trial. Schizophrenia Bulletin, 40(3), 707-715.","CR_CRSS","BF",,,0,"psy vs ctr","msd","Total","PANSS","PANSS_Total","Interviewer-rated",74.38,23.5,36,71.7,25.6,48,,,,,,,,,,,,,,,38,54,92,2014,"post",,"13.00","Group",,,"Spain",0,"high-income","very high",0.88,"European",35.55,0.2174,"Inpatient","Schizophrenia",,"DSM-IV-TR",,"Alcohol/Tobacco use",,,"Chronic",0,0,,,"Some Concern","High Risk","Some Concern","Low Risk","Some Concern","High Risk","Sánchez_2014_msd_PANSS_Total_post_NA_Interviewer-rated_CR_CRSS_BF_NA_NA",0.107395781652284,0.220637807861242,,,,,,
"Chien,2014","Chien, W. T., & Thompson, D. R. (2014). Effects of a mindfulness-based psychoeducation programme for Chinese patients with schizophrenia: 2-year follow-up. The British Journal of Psychiatry, 205(1), 52-59.","MPE","PE","MPE","PE",1,"psy vs psy","msd","Total","BPRS","BPRS_Total","Interviewer-rated",24.8,6,36,28.9,5.1,36,,,,,,,,,,,,,,,36,36,72,2014,"post",,"24","Group",,,"Hong Kong",0,"high-income","very high",0.949,"Western Pacific",25.63,0.4299,"Outpatient","Schizophrenia","≤ 5 years","DSM-IV",,,2.6,2.5,"Early",1,0,,,"Low Risk","Low Risk","Low Risk","Low Risk","Low Risk","Low Risk","Chien_2014_msd_BPRS_Total_post_NA_Interviewer-rated_MPE_PE_MPE_PE",-0.72840491513873,0.243558266723145,,,,,,
"Chien,2014","Chien, W. T., & Thompson, D. R. (2014). Effects of a mindfulness-based psychoeducation programme for Chinese patients with schizophrenia: 2-year follow-up. The British Journal of Psychiatry, 205(1), 52-59.","MPE","TAU2","MPE","TAU2",1,"psy vs ctr","msd","Total","BPRS","BPRS_Total","Interviewer-rated",24.8,6,36,30.9,6.8,35,,,,,,,,,,,,,,,36,35,71,2014,"post",,"24","Group",,,"Hong Kong",0,"high-income","very high",0.949,"Western Pacific",25.63,0.4299,"Outpatient","Schizophrenia","≤ 5 years","DSM-IV",,,2.6,2.7,"Early",1,0,,,"Low Risk","Low Risk","Low Risk","Low Risk","Low Risk","Low Risk","Chien_2014_msd_BPRS_Total_post_NA_Interviewer-rated_MPE_TAU2_MPE_TAU2",-0.941741476561514,0.250466264637352,,,,,,
"Chien,2014","Chien, W. T., & Thompson, D. R. (2014). Effects of a mindfulness-based psychoeducation programme for Chinese patients with schizophrenia: 2-year follow-up. The British Journal of Psychiatry, 205(1), 52-59.","PE","TAU2","PE","TAU2",1,"psy vs ctr","msd","Total","BPRS","BPRS_Total","Interviewer-rated",28.9,5.1,36,30.9,6.8,35,,,,,,,,,,,,,,,36,35,71,2014,"post",,"24","Group",,,"Hong Kong",0,"high-income","very high",0.949,"Western Pacific",25.63,0.4299,"Outpatient","Schizophrenia","≤ 5 years","DSM-IV",,,2.5,2.7,"Early",1,0,,,"Low Risk","Low Risk","Low Risk","Low Risk","Low Risk","Low Risk","Chien_2014_msd_BPRS_Total_post_NA_Interviewer-rated_PE_TAU2_PE_TAU2",-0.32979589674968,0.239023322297091,,,,,,
"Chien,2013b","Chien, W. T., & Thompson, D. R. (2013). An RCT with three-year follow-up of peer support groups for Chinese families of persons with schizophrenia. Psychiatric services (Washington, D.C.), 64(10), 997–1005. https://doi.org/10.1176/appi.ps.201200243","FSG","PE","FSG","PE",1,"psy vs psy","msd","Positive","BPRS","BPRS_Positive","Interviewer-rated",9.9,3,35,9.8,3.9,35,,,,,,,,,,,,,,,35,35,70,2013,"post",,"40","Group",,,"Hong Kong",0,"high-income","very high",0.949,"Western Pacific",42.84,0.6509,"Outpatient","Schizophrenia",,"DSM-IV",,,2.5,2.5,"Early",1,0,"Stable",,"Some Concern","Low Risk","Some Concern","Low Risk","Low Risk","Some Concern","Chien_2013b_msd_BPRS_Positive_post_NA_Interviewer-rated_FSG_PE_FSG_PE",0.0284238633293659,0.239058063851133,,,,,,
"Byrne,2013","Byrne, L. K., Peng, D., McCabe, M., Mellor, D., Zhang, J., Zhang, T., Huang, J., & Xu, Y. (2013). Does practice make perfect? Results from a Chinese feasibility study of cognitive remediation in schizophrenia. Neuropsychological rehabilitation, 23(4), 580-596.","CR","TAU1",,,0,"psy vs ctr","msd","Negative","PANSS","PANSS_Negative","Interviewer-rated",16.14,3.89,14,19.43,6.17,17,,,,,,,,,,,,,,,27,24,51,2013,"post",,"6","Computer-Based",,,"China",1,"upper middle-income","high",0.723,"Western Pacific",45.57,,"Inpatient","Schizophrenia",,"DSM-IV",,,19.44,24.92,"Chronic",0,0,"Stable",,"Some Concern","High Risk","Some Concern","High Risk","Some Concern","High Risk","Byrne_2013_msd_PANSS_Negative_post_NA_Interviewer-rated_CR_TAU1_NA_NA",-0.607849605248115,0.369506430181832,,,,,,
"Byrne,2013","Byrne, L. K., Peng, D., McCabe, M., Mellor, D., Zhang, J., Zhang, T., Huang, J., & Xu, Y. (2013). Does practice make perfect? Results from a Chinese feasibility study of cognitive remediation in schizophrenia. Neuropsychological rehabilitation, 23(4), 580-596.","CR","TAU1",,,0,"psy vs ctr","msd","Positive","PANSS","PANSS_Positive","Interviewer-rated",13.64,7.34,14,13.43,4.44,17,,,,,,,,,,,,,,,27,24,51,2013,"post",,"6","Computer-Based",,,"China",1,"upper middle-income","high",0.723,"Western Pacific",45.57,,"Inpatient","Schizophrenia",,"DSM-IV",,,19.44,24.92,"Chronic",0,0,"Stable",,"Low Risk","High Risk","High Risk","High Risk","Some Concern","High Risk","Byrne_2013_msd_PANSS_Positive_post_NA_Interviewer-rated_CR_TAU1_NA_NA",0.034556861010553,0.360932690965784,,,,,,
"Byrne,2013","Byrne, L. K., Peng, D., McCabe, M., Mellor, D., Zhang, J., Zhang, T., Huang, J., & Xu, Y. (2013). Does practice make perfect? Results from a Chinese feasibility study of cognitive remediation in schizophrenia. Neuropsychological rehabilitation, 23(4), 580-596.","CR","TAU1",,,0,"psy vs ctr","msd","Total","PANSS","PANSS_Total","Interviewer-rated",58.21,16.68,14,62.29,12.15,17,,,,,,,,,,,,,,,27,24,51,2013,"post",,"6","Computer-Based",,,"China",1,"upper middle-income","high",0.723,"Western Pacific",45.57,,"Inpatient","Schizophrenia",,"DSM-IV",,,19.44,24.92,"Chronic",0,0,"Stable",,"Low Risk","High Risk","High Risk","High Risk","Some Concern","High Risk","Byrne_2013_msd_PANSS_Total_post_NA_Interviewer-rated_CR_TAU1_NA_NA",-0.276739066654102,0.362704279531477,,,,,,
"Chien,2013a","Chien, W. T., & Lee, I. Y. (2013). The mindfulness-based psychoeducation program for Chinese patients with schizophrenia. Psychiatric Services, 64(4), 376-379.","MPE","TAU2",,,0,"psy vs ctr","msd","Total","BPRS","BPRS_Total","Interviewer-rated",55.8,13.2,48,60.5,13,48,,,,,,,,,,,,,,,48,48,96,2013,"post",,"13","Group",,,"Hong Kong",0,"high-income","very high",0.949,"Western Pacific",25.8,0.45,"Outpatient","Schizophrenia","< 5 years","DSM-IV",,,3.1,3.1,"Early",1,0,,,"Some Concern","Low Risk","Some Concern","Low Risk","Some Concern","High Risk","Chien_2013a_msd_BPRS_Total_post_NA_Interviewer-rated_MPE_TAU2_NA_NA",-0.355898027712745,0.205759702611795,,,,,,
"Chien,2013b","Chien, W. T., & Thompson, D. R. (2013). An RCT with three-year follow-up of peer support groups for Chinese families of persons with schizophrenia. Psychiatric services (Washington, D.C.), 64(10), 997–1005. https://doi.org/10.1176/appi.ps.201200243","FSG","TAU2","FSG","TAU2",1,"psy vs ctr","msd","Positive","BPRS","BPRS_Positive","Interviewer-rated",9.9,3,35,10.4,4,36,,,,,,,,,,,,,,,35,36,71,2013,"post",,"40","Group",,,"Hong Kong",0,"high-income","very high",0.949,"Western Pacific",42.84,0.6509,"Outpatient","Schizophrenia",,"DSM-IV",,,2.5,2.5,"Early",1,0,"Stable",,"Some Concern","Low Risk","Some Concern","Low Risk","Low Risk","Some Concern","Chien_2013b_msd_BPRS_Positive_post_NA_Interviewer-rated_FSG_TAU2_FSG_TAU2",-0.139595627062302,0.237675161058862,,,,,,
"Chien,2013b","Chien, W. T., & Thompson, D. R. (2013). An RCT with three-year follow-up of peer support groups for Chinese families of persons with schizophrenia. Psychiatric services (Washington, D.C.), 64(10), 997–1005. https://doi.org/10.1176/appi.ps.201200243","PE","TAU2","PE","TAU2",1,"psy vs ctr","msd","Positive","BPRS","BPRS_Positive","Interviewer-rated",9.8,3.9,35,10.4,4,36,,,,,,,,,,,,,,,35,36,71,2013,"post",,"40","Group",,,"Hong Kong",0,"high-income","very high",0.949,"Western Pacific",42.84,0.6509,"Outpatient","Schizophrenia",,"DSM-IV",,,2.5,2.5,"Early",1,0,"Stable",,"Some Concern","Low Risk","Some Concern","Low Risk","Low Risk","Some Concern","Chien_2013b_msd_BPRS_Positive_post_NA_Interviewer-rated_PE_TAU2_PE_TAU2",-0.150202073841117,0.237721703351777,,,,,,
"Lee,2013","Lee, W. K. (2013). Effectiveness of computerized cognitive rehabilitation training on symptomatological, neuropsychological and work function in patients with schizophrenia. Asia‐Pacific Psychiatry, 5(2), 90-100.","CR","TAU2",,,0,"psy vs ctr","msd","Negative","PANSS","PANSS_Negative","Interviewer-rated",15.58,4.65,30,15.74,4.75,30,,,,,,,,,,,,,,,33,33,66,2013,"post",,"13","Computer-Based",,,"South Korea",0,"high-income","very high",0.902,"Western Pacific",43.5,0.45,"Inpatient","Schizophrenia",,"DSM-IV",,,17.75,17.53,"Chronic",0,0,"Stable",,"Some Concern","High Risk","Some Concern","Low Risk","Some Concern","High Risk","Lee_2013_msd_PANSS_Negative_post_NA_Interviewer-rated_CR_TAU2_NA_NA",-0.033598540934622,0.258217588548342,,,,,,
"Lee,2013","Lee, W. K. (2013). Effectiveness of computerized cognitive rehabilitation training on symptomatological, neuropsychological and work function in patients with schizophrenia. Asia‐Pacific Psychiatry, 5(2), 90-100.","CR","TAU2",,,0,"psy vs ctr","msd","Positive","PANSS","PANSS_Positive","Interviewer-rated",15.64,3.63,30,15.74,4.72,30,,,,,,,,,,,,,,,33,33,66,2013,"post",,"13","Computer-Based",,,"South Korea",0,"high-income","very high",0.902,"Western Pacific",43.5,0.45,"Inpatient","Schizophrenia",,"DSM-IV",,,17.75,17.53,"Chronic",0,0,"Stable",,"Some Concern","High Risk","Some Concern","Low Risk","Some Concern","High Risk","Lee_2013_msd_PANSS_Positive_post_NA_Interviewer-rated_CR_TAU2_NA_NA",-0.0234421414805073,0.258207992558956,,,,,,
"Lee,2013","Lee, W. K. (2013). Effectiveness of computerized cognitive rehabilitation training on symptomatological, neuropsychological and work function in patients with schizophrenia. Asia‐Pacific Psychiatry, 5(2), 90-100.","CR","TAU2",,,0,"psy vs ctr","msd","Total","PANSS","PANSS_Total","Interviewer-rated",64.97,14.11,30,64.6,14.43,30,,,,,,,,,,,,,,,33,33,66,2013,"post",,"13","Computer-Based",,,"South Korea",0,"high-income","very high",0.902,"Western Pacific",43.5,0.45,"Inpatient","Schizophrenia",,"DSM-IV",,,17.75,17.53,"Chronic",0,0,"Stable",,"Some Concern","High Risk","Some Concern","Low Risk","Some Concern","High Risk","Lee_2013_msd_PANSS_Total_post_NA_Interviewer-rated_CR_TAU2_NA_NA",0.0255901788273655,0.258209737160084,,,,,,
"Valencia,2013","Valencia, M., Fresan, A., Juárez, F., Escamilla, R., & Saracco, R. (2013). The beneficial effects of combining pharmacological and psychosocial treatment on remission and functional outcome in outpatients with schizophrenia. Journal of Psychiatric Research, 47(12), 1886-1892. https://doi.org/https://doi.org/10.1016/j.jpsychires.2013.09.006","SST","TAU2",,,0,"psy vs ctr","change","Negative","PANSS","PANSS_Negative","Interviewer-rated",,,,,,,-13,10.6,68,-7.1,5.1,51,,,,,,,,,74,74,148,2013,"post",,"26","Group",,,"Mexico",1,"upper middle-income","high",0.761,"Americas",29.5,0.252,"Outpatient","Schizophrenia",,"DSM-IV",,,8.2,8.3,"Mid",0,0,"Stable",,"Some Concern","High Risk","High Risk","Low Risk","Some Concern","High Risk","Valencia_2013_change_PANSS_Negative_post_NA_Interviewer-rated_SST_TAU2_NA_NA",-0.674838156417612,0.190399636313538,,,,,,
"Valencia,2013","Valencia, M., Fresan, A., Juárez, F., Escamilla, R., & Saracco, R. (2013). The beneficial effects of combining pharmacological and psychosocial treatment on remission and functional outcome in outpatients with schizophrenia. Journal of Psychiatric Research, 47(12), 1886-1892. https://doi.org/https://doi.org/10.1016/j.jpsychires.2013.09.006","SST","TAU2",,,0,"psy vs ctr","change","Positive","PANSS","PANSS_Positive","Interviewer-rated",,,,,,,-13.5,10.6,68,-7.3,7.8,51,,,,,,,,,74,74,148,2013,"post",,"26","Group",,,"Mexico",1,"upper middle-income","high",0.761,"Americas",29.5,0.252,"Outpatient","Schizophrenia",,"DSM-IV",,,8.2,8.3,"Mid",0,0,"Stable",,"Some Concern","High Risk","High Risk","Low Risk","Some Concern","High Risk","Valencia_2013_change_PANSS_Positive_post_NA_Interviewer-rated_SST_TAU2_NA_NA",-0.64810558127527,0.190003943266488,,,,,,
"Valencia,2013","Valencia, M., Fresan, A., Juárez, F., Escamilla, R., & Saracco, R. (2013). The beneficial effects of combining pharmacological and psychosocial treatment on remission and functional outcome in outpatients with schizophrenia. Journal of Psychiatric Research, 47(12), 1886-1892. https://doi.org/https://doi.org/10.1016/j.jpsychires.2013.09.006","SST","TAU2",,,0,"psy vs ctr","change","Total","PANSS","PANSS_Total","Interviewer-rated",,,,,,,-49.2,33.5,68,-27.8,25.6,51,,,,,,,,,74,74,148,2013,"post",,"26","Group",,,"Mexico",1,"upper middle-income","high",0.761,"Americas",29.5,0.252,"Outpatient","Schizophrenia",,"DSM-IV",,,8.2,8.3,"Mid",0,0,"Stable",,"Some Concern","High Risk","High Risk","Low Risk","Some Concern","High Risk","Valencia_2013_change_PANSS_Total_post_NA_Interviewer-rated_SST_TAU2_NA_NA",-0.699969119181229,0.190785412959496,,,,,,
"Tas,2012","Tas, C., Danaci, A. E., Cubukcuoglu, Z., & Brüne, M. (2012). Impact of family involvement on social cognition training in clinically stable outpatients with schizophrenia — A randomized pilot study. Psychiatry Research, 195(1), 32-38. https://doi.org/https://doi.org/10.1016/j.psychres.2011.07.031","CRSS","BF",,,0,"psy vs ctr","msd","Negative","PANSS","PANSS_Negative","Interviewer-rated",14.84,4.82,19,19.19,6.12,26,,,,,,,,,,,,,,,22,27,49,2012,"post",,"16","Group",,,"Turkey",1,"upper middle-income","high",0.772,"European",34.07,,"Outpatient","Schizophrenia",,"DSM-IV",,,12.63,11.85,"Chronic",0,0,"Stable",,"High Risk","High Risk","Some Concern","Low Risk","Some Concern","Some Concern","Tas_2012_msd_PANSS_Negative_post_NA_Interviewer-rated_CRSS_BF_NA_NA",-0.761447957169663,0.312677961667576,,,,,,
"Tas,2012","Tas, C., Danaci, A. E., Cubukcuoglu, Z., & Brüne, M. (2012). Impact of family involvement on social cognition training in clinically stable outpatients with schizophrenia — A randomized pilot study. Psychiatry Research, 195(1), 32-38. https://doi.org/https://doi.org/10.1016/j.psychres.2011.07.031","CRSS","BF",,,0,"psy vs ctr","msd","Total","PANSS","PANSS_Total","Interviewer-rated",50,10.67,19,62.77,18.35,26,,,,,,,,,,,,,,,22,27,49,2012,"post",,"16","Group",,,"Turkey",1,"upper middle-income","high",0.772,"European",34.07,,"Outpatient","Schizophrenia",,"DSM-IV",,,12.63,11.85,"Chronic",0,0,"Stable",,"High Risk","High Risk","Some Concern","Low Risk","Some Concern","Some Concern","Tas_2012_msd_PANSS_Total_post_NA_Interviewer-rated_CRSS_BF_NA_NA",-0.804118538789585,0.313905266553339,,,,,,
"Tas,2012","Tas, C., Danaci, A. E., Cubukcuoglu, Z., & Brüne, M. (2012). Impact of family involvement on social cognition training in clinically stable outpatients with schizophrenia — A randomized pilot study. Psychiatry Research, 195(1), 32-38. https://doi.org/https://doi.org/10.1016/j.psychres.2011.07.031","CRSS","BF",,,0,"psy vs ctr","msd","Positive","PANSS","PANSS_Positive","Interviewer-rated",10,2.05,19,12.77,5.69,26,,,,,,,,,,,,,,,22,27,49,2012,"post",,"16","Group",,,"Turkey",1,"upper middle-income","high",0.772,"European",34.07,0.4889,"Outpatient","Schizophrenia",,"DSM-IV",,,12.63,11.85,"Chronic",0,0,"Stable",,"High Risk","High Risk","Some Concern","Low Risk","Some Concern","Some Concern","Tas_2012_msd_PANSS_Positive_post_NA_Interviewer-rated_CRSS_BF_NA_NA",-0.599851678398139,0.308602011389915,,,,,,
"Keefe,2012","Keefe, R. S., Vinogradov, S., Medalia, A., Buckley, P. F., Caroff, S. N., Deepak, C., Harvey, P. D., Graham, K. A., Hamer, R. M., & Marder, S. M. (2012). Feasibility and pilot efficacy results from the multisite Cognitive Remediation in the Schizophrenia Trials Network (CRSTN) randomized controlled trial. The Journal of Clinical Psychiatry, 73(7), 7221.","CR_SST","CC_BF",,,0,"psy vs ctr","msd","Total","PANSS","PANSS_Total","Interviewer-rated",54.08,15.75,25,59.91,15.97,22,,,,,,,,,,,,,,,27,26,53,2012,"post",,"12","Group",,,"USA",0,"high-income","very high",0.92,"Americas",37,0.2641,"Outpatient","Schizophrenia",,"DSM-IV",,,,,,0,0,"Stable",,"Some Concern","High Risk","Some Concern","Low Risk","Some Concern","High Risk","Keefe_2012_msd_PANSS_Total_post_NA_Interviewer-rated_CR_SST_CC_BF_NA_NA",-0.361589203990151,0.294776678704652,,,,,,
"Ojeda,2012","Ojeda, N., Peña, J., Sánchez, P., Bengoetxea, E., Elizagárate, E., Ezcurra, J., & Gutiérrez Fraile, M. (2012). Efficiency of cognitive rehabilitation with REHACOP in chronic treatment resistant Hispanic patients. NeuroRehabilitation, 30(1), 65-74.","CR_CRSS","OT",,,0,"psy vs ctr","msd","Negative","PANSS","PANSS_Negative","Interviewer-rated",24.44,10.3,44,20.21,6.9,40,,,,,,,,,,,,,,,47,46,93,2012,"post",,"13","Group",,,"Spain",0,"high-income","very high",0.875,"European",35.69,0.2024,"Inpatient","Schizophrenia","Treatment Resistant","DSM-IV",,,10.92,15.25,"Chronic",0,0,"Stable","Treatment resistant","Some Concern","High Risk","Some Concern","Low Risk","Some Concern","High Risk","Ojeda_2012_msd_PANSS_Negative_post_NA_Interviewer-rated_CR_CRSS_OT_NA_NA",0.473720703302173,0.221557905570253,,,,,,
"Ojeda,2012","Ojeda, N., Peña, J., Sánchez, P., Bengoetxea, E., Elizagárate, E., Ezcurra, J., & Gutiérrez Fraile, M. (2012). Efficiency of cognitive rehabilitation with REHACOP in chronic treatment resistant Hispanic patients. NeuroRehabilitation, 30(1), 65-74.","CR_CRSS","OT",,,0,"psy vs ctr","msd","Positive","PANSS","PANSS_Positive","Interviewer-rated",18.16,5.3,44,20.35,9.9,40,,,,,,,,,,,,,,,47,46,93,2012,"post",,"13","Group",,,"Spain",0,"high-income","very high",0.875,"European",35.69,0.2024,"Inpatient","Schizophrenia","Treatment Resistant","DSM-IV",,,10.92,15.25,"Chronic",0,0,"Stable","Treatment resistant","Some Concern","High Risk","Some Concern","Low Risk","Some Concern","High Risk","Ojeda_2012_msd_PANSS_Positive_post_NA_Interviewer-rated_CR_CRSS_OT_NA_NA",-0.277046764134468,0.219528237355656,,,,,,
"Ojeda,2012","Ojeda, N., Peña, J., Sánchez, P., Bengoetxea, E., Elizagárate, E., Ezcurra, J., & Gutiérrez Fraile, M. (2012). Efficiency of cognitive rehabilitation with REHACOP in chronic treatment resistant Hispanic patients. NeuroRehabilitation, 30(1), 65-74.","CR_CRSS","OT",,,0,"psy vs ctr","msd","Total","PANSS","PANSS_Total","Interviewer-rated",85,18.9,44,72.85,22.3,40,,,,,,,,,,,,,,,47,46,93,2012,"post",,"13","Group",,,"Spain",0,"high-income","very high",0.875,"European",35.69,0.2024,"Inpatient","Schizophrenia","Treatment Resistant","DSM-IV",,,10.92,15.25,"Chronic",0,0,"Stable","Treatment resistant","Some Concern","High Risk","Some Concern","Low Risk","Some Concern","High Risk","Ojeda_2012_msd_PANSS_Total_post_NA_Interviewer-rated_CR_CRSS_OT_NA_NA",0.584757686116294,0.223160268808995,,,,,,
"Gharaeipour,2012","Gharaeipour, M., & Scott, B. J. (2012). Effects of cognitive remediation on neurocognitive functions and psychiatric symptoms in schizophrenia inpatients. Schizophrenia research, 142(1-3), 165–170. https://doi.org/10.1016/j.schres.2012.09.018","CR","SC",,,0,"psy vs ctr","msd","Negative","PANSS","PANSS_Negative","Interviewer-rated",23.67,4.1,21,31.48,4.45,21,,,,,,,,,,,,,,,21,21,42,2012,"post",,"8","Group",,,"Iran",1,"upper middle-income","high",0.78,"Eastern Mediterranean",28.72,0.2857,"Inpatient","Schizophrenia",,"DSM-IV",,,1.3,1.23,"Early",1,0,,,"Low Risk","Some Concern","Low Risk","Low Risk","Some Concern","Some Concern","Gharaeipour_2012_msd_PANSS_Negative_post_NA_Interviewer-rated_CR_SC_NA_NA",-1.79093083292525,0.367293548205761,,,,,,
"Gharaeipour,2012","Gharaeipour, M., & Scott, B. J. (2012). Effects of cognitive remediation on neurocognitive functions and psychiatric symptoms in schizophrenia inpatients. Schizophrenia research, 142(1-3), 165–170. https://doi.org/10.1016/j.schres.2012.09.018","CR","SC",,,0,"psy vs ctr","msd","Positive","PANSS","PANSS_Positive","Interviewer-rated",25.66,2.41,21,24.77,2.41,21,,,,,,,,,,,,,,,21,21,42,2012,"post",,"8","Group",,,"Iran",1,"upper middle-income","high",0.78,"Eastern Mediterranean",28.72,0.2857,"Inpatient","Schizophrenia",,"DSM-IV",,,1.3,1.23,"Early",1,0,,,"Low Risk","Some Concern","Low Risk","Low Risk","Some Concern","Some Concern","Gharaeipour_2012_msd_PANSS_Positive_post_NA_Interviewer-rated_CR_SC_NA_NA",0.362326783058013,0.311226041454632,,,,,,
"Sachs,2012","Sachs, G., Winklbaur, B., Jagsch, R., Lasser, I., Kryspin-Exner, I., Frommann, N., & Wölwer, W. (2012). Training of affect recognition (TAR) in schizophrenia--impact on functional outcome. Schizophrenia research, 138(2-3), 262–267. https://doi.org/10.1016/j.schres.2012.03.005","CRSS","TAU2",,,0,"psy vs ctr","msd","Negative","PANSS","PANSS_Negative","Interviewer-rated",18.45,6.18,20,19.89,6.13,18,,,,,,,,,,,,,,,20,20,40,2012,"post",,"6","Individual",,,"Austria",0,"high-income","very high",0.909,"European",29.34,0.4737,"Both","Schizophrenia",,"DSM-IV",,"Depression",,,,0,0,"Stable",,"Some Concern","Some Concern","Low Risk","Low Risk","Some Concern","High Risk","Sachs_2012_msd_PANSS_Negative_post_NA_Interviewer-rated_CRSS_TAU2_NA_NA",-0.22899440684114,0.325999114083106,,,,,,
"Vita,2011a","Vita, A., De Peri, L., Barlati, S., Cacciani, P., Deste, G., Poli, R., Agrimi, E., Cesana, B. M., & Sacchetti, E. (2011). Effectiveness of different modalities of cognitive remediation on symptomatological, neuropsychological, and functional outcome domains in schizophrenia: a prospective study in a real-world setting. Schizophr Res, 133(1-3), 223-231. https://doi.org/10.1016/j.schres.2011.08.010","CR","BF","BF","CR",1,"psy vs ctr","change","Negative","PANSS","PANSS_Negative","Interviewer-rated",,,,,,,-4.9,6.31,30,0.04,4.13,28,,,,,,,,,30,28,58,2011,"post",,"24","Group",,,"Italy",0,"high-income","very high",0.883,"European",39,0.3095,"Outpatient","Schizophrenia",,"DSM-IV-TR",,,14.8,17.93,"Chronic",0,0,,,"Some Concern","Low Risk","Low Risk","Low Risk","Some Concern","Some Concern","Vita_2011a_change_PANSS_Negative_post_NA_Interviewer-rated_CR_BF_BF_CR",-0.907455207100648,0.276299598383085,,,,,,
"Vita,2011a","Vita, A., De Peri, L., Barlati, S., Cacciani, P., Deste, G., Poli, R., Agrimi, E., Cesana, B. M., & Sacchetti, E. (2011). Effectiveness of different modalities of cognitive remediation on symptomatological, neuropsychological, and functional outcome domains in schizophrenia: a prospective study in a real-world setting. Schizophr Res, 133(1-3), 223-231. https://doi.org/10.1016/j.schres.2011.08.010","CR","BF","BF","CR",1,"psy vs ctr","change","Positive","PANSS","PANSS_Positive","Interviewer-rated",,,,,,,-5.47,4.92,30,-1.79,4.33,28,,,,,,,,,30,28,58,2011,"post",,"24","Group",,,"Italy",0,"high-income","very high",0.883,"European",39,0.3095,"Outpatient","Schizophrenia",,"DSM-IV-TR",,,14.8,17.93,"Chronic",0,0,,,"Some Concern","Low Risk","Low Risk","Low Risk","Some Concern","Some Concern","Vita_2011a_change_PANSS_Positive_post_NA_Interviewer-rated_CR_BF_BF_CR",-0.781608320331925,0.27287123083679,,,,,,
"Vita,2011a","Vita, A., De Peri, L., Barlati, S., Cacciani, P., Deste, G., Poli, R., Agrimi, E., Cesana, B. M., & Sacchetti, E. (2011). Effectiveness of different modalities of cognitive remediation on symptomatological, neuropsychological, and functional outcome domains in schizophrenia: a prospective study in a real-world setting. Schizophr Res, 133(1-3), 223-231. https://doi.org/10.1016/j.schres.2011.08.010","CR","BF","BF","CR",1,"psy vs ctr","change","Total","PANSS","PANSS_Total","Interviewer-rated",,,,,,,-20.8,18.35,30,-3.71,14.68,28,,,,,,,,,30,28,58,2011,"post",,"24","Group",,,"Italy",0,"high-income","very high",0.883,"European",39,0.3095,"Outpatient","Schizophrenia",,"DSM-IV-TR",,,14.8,17.93,"Chronic",0,0,,,"Some Concern","Low Risk","Low Risk","Low Risk","Some Concern","Some Concern","Vita_2011a_change_PANSS_Total_post_NA_Interviewer-rated_CR_BF_BF_CR",-1.01069740414725,0.279455788023234,,,,,,
"Vita,2011a","Vita, A., De Peri, L., Barlati, S., Cacciani, P., Deste, G., Poli, R., Agrimi, E., Cesana, B. M., & Sacchetti, E. (2011). Effectiveness of different modalities of cognitive remediation on symptomatological, neuropsychological, and functional outcome domains in schizophrenia: a prospective study in a real-world setting. Schizophr Res, 133(1-3), 223-231. https://doi.org/10.1016/j.schres.2011.08.010","CRSS","BF","BF","CRSS",1,"psy vs ctr","change","Negative","PANSS","PANSS_Negative","Interviewer-rated",,,,,,,-6.96,5.67,26,0.04,4.13,28,,,,,,,,,36,28,64,2011,"post",,"24","Group",,,"Italy",0,"high-income","very high",0.883,"European",39,0.3095,"Outpatient","Schizophrenia",,"DSM-IV-TR",,,14.94,17.93,"Chronic",0,0,,,"Some Concern","Low Risk","Low Risk","Low Risk","Some Concern","Some Concern","Vita_2011a_change_PANSS_Negative_post_NA_Interviewer-rated_CRSS_BF_BF_CRSS",-1.39907675537156,0.304691695223945,,,,,,
"Vita,2011a","Vita, A., De Peri, L., Barlati, S., Cacciani, P., Deste, G., Poli, R., Agrimi, E., Cesana, B. M., & Sacchetti, E. (2011). Effectiveness of different modalities of cognitive remediation on symptomatological, neuropsychological, and functional outcome domains in schizophrenia: a prospective study in a real-world setting. Schizophr Res, 133(1-3), 223-231. https://doi.org/10.1016/j.schres.2011.08.010","CRSS","BF","BF","CRSS",1,"psy vs ctr","change","Positive","PANSS","PANSS_Positive","Interviewer-rated",,,,,,,-5,3.4,26,-1.79,4.33,28,,,,,,,,,36,28,64,2011,"post",,"24","Group",,,"Italy",0,"high-income","very high",0.883,"European",39,0.3095,"Outpatient","Schizophrenia",,"DSM-IV-TR",,,14.94,17.93,"Chronic",0,0,,,"Some Concern","Low Risk","Low Risk","Low Risk","Some Concern","Some Concern","Vita_2011a_change_PANSS_Positive_post_NA_Interviewer-rated_CRSS_BF_BF_CRSS",-0.808952082199133,0.283574752807886,,,,,,
"Vita,2011a","Vita, A., De Peri, L., Barlati, S., Cacciani, P., Deste, G., Poli, R., Agrimi, E., Cesana, B. M., & Sacchetti, E. (2011). Effectiveness of different modalities of cognitive remediation on symptomatological, neuropsychological, and functional outcome domains in schizophrenia: a prospective study in a real-world setting. Schizophr Res, 133(1-3), 223-231. https://doi.org/10.1016/j.schres.2011.08.010","CRSS","BF","BF","CRSS",1,"psy vs ctr","change","Total","PANSS","PANSS_Total","Interviewer-rated",,,,,,,-21.65,15.4,26,-3.71,14.68,28,,,,,,,,,36,28,64,2011,"post",,"24","Group",,,"Italy",0,"high-income","very high",0.883,"European",39,0.3095,"Outpatient","Schizophrenia",,"DSM-IV-TR",,,14.94,17.93,"Chronic",0,0,,,"Some Concern","Low Risk","Low Risk","Low Risk","Some Concern","Some Concern","Vita_2011a_change_PANSS_Total_post_NA_Interviewer-rated_CRSS_BF_BF_CRSS",-1.17627809044195,0.295578738480579,,,,,,
"Vita,2011b","Vita, A., De Peri, L., Barlati, S., Cacciani, P., Cisima, M., Deste, G., Cesana, B. M., & Sacchetti, E. (2011). Psychopathologic, neuropsychological and functional outcome measures during cognitive rehabilitation in schizophrenia: a prospective controlled study in a real-world setting. Eur Psychiatry, 26(5), 276-283. https://doi.org/10.1016/j.eurpsy.2010.03.008","CRSS","BF",,,0,"psy vs ctr","msd","Positive","PANSS","PANSS_Positive","Interviewer-rated",12.6,2.3,16,16.3,3.6,15,,,,,,,,,,,,,,,16,16,32,2011,"post",,"24","Group",,,"Italy",0,"high-income","very high",0.883,"European",37.16,0.3716,"Outpatient","Schizophrenia",,"DSM-IV-TR",,,12.5,14.9,"Chronic",0,0,"Stable",,"Low Risk","Some Concern","Some Concern","Low Risk","Some Concern","High Risk","Vita_2011b_msd_PANSS_Positive_post_NA_Interviewer-rated_CRSS_BF_NA_NA",-1.20164293714098,0.392072024992645,,,,,,
"Vita,2011b","Vita, A., De Peri, L., Barlati, S., Cacciani, P., Cisima, M., Deste, G., Cesana, B. M., & Sacchetti, E. (2011). Psychopathologic, neuropsychological and functional outcome measures during cognitive rehabilitation in schizophrenia: a prospective controlled study in a real-world setting. Eur Psychiatry, 26(5), 276-283. https://doi.org/10.1016/j.eurpsy.2010.03.008","CRSS","BF",,,0,"psy vs ctr","msd","Negative","PANSS","PANSS_Negative","Interviewer-rated",21.6,5.6,16,26,8.4,15,,,,,,,,,,,,,,,16,16,32,2011,"post",,"24","Group",,,"Italy",0,"high-income","very high",0.883,"European",37.16,0.1613,"Outpatient","Schizophrenia",,"DSM-IV-TR",,,12.5,14.9,"Chronic",0,0,"Stable",,"Low Risk","Some Concern","Some Concern","Low Risk","Some Concern","High Risk","Vita_2011b_msd_PANSS_Negative_post_NA_Interviewer-rated_CRSS_BF_NA_NA",-0.604306623421827,0.367935508958918,,,,,,
"Vita,2011b","Vita, A., De Peri, L., Barlati, S., Cacciani, P., Cisima, M., Deste, G., Cesana, B. M., & Sacchetti, E. (2011). Psychopathologic, neuropsychological and functional outcome measures during cognitive rehabilitation in schizophrenia: a prospective controlled study in a real-world setting. Eur Psychiatry, 26(5), 276-283. https://doi.org/10.1016/j.eurpsy.2010.03.008","CRSS","BF",,,0,"psy vs ctr","msd","Total","PANSS","PANSS_Total","Interviewer-rated",66.7,11.5,16,77.8,14.9,15,,,,,,,,,,,,,,,16,16,32,2011,"post",,"24","Group",,,"Italy",0,"high-income","very high",0.883,"European",37.16,0.1613,"Outpatient","Schizophrenia",,"DSM-IV-TR",,,12.5,14.9,"Chronic",0,0,"Stable",,"Low Risk","Some Concern","Some Concern","Low Risk","Some Concern","High Risk","Vita_2011b_msd_PANSS_Total_post_NA_Interviewer-rated_CRSS_BF_NA_NA",-0.815835602188441,0.374812966064695,,,,,,
"Vita,2011a","Vita, A., De Peri, L., Barlati, S., Cacciani, P., Deste, G., Poli, R., Agrimi, E., Cesana, B. M., & Sacchetti, E. (2011). Effectiveness of different modalities of cognitive remediation on symptomatological, neuropsychological, and functional outcome domains in schizophrenia: a prospective study in a real-world setting. Schizophr Res, 133(1-3), 223-231. https://doi.org/10.1016/j.schres.2011.08.010","CR","CRSS","CR","CRSS",1,"psy vs psy","change","Negative","PANSS","PANSS_Negative","Interviewer-rated",,,,,,,-4.9,6.31,30,-6.96,5.67,26,,,,,,,,,30,36,66,2011,"post",,"24","Group",,,"Italy",0,"high-income","very high",0.883,"European",39,0.3095,"Outpatient","Schizophrenia",,"DSM-IV-TR",,,14.8,14.94,"Chronic",0,0,,,"Some Concern","Low Risk","Low Risk","Low Risk","Some Concern","Some Concern","Vita_2011a_change_PANSS_Negative_post_NA_Interviewer-rated_CR_CRSS_CR_CRSS",0.337296610044666,0.269888159769346,,,,,,
"Vita,2011a","Vita, A., De Peri, L., Barlati, S., Cacciani, P., Deste, G., Poli, R., Agrimi, E., Cesana, B. M., & Sacchetti, E. (2011). Effectiveness of different modalities of cognitive remediation on symptomatological, neuropsychological, and functional outcome domains in schizophrenia: a prospective study in a real-world setting. Schizophr Res, 133(1-3), 223-231. https://doi.org/10.1016/j.schres.2011.08.010","CR","CRSS","CR","CRSS",1,"psy vs psy","change","Positive","PANSS","PANSS_Positive","Interviewer-rated",,,,,,,-5.47,4.92,30,-5,3.4,26,,,,,,,,,30,36,66,2011,"post",,"24","Group",,,"Italy",0,"high-income","very high",0.883,"European",39,0.3095,"Outpatient","Schizophrenia",,"DSM-IV-TR",,,14.8,14.94,"Chronic",0,0,,,"Some Concern","Low Risk","Low Risk","Low Risk","Some Concern","Some Concern","Vita_2011a_change_PANSS_Positive_post_NA_Interviewer-rated_CR_CRSS_CR_CRSS",-0.108182862087274,0.268146128010817,,,,,,
"Vita,2011a","Vita, A., De Peri, L., Barlati, S., Cacciani, P., Deste, G., Poli, R., Agrimi, E., Cesana, B. M., & Sacchetti, E. (2011). Effectiveness of different modalities of cognitive remediation on symptomatological, neuropsychological, and functional outcome domains in schizophrenia: a prospective study in a real-world setting. Schizophr Res, 133(1-3), 223-231. https://doi.org/10.1016/j.schres.2011.08.010","CR","CRSS","CR","CRSS",1,"psy vs psy","change","Total","PANSS","PANSS_Total","Interviewer-rated",,,,,,,-20.8,18.35,30,-21.65,15.4,26,,,,,,,,,30,36,66,2011,"post",,"24","Group",,,"Italy",0,"high-income","very high",0.883,"European",39,0.3095,"Outpatient","Schizophrenia",,"DSM-IV-TR",,,14.8,14.94,"Chronic",0,0,,,"Some Concern","Low Risk","Low Risk","Low Risk","Some Concern","Some Concern","Vita_2011a_change_PANSS_Total_post_NA_Interviewer-rated_CR_CRSS_CR_CRSS",0.0491639807244653,0.267987067092894,,,,,,
"d'Amato,2011","d'Amato, T., Bation, R., Cochet, A., Jalenques, I., Galland, F., Giraud-Baro, E., Pacaud-Troncin, M., Augier-Astolfi, F., Llorca, P.-M., & Saoud, M. (2011). A randomized, controlled trial of computer-assisted cognitive remediation for schizophrenia. schizophrenia Research, 125(2-3), 284-290.","CR","TAU2",,,0,"psy vs ctr","msd","Negative","PANSS","PANSS_Negative","Interviewer-rated",21.9,6.9,39,20.8,8.9,38,,,,,,,,,,,,,,,39,38,77,2011,"post",,"7","Computer-Based",,,"France",0,"high-income","very high",0.884,"European",32.81,0.2468,"Outpatient","Schizophrenia","≥ 8 years","DSM-IV",,,8.7,8.1,"Mid",0,0,"Stable",,"Some Concern","Low Risk","Low Risk","Low Risk","Some Concern","Some Concern","d'Amato_2011_msd_PANSS_Negative_post_NA_Interviewer-rated_CR_TAU2_NA_NA",0.136979936121185,0.228212923180934,,,,,,
"d'Amato,2011","d'Amato, T., Bation, R., Cochet, A., Jalenques, I., Galland, F., Giraud-Baro, E., Pacaud-Troncin, M., Augier-Astolfi, F., Llorca, P.-M., & Saoud, M. (2011). A randomized, controlled trial of computer-assisted cognitive remediation for schizophrenia. schizophrenia Research, 125(2-3), 284-290.","CR","TAU2",,,0,"psy vs ctr","msd","Positive","PANSS","PANSS_Positive","Interviewer-rated",15.3,4.3,39,16.3,6.1,38,,,,,,,,,,,,,,,39,38,77,2011,"post",,"7","Computer-Based",,,"France",0,"high-income","very high",0.884,"European",32.81,0.2468,"Outpatient","Schizophrenia","≥ 8 years","DSM-IV",,,8.7,8.1,"Mid",0,0,"Stable",,"Some Concern","Low Risk","Low Risk","Low Risk","Some Concern","Some Concern","d'Amato_2011_msd_PANSS_Positive_post_NA_Interviewer-rated_CR_TAU2_NA_NA",-0.1880109651617,0.228453550334207,,,,,,
"d'Amato,2011","d'Amato, T., Bation, R., Cochet, A., Jalenques, I., Galland, F., Giraud-Baro, E., Pacaud-Troncin, M., Augier-Astolfi, F., Llorca, P.-M., & Saoud, M. (2011). A randomized, controlled trial of computer-assisted cognitive remediation for schizophrenia. schizophrenia Research, 125(2-3), 284-290.","CR","TAU2",,,0,"psy vs ctr","msd","Total","PANSS","PANSS_Total","Interviewer-rated",75,19.03,39,76.3,24.65,38,,,,,,,,,,,,,,,39,38,77,2011,"post",,"7","Computer-Based",,,"France",0,"high-income","very high",0.884,"European",32.81,0.2468,"Outpatient","Schizophrenia","≥ 8 years","DSM-IV",,,8.7,8.1,"Mid",0,0,"Stable",,"Some Concern","Low Risk","Low Risk","Low Risk","Some Concern","Some Concern","d'Amato_2011_msd_PANSS_Total_post_NA_Interviewer-rated_CR_TAU2_NA_NA",-0.058543693756297,0.227990184304009,,,,,,
"Kim,2010","Kim, D., Choi, J., Kim, S. H., Oh, D. H., Park, S.-C., & Lee, S. H. (2010). A pilot study of brief eye movement desensitization and reprocessing (EMDR) for treatment of acute phase schizophrenia. Korean Journal of Biological Psychiatry, 17(2), 94-102.","EMDR","PMR","EMDR","PMR",1,"psy vs psy","msd","Negative","PANSS","PANSS_Negative","Interviewer-rated",16.2,4.6,13,17.4,5.7,14,,,,,,,,,,,,,,,15,15,30,2010,"post",,"4","Individual",,,"South Korea",0,"high-income","very high",0.89,"Western Pacific",32.6,0.73,"Inpatient","Schizophrenia","Inpatient status with a hospital stay of more than one week","DSM-IV",,,33.7,21.1,"Chronic",0,0,"Acute",,"Some Concern","High Risk","Some Concern","Low Risk","Some Concern","High Risk","Kim_2010_msd_PANSS_Negative_post_NA_Interviewer-rated_EMDR_PMR_EMDR_PMR",-0.223728239876338,0.386441999213159,,,,,,
"Kim,2010","Kim, D., Choi, J., Kim, S. H., Oh, D. H., Park, S.-C., & Lee, S. H. (2010). A pilot study of brief eye movement desensitization and reprocessing (EMDR) for treatment of acute phase schizophrenia. Korean Journal of Biological Psychiatry, 17(2), 94-102.","EMDR","PMR","EMDR","PMR",1,"psy vs psy","msd","Positive","PANSS","PANSS_Positive","Interviewer-rated",12.2,3.5,13,12.9,4.2,14,,,,,,,,,,,,,,,15,15,30,2010,"post",,"4","Individual",,,"South Korea",0,"high-income","very high",0.89,"Western Pacific",32.6,0.73,"Inpatient","Schizophrenia","Inpatient status with a hospital stay of more than one week","DSM-IV",,,33.7,21.1,"Chronic",0,0,"Acute",,"Some Concern","High Risk","Some Concern","Low Risk","Some Concern","High Risk","Kim_2010_msd_PANSS_Positive_post_NA_Interviewer-rated_EMDR_PMR_EMDR_PMR",-0.17495462702716,0.385946194060355,,,,,,
"Kim,2010","Kim, D., Choi, J., Kim, S. H., Oh, D. H., Park, S.-C., & Lee, S. H. (2010). A pilot study of brief eye movement desensitization and reprocessing (EMDR) for treatment of acute phase schizophrenia. Korean Journal of Biological Psychiatry, 17(2), 94-102.","EMDR","PMR","EMDR","PMR",1,"psy vs psy","msd","Total","PANSS","PANSS_Total","Interviewer-rated",62.7,12.7,13,61.7,15.9,14,,,,,,,,,,,,,,,15,15,30,2010,"post",,"4","Individual",,,"South Korea",0,"high-income","very high",0.89,"Western Pacific",32.6,0.73,"Inpatient","Schizophrenia","Inpatient status with a hospital stay of more than one week","DSM-IV",,,33.7,21.1,"Chronic",0,0,"Acute",,"Some Concern","High Risk","Some Concern","Low Risk","Some Concern","High Risk","Kim_2010_msd_PANSS_Total_post_NA_Interviewer-rated_EMDR_PMR_EMDR_PMR",0.0670945420835814,0.385279514686092,,,,,,
"Valencia,2010","Valencia, M., Rascon, M. L., Juarez, F., Escamilla, R., Saracco, R., & Liberman, R. P. (2010). Application in Mexico of psychosocial rehabilitation with schizophrenia patients. Psychiatry, 73(3), 248-263.","SST_FPE","TAU1",,,0,"psy vs ctr","msd","Negative","PANSS","PANSS_Negative","Interviewer-rated",11.2,5.2,47,14.9,6.6,36,,,,,,,,,,,,,,,54,53,107,2010,"post",,"52","Group",,,"Mexico",1,"upper middle-income","high",0.747,"Americas",21.9,0.277,"Outpatient","Schizophrenia",,"DSM-IV",,,,,"Mid",0,0,"Stable",,"Some Concern","High Risk","Some Concern","Low Risk","Some Concern","High Risk","Valencia_2010_msd_PANSS_Negative_post_NA_Interviewer-rated_SST_FPE_TAU1_NA_NA",-0.62700951547783,0.226864070590268,,,,,,
"Valencia,2010","Valencia, M., Rascon, M. L., Juarez, F., Escamilla, R., Saracco, R., & Liberman, R. P. (2010). Application in Mexico of psychosocial rehabilitation with schizophrenia patients. Psychiatry, 73(3), 248-263.","SST_FPE","TAU1",,,0,"psy vs ctr","msd","Positive","PANSS","PANSS_Positive","Interviewer-rated",8.6,2.4,47,11.4,4.7,36,,,,,,,,,,,,,,,54,53,107,2010,"post",,"52","Group",,,"Mexico",1,"upper middle-income","high",0.747,"Americas",21.9,0.277,"Outpatient","Schizophrenia",,"DSM-IV",,,,,"Mid",0,0,"Stable",,"Some Concern","High Risk","Some Concern","Low Risk","Some Concern","High Risk","Valencia_2010_msd_PANSS_Positive_post_NA_Interviewer-rated_SST_FPE_TAU1_NA_NA",-0.774865472567883,0.229650770561996,,,,,,
"Valencia,2010","Valencia, M., Rascon, M. L., Juarez, F., Escamilla, R., Saracco, R., & Liberman, R. P. (2010). Application in Mexico of psychosocial rehabilitation with schizophrenia patients. Psychiatry, 73(3), 248-263.","SST_FPE","TAU1",,,0,"psy vs ctr","msd","Total","PANSS","PANSS_Total","Interviewer-rated",51.8,12.1,47,57.3,17.7,36,,,,,,,,,,,,,,,54,53,107,2010,"post",,"52","Group",,,"Mexico",1,"upper middle-income","high",0.747,"Americas",21.9,0.277,"Outpatient","Schizophrenia",,"DSM-IV",,,,,"Mid",0,0,"Stable",,"Some Concern","High Risk","Some Concern","Low Risk","Some Concern","High Risk","Valencia_2010_msd_PANSS_Total_post_NA_Interviewer-rated_SST_FPE_TAU1_NA_NA",-0.368608969667763,0.223356893753911,,,,,,
"Kim,2010","Kim, D., Choi, J., Kim, S. H., Oh, D. H., Park, S.-C., & Lee, S. H. (2010). A pilot study of brief eye movement desensitization and reprocessing (EMDR) for treatment of acute phase schizophrenia. Korean Journal of Biological Psychiatry, 17(2), 94-102.","EMDR","TAU2","EMDR","TAU2",1,"psy vs ctr","msd","Negative","PANSS","PANSS_Negative","Interviewer-rated",16.2,4.6,13,17.4,3.7,13,,,,,,,,,,,,,,,15,15,30,2010,"post",,"4","Individual",,,"South Korea",0,"high-income","very high",0.89,"Western Pacific",32.6,0.73,"Inpatient","Schizophrenia","Inpatient status with a hospital stay of more than one week","DSM-IV",,,33.7,27.6,"Chronic",0,0,"Acute",,"Some Concern","High Risk","Some Concern","Low Risk","Some Concern","High Risk","Kim_2010_msd_PANSS_Negative_post_NA_Interviewer-rated_EMDR_TAU2_EMDR_TAU2",-0.278393489536509,0.394252942167998,,,,,,
"Kim,2010","Kim, D., Choi, J., Kim, S. H., Oh, D. H., Park, S.-C., & Lee, S. H. (2010). A pilot study of brief eye movement desensitization and reprocessing (EMDR) for treatment of acute phase schizophrenia. Korean Journal of Biological Psychiatry, 17(2), 94-102.","EMDR","TAU2","EMDR","TAU2",1,"psy vs ctr","msd","Positive","PANSS","PANSS_Positive","Interviewer-rated",12.2,3.5,13,15.4,5.5,13,,,,,,,,,,,,,,,15,15,30,2010,"post",,"4","Individual",,,"South Korea",0,"high-income","very high",0.89,"Western Pacific",32.6,0.73,"Inpatient","Schizophrenia","Inpatient status with a hospital stay of more than one week","DSM-IV",,,33.7,27.6,"Chronic",0,0,"Acute",,"Some Concern","High Risk","Some Concern","Low Risk","Some Concern","High Risk","Kim_2010_msd_PANSS_Positive_post_NA_Interviewer-rated_EMDR_TAU2_EMDR_TAU2",-0.672256071387499,0.403872655885423,,,,,,
"Kim,2010","Kim, D., Choi, J., Kim, S. H., Oh, D. H., Park, S.-C., & Lee, S. H. (2010). A pilot study of brief eye movement desensitization and reprocessing (EMDR) for treatment of acute phase schizophrenia. Korean Journal of Biological Psychiatry, 17(2), 94-102.","EMDR","TAU2","EMDR","TAU2",1,"psy vs ctr","msd","Total","PANSS","PANSS_Total","Interviewer-rated",62.7,12.7,13,67.2,15.9,13,,,,,,,,,,,,,,,15,15,30,2010,"post",,"4","Individual",,,"South Korea",0,"high-income","very high",0.89,"Western Pacific",32.6,0.73,"Inpatient","Schizophrenia","Inpatient status with a hospital stay of more than one week","DSM-IV",,,33.7,27.6,"Chronic",0,0,"Acute",,"Some Concern","High Risk","Some Concern","Low Risk","Some Concern","High Risk","Kim_2010_msd_PANSS_Total_post_NA_Interviewer-rated_EMDR_TAU2_EMDR_TAU2",-0.302858047674609,0.394622567075981,,,,,,
"Kim,2010","Kim, D., Choi, J., Kim, S. H., Oh, D. H., Park, S.-C., & Lee, S. H. (2010). A pilot study of brief eye movement desensitization and reprocessing (EMDR) for treatment of acute phase schizophrenia. Korean Journal of Biological Psychiatry, 17(2), 94-102.","PMR","TAU2","PMR","TAU2",1,"psy vs ctr","msd","Negative","PANSS","PANSS_Negative","Interviewer-rated",17.4,5.7,14,17.4,3.7,13,,,,,,,,,,,,,,,15,15,30,2010,"post",,"4","Individual",,,"South Korea",0,"high-income","very high",0.89,"Western Pacific",32.6,0.73,"Inpatient","Schizophrenia","Inpatient status with a hospital stay of more than one week","DSM-IV",,,21.1,27.6,"Chronic",0,0,"Acute",,"Some Concern","High Risk","Some Concern","Low Risk","Some Concern","High Risk","Kim_2010_msd_PANSS_Negative_post_NA_Interviewer-rated_PMR_TAU2_PMR_TAU2",0,0.385164443259822,,,,,,
"Kim,2010","Kim, D., Choi, J., Kim, S. H., Oh, D. H., Park, S.-C., & Lee, S. H. (2010). A pilot study of brief eye movement desensitization and reprocessing (EMDR) for treatment of acute phase schizophrenia. Korean Journal of Biological Psychiatry, 17(2), 94-102.","PMR","TAU2","PMR","TAU2",1,"psy vs ctr","msd","Positive","PANSS","PANSS_Positive","Interviewer-rated",12.9,4.2,14,15.4,5.5,13,,,,,,,,,,,,,,,15,15,30,2010,"post",,"4","Individual",,,"South Korea",0,"high-income","very high",0.89,"Western Pacific",32.6,0.73,"Inpatient","Schizophrenia","Inpatient status with a hospital stay of more than one week","DSM-IV",,,21.1,27.6,"Chronic",0,0,"Acute",,"Some Concern","High Risk","Some Concern","Low Risk","Some Concern","High Risk","Kim_2010_msd_PANSS_Positive_post_NA_Interviewer-rated_PMR_TAU2_PMR_TAU2",-0.498044161065313,0.391454605259763,,,,,,
"Kim,2010","Kim, D., Choi, J., Kim, S. H., Oh, D. H., Park, S.-C., & Lee, S. H. (2010). A pilot study of brief eye movement desensitization and reprocessing (EMDR) for treatment of acute phase schizophrenia. Korean Journal of Biological Psychiatry, 17(2), 94-102.","PMR","TAU2","PMR","TAU2",1,"psy vs ctr","msd","Total","PANSS","PANSS_Total","Interviewer-rated",61.7,15.9,14,67.2,15.9,13,,,,,,,,,,,,,,,15,15,30,2010,"post",,"4","Individual",,,"South Korea",0,"high-income","very high",0.89,"Western Pacific",32.6,0.73,"Inpatient","Schizophrenia","Inpatient status with a hospital stay of more than one week","DSM-IV",,,21.1,27.6,"Chronic",0,0,"Acute",,"Some Concern","High Risk","Some Concern","Low Risk","Some Concern","High Risk","Kim_2010_msd_PANSS_Total_post_NA_Interviewer-rated_PMR_TAU2_PMR_TAU2",-0.335429769392034,0.388030260559287,,,,,,
"Matsui,2009","Matsui, M., Arai, H., Yonezawa, M., Sumiyoshi, T., Suzuki, M., & Kurachi, M. (2009). The effects of cognitive rehabilitation on social knowledge in patients with schizophrenia. Applied neuropsychology, 16(3), 158–164. https://doi.org/10.1080/09084280903098414","CRSS","TAU0",,,0,"psy vs ctr","msd","Negative","SANS","SANS_Negative","Interviewer-rated",46.4,19.9,8,22,12.6,7,,,,,,,,,,,,,,,12,9,21,2009,"post",,"12","Individual",,,"Japan",0,"high-income","very high",0.9,"Western Pacific",32.28,,"Outpatient","Schizophrenia",,"DSM-IV",,,7.8,8.9,"Mid",0,0,"Stable",,"Some Concern","High Risk","Some Concern","Low Risk","Some Concern","High Risk","Matsui_2009_msd_SANS_Negative_post_NA_Interviewer-rated_CRSS_TAU0_NA_NA",1.35672239956482,0.580622858986773,,,,,,
"Matsui,2009","Matsui, M., Arai, H., Yonezawa, M., Sumiyoshi, T., Suzuki, M., & Kurachi, M. (2009). The effects of cognitive rehabilitation on social knowledge in patients with schizophrenia. Applied neuropsychology, 16(3), 158–164. https://doi.org/10.1080/09084280903098414","CRSS","TAU0",,,0,"psy vs ctr","msd","Positive","SAPS","SAPS_Positive","Interviewer-rated",20.4,16.7,8,11.1,14.3,7,,,,,,,,,,,,,,,12,11,23,2009,"post",,"12","Individual",,,"Japan",0,"high-income","very high",0.9,"Western Pacific",32.28,,"Outpatient","Schizophrenia",,"DSM-IV",,,7.8,8.9,"Mid",0,0,"Stable",,"Some Concern","High Risk","Some Concern","Low Risk","Some Concern","High Risk","Matsui_2009_msd_SAPS_Positive_post_NA_Interviewer-rated_CRSS_TAU0_NA_NA",0.559717402714779,0.528815723005271,,,,,,
"Chan,2009","Chan, S. W.-c., Yip, B., Tso, S., Cheng, B.-s., & Tam, W. (2009). Evaluation of a psychoeducation program for Chinese clients with schizophrenia and their family caregivers. Patient education and counseling, 75(1), 67-76.","FPE","TAU2",,,0,"psy vs ctr","msd","Total","BPRS","BPRS_Total","Interviewer-rated",5.69,7.91,36,8.81,9.58,37,,,,,,,,,,,,,,,36,37,73,2009,"post",,"13","Group",,,"China",1,"lower middle-income","medium",0.689,"Western Pacific",35.26,0.3425,"Outpatient","Schizophrenia",,"DSM-V",,,10.2,10.5,"Early",1,0,,,"Low Risk","Some Concern","Low Risk","Low Risk","Some Concern","Some Concern","Chan_2009_msd_BPRS_Total_post_NA_Interviewer-rated_FPE_TAU2_NA_NA",-0.350927661011699,0.23593743068965,,,,,,
"Sanz,2009","Sanz, D. G., Lorenzo, M. D., Seco, R. B., Rodriguez, M. A., Martinez, I. L., Calleja, R. S., & Soltero, A. Á. (2009). Efficacy of a social cognition training program for schizophrenic patients: a pilot study. The Spanish Journal of Psychology, 12(1), 184-191.","CRSS","TAU2",,,0,"psy vs ctr","msd","Negative","PANSS","PANSS_Negative","Interviewer-rated",13.29,2.75,7,13.86,3.53,7,,,,,,,,,,,,,,,7,7,14,2009,"post",,"10","Group",,,"Spain",0,"high-income","very high",0.86,"European",37.36,0.5,"Outpatient","Schizophrenia",,"ICD-10",,,13.43,20.57,"Chronic",0,0,,,"Some Concern","High Risk","High Risk","High Risk","Some Concern","High Risk","Sanz_2009_msd_PANSS_Negative_post_NA_Interviewer-rated_CRSS_TAU2_NA_NA",-0.168645889542026,0.53560553285589,,,,,,
"Sanz,2009","Sanz, D. G., Lorenzo, M. D., Seco, R. B., Rodriguez, M. A., Martinez, I. L., Calleja, R. S., & Soltero, A. Á. (2009). Efficacy of a social cognition training program for schizophrenic patients: a pilot study. The Spanish Journal of Psychology, 12(1), 184-191.","CRSS","TAU2",,,0,"psy vs ctr","msd","Positive","PANSS","PANSS_Positive","Interviewer-rated",9.71,4.19,7,9.29,3.59,7,,,,,,,,,,,,,,,7,7,14,2009,"post",,"10","Group",,,"Spain",0,"high-income","very high",0.86,"European",37.36,0.5,"Outpatient","Schizophrenia",,"ICD-10",,,13.43,20.57,"Chronic",0,0,,,"Some Concern","High Risk","High Risk","High Risk","Some Concern","High Risk","Sanz_2009_msd_PANSS_Positive_post_NA_Interviewer-rated_CRSS_TAU2_NA_NA",0.100778252550607,0.534909485474397,,,,,,
"Sanz,2009","Sanz, D. G., Lorenzo, M. D., Seco, R. B., Rodriguez, M. A., Martinez, I. L., Calleja, R. S., & Soltero, A. Á. (2009). Efficacy of a social cognition training program for schizophrenic patients: a pilot study. The Spanish Journal of Psychology, 12(1), 184-191.","CRSS","TAU2",,,0,"psy vs ctr","msd","Total","PANSS","PANSS_Total","Interviewer-rated",42.14,6.89,7,43.43,11.16,7,,,,,,,,,,,,,,,7,7,14,2009,"post",,"10","Group",,,"Spain",0,"high-income","very high",0.86,"European",37.36,0.5,"Outpatient","Schizophrenia",,"ICD-10",,,13.43,20.57,"Chronic",0,0,,,"Some Concern","High Risk","High Risk","High Risk","Some Concern","High Risk","Sanz_2009_msd_PANSS_Total_post_NA_Interviewer-rated_CRSS_TAU2_NA_NA",-0.130218580972701,0.535168465096836,,,,,,
"Valencia,2007","Valencia, M., Rascón, M. L., Juárez, F., & Murow, E. (2007). A psychosocial skills training approach in Mexican out-patients with schizophrenia. Psychological medicine, 37(10), 1393-1402.","SST_FPE","TAU1",,,0,"psy vs ctr","msd","Negative","PANSS","PANSS_Negative","Interviewer-rated",13,5.7,43,17.9,6.2,39,,,,,,,,,,,,,,,49,49,98,2007,"post",,"52","Group",,,"Mexico",1,"upper middle-income","high",0.743,"Americas",29.8,0.22,"Outpatient","Schizophrenia",,"DSM-IV",,,,,"Chronic",0,0,"Stable",,"Some Concern","High Risk","Some Concern","Low Risk","Some Concern","High Risk","Valencia_2007_msd_PANSS_Negative_post_NA_Interviewer-rated_SST_FPE_TAU1_NA_NA",-0.816780175745766,0.23030915992496,,,,,,
"Valencia,2007","Valencia, M., Rascón, M. L., Juárez, F., & Murow, E. (2007). A psychosocial skills training approach in Mexican out-patients with schizophrenia. Psychological medicine, 37(10), 1393-1402.","SST_FPE","TAU1",,,0,"psy vs ctr","msd","Positive","PANSS","PANSS_Positive","Interviewer-rated",9.7,3.1,43,13.2,4.6,39,,,,,,,,,,,,,,,49,49,98,2007,"post",,"52","Group",,,"Mexico",1,"upper middle-income","high",0.743,"Americas",29.8,0.22,"Outpatient","Schizophrenia",,"DSM-IV",,,,,"Chronic",0,0,"Stable",,"Some Concern","High Risk","Some Concern","Low Risk","Some Concern","High Risk","Valencia_2007_msd_PANSS_Positive_post_NA_Interviewer-rated_SST_FPE_TAU1_NA_NA",-0.892339061349682,0.23204474827487,,,,,,
"Valencia,2007","Valencia, M., Rascón, M. L., Juárez, F., & Murow, E. (2007). A psychosocial skills training approach in Mexican out-patients with schizophrenia. Psychological medicine, 37(10), 1393-1402.","SST_FPE","TAU1",,,0,"psy vs ctr","msd","Total","PANSS","PANSS_Total","Interviewer-rated",46.9,14.6,43,60.4,18.2,39,,,,,,,,,,,,,,,49,49,98,2007,"post",,"52","Group",,,"Mexico",1,"upper middle-income","high",0.743,"Americas",29.8,0.22,"Outpatient","Schizophrenia",,"DSM-IV",,,,,"Chronic",0,0,"Stable",,"Some Concern","High Risk","Some Concern","Low Risk","Some Concern","High Risk","Valencia_2007_msd_PANSS_Total_post_NA_Interviewer-rated_SST_FPE_TAU1_NA_NA",-0.814993087202331,0.230269817137614,,,,,,
"Wykes,2007","Wykes, T., Reeder, C., Landau, S., Everitt, B., Knapp, M., Patel, A., & Romeo, R. (2007). Cognitive remediation therapy in schizophrenia: randomised controlled trial. Br J Psychiatry, 190, 421-427. https://doi.org/10.1192/bjp.bp.106.026575","CR","TAU2",,,0,"psy vs ctr","msd","Negative","PANSS","PANSS_Negative","Interviewer-rated",17,16.6,39,16.6,7.3,39,,,,,,,,,,,,,,,43,42,85,2007,"post",,"12","Individual",,,"UK",0,"high-income","very high",0.897,"European",36,0.27,"Outpatient","Schizophrenia","≥ 1 year in touch with the services","DSM-IV",,"Self-Esteem",,,,0,0,,,"Low Risk","High Risk","Some Concern","Low Risk","Low Risk","High Risk","Wykes_2007_msd_PANSS_Negative_post_NA_Interviewer-rated_CR_TAU2_NA_NA",0.0308855039705082,0.226469178975549,,,,,,
"Wykes,2007","Wykes, T., Reeder, C., Landau, S., Everitt, B., Knapp, M., Patel, A., & Romeo, R. (2007). Cognitive remediation therapy in schizophrenia: randomised controlled trial. Br J Psychiatry, 190, 421-427. https://doi.org/10.1192/bjp.bp.106.026575","CR","TAU2",,,0,"psy vs ctr","msd","Positive","PANSS","PANSS_Positive","Interviewer-rated",14.2,5.4,39,13.8,6.4,39,,,,,,,,,,,,,,,43,42,85,2007,"post",,"12","Individual",,,"UK",0,"high-income","very high",0.897,"European",36,0.27,"Outpatient","Schizophrenia","≥ 1 year in touch with the services","DSM-IV",,"Self-Esteem",,,,0,0,,,"Low Risk","High Risk","Some Concern","Low Risk","Low Risk","High Risk","Wykes_2007_msd_PANSS_Positive_post_NA_Interviewer-rated_CR_TAU2_NA_NA",0.0668856052959844,0.226519988437769,,,,,,
"Wykes,2007","Wykes, T., Reeder, C., Landau, S., Everitt, B., Knapp, M., Patel, A., & Romeo, R. (2007). Cognitive remediation therapy in schizophrenia: randomised controlled trial. Br J Psychiatry, 190, 421-427. https://doi.org/10.1192/bjp.bp.106.026575","CR","TAU2",,,0,"psy vs ctr","msd","Total","PANSS","PANSS_Total","Interviewer-rated",60.1,18.6,39,59.8,17.5,39,,,,,,,,,,,,,,,43,42,85,2007,"post",,"12","Individual",,,"UK",0,"high-income","very high",0.897,"European",36,0.27,"Outpatient","Schizophrenia","≥ 1 year in touch with the services","DSM-IV",,"Self-Esteem",,,,0,0,,,"Low Risk","High Risk","Some Concern","Low Risk","Low Risk","High Risk","Wykes_2007_msd_PANSS_Total_post_NA_Interviewer-rated_CR_TAU2_NA_NA",0.0164483050611121,0.226459312934859,,,,,,
"Ng,2006","Ng, R., & Cheung, M. (2006). Social Skills Training in Hong Kong Chinese Patients with Chronic Schizophrenia. Hong Kong Journal of Psychiatry, 16(1).","SST","SC",,,0,"psy vs ctr","msd","Negative","SANS","SANS_Negative","Interviewer-rated",38.3,14.8,17,41,14.8,18,,,,,,,,,,,,,,,18,18,36,2006,"post",,"8","Group",,,"China",1,"lower middle-income","medium",0.656,"Western Pacific",39.6,0.5,"Inpatient","Schizophrenia",,"DSM-IV",,,13.3,14.8,"Chronic",0,0,,,"Low Risk","Low Risk","High Risk","Low Risk","Some Concern","High Risk","Ng_2006_msd_SANS_Negative_post_NA_Interviewer-rated_SST_SC_NA_NA",-0.178254590468331,0.338901956747621,,,,,,
"Ng,2006","Ng, R., & Cheung, M. (2006). Social Skills Training in Hong Kong Chinese Patients with Chronic Schizophrenia. Hong Kong Journal of Psychiatry, 16(1).","SST","SC",,,0,"psy vs ctr","msd","Total","BPRS","BPRS_Total","Interviewer-rated",38.1,7.4,17,41.6,11.1,18,,,,,,,,,,,,,,,18,18,36,2006,"post",,"8","Group",,,"China",1,"lower middle-income","medium",0.656,"Western Pacific",39.6,0.5,"Inpatient","Schizophrenia",,"DSM-IV",,,13.3,14.8,"Chronic",0,0,,,"Low Risk","Low Risk","High Risk","Low Risk","Some Concern","High Risk","Ng_2006_msd_BPRS_Total_post_NA_Interviewer-rated_SST_SC_NA_NA",-0.360439266556516,0.341061653666582,,,,,,
"Valmaggia,2005","Valmaggia, L. R., Van Der Gaag, M., Tarrier, N., Pijnenborg, M., & Slooff, C. J. (2005). Cognitive–behavioural therapy for refractory psychotic symptoms of schizophrenia resistant to atypical antipsychotic medication: randomised controlled trial. The British Journal of Psychiatry, 186(4), 324-330.","CBT","SC",,,0,"psy vs ctr","msd","Negative","PANSS","PANSS_Negative","Interviewer-rated",12.95,3.51,35,11.74,2.91,23,,,,,,,,,,,,,,,36,26,62,2005,"post",,"22","Individual",,,"Netherlands, Belgium",0,"high-income","very high",0.9,"European",35.47,0.2931,"Inpatient","Schizophrenia","residual delusions or auditory hallucinations experienced for at least 3 months","DSM-IV",,,10.4,11.1,"Chronic",0,0,"Stable","Treatment resistant","Some Concern","Low Risk","Low Risk","Low Risk","Some Concern","Some Concern","Valmaggia_2005_msd_PANSS_Negative_post_NA_Interviewer-rated_CBT_SC_NA_NA",0.363123490167398,0.270587536173472,,,,,,
"Valmaggia,2005","Valmaggia, L. R., Van Der Gaag, M., Tarrier, N., Pijnenborg, M., & Slooff, C. J. (2005). Cognitive–behavioural therapy for refractory psychotic symptoms of schizophrenia resistant to atypical antipsychotic medication: randomised controlled trial. The British Journal of Psychiatry, 186(4), 324-330.","CBT","SC",,,0,"psy vs ctr","msd","Positive","PANSS","PANSS_Positive","Interviewer-rated",15.09,3.91,35,16.28,3.76,23,,,,,,,,,,,,,,,36,26,62,2005,"post",,"22","Individual",,,"Netherlands, Belgium",0,"high-income","very high",0.9,"European",35.47,0.2931,"Inpatient","Schizophrenia","residual delusions or auditory hallucinations experienced for at least 3 months","DSM-IV",,,10.4,11.1,"Chronic",0,0,"Stable","Treatment resistant","Some Concern","Low Risk","Low Risk","Low Risk","Some Concern","Some Concern","Valmaggia_2005_msd_PANSS_Positive_post_NA_Interviewer-rated_CBT_SC_NA_NA",-0.30479275663258,0.269949124725358,,,,,,
"Valmaggia,2005","Valmaggia, L. R., Van Der Gaag, M., Tarrier, N., Pijnenborg, M., & Slooff, C. J. (2005). Cognitive–behavioural therapy for refractory psychotic symptoms of schizophrenia resistant to atypical antipsychotic medication: randomised controlled trial. The British Journal of Psychiatry, 186(4), 324-330.","CBT","SC",,,0,"psy vs ctr","msd","Total","PANSS","PANSS_Total","Interviewer-rated",58.44,11.59,35,57.6,10.93,23,,,,,,,,,,,,,,,36,26,62,2005,"post",,"22","Individual",,,"Netherlands, Belgium",0,"high-income","very high",0.9,"European",35.47,0.2931,"Inpatient","Schizophrenia","residual delusions or auditory hallucinations experienced for at least 3 months","DSM-IV",,,10.4,11.1,"Chronic",0,0,"Stable","Treatment resistant","Some Concern","Low Risk","Low Risk","Low Risk","Some Concern","Some Concern","Valmaggia_2005_msd_PANSS_Total_post_NA_Interviewer-rated_CBT_SC_NA_NA",0.0731078737900738,0.268508901419917,,,,,,
"Roncone,2004","Roncone, R., Mazza, M., Frangou, I., De Risio, A., Ussorio, D., Tozzini, C., & Casacchia, M. (2004). Rehabilitation of theory of mind deficit in schizophrenia: a pilot study of metacognitive strategies in group treatment. Neuropsychological Rehabilitation, 14(4), 421–435. https://doi.org/10.1080/09602010343000291","SST","TAU2",,,0,"psy vs ctr","msd","Negative","BPRS","BPRS_Negative","Interviewer-rated",7.2,3.1,10,9.9,5.2,10,,,,,,,,,,,,,,,10,10,20,2004,"post",,"26","Group",,,"Italy",0,"high-income","very high",0.866,"European",33.7,0.35,"Inpatient","Schizophrenia","Residual Type","DSM-IV",,,16.9,11.1,"Chronic",0,0,,,"Some Concern","Some Concern","Low Risk","Low Risk","Some Concern","High Risk","Roncone_2004_msd_BPRS_Negative_post_NA_Interviewer-rated_SST_TAU2_NA_NA",-0.604077050130935,0.458198024592851,,,,,,
"García,2003","García, S., Fuentes, I., Ruíz, J. C., Gallach, E., & Roder, V. (2003). Application of the IPT in a Spanish sample: Evaluation of the """"social perception subprogramme"""". International Journal of Psychology & Psychological Therapy, 3, 299-310.","CRSS","TAU1",,,0,"psy vs ctr","msd","Total","BPRS","BPRS_Total","Interviewer-rated",27.36,8.29,7,31.22,7.22,5,,,,,,,,,,,,,,,13,10,23,2003,"post",,"13","Group",,,"Spain",0,"high-income","very high",0.84,"European",38.84,0.3,"Outpatient","Schizophrenia",,"ICD-10",,,21,14.77,"Chronic",0,0,,,"Some Concern","High Risk","High Risk","High Risk","Some Concern","High Risk","García_2003_msd_BPRS_Total_post_NA_Interviewer-rated_CRSS_TAU1_NA_NA",-0.452198364938701,0.594017233664688,,,,,,
"Norman,2002","Norman, R. M., Malla, A. K., McLean, T. S., McIntosh, E. M., Neufeld, R. W., Voruganti, L. P., & Cortese, L. (2002). An evaluation of a stress management program for individuals with schizophrenia. Schizophrenia research, 58(2-3), 293–303. https://doi.org/10.1016/s0920-9964(01)00371-1","PE","BF",,,0,"psy vs ctr","msd","Negative","SANS","SANS_Negative","Interviewer-rated",25.28,14.64,60,27.33,13.27,61,,,,,,,,,,,,,,,64,66,130,2002,"post",,"24","Individual & Group",,,"Canada",0,"high-income","very high",0.895,"Americas",34,0.3306,"Outpatient","Schizophrenia",,"DSM-III-R",,,9.2,9.1,"Mid",0,0,"Stable",,"Some Concern","High Risk","Some Concern","Low Risk","Some Concern","High Risk","Norman_2002_msd_SANS_Negative_post_NA_Interviewer-rated_PE_BF_NA_NA",-0.145857449168313,0.182069055787513,,,,,,
"Norman,2002","Norman, R. M., Malla, A. K., McLean, T. S., McIntosh, E. M., Neufeld, R. W., Voruganti, L. P., & Cortese, L. (2002). An evaluation of a stress management program for individuals with schizophrenia. Schizophrenia research, 58(2-3), 293–303. https://doi.org/10.1016/s0920-9964(01)00371-1","PE","BF",,,0,"psy vs ctr","msd","Positive","SAPS","SAPS_Positive","Interviewer-rated",5.53,7.23,60,5.38,7.58,61,,,,,,,,,,,,,,,64,66,130,2002,"post",,"24","Individual & Group",,,"Canada",0,"high-income","very high",0.895,"Americas",34,0.3306,"Outpatient","Schizophrenia",,"DSM-III-R",,,9.2,9.2,"Mid",0,0,"Stable",,"Some Concern","High Risk","Some Concern","Low Risk","Some Concern","High Risk","Norman_2002_msd_SAPS_Positive_post_NA_Interviewer-rated_PE_BF_NA_NA",0.020119035573643,0.181829049510256,,,,,,
"Turkington,2002","Turkington, D., Kingdon, D., & Turner, T. (2002). Effectiveness of a brief cognitive–behavioural therapy intervention in the treatment of schizophrenia. The British Journal of Psychiatry, 180(6), 523-527.","CBT","TAU2",,,0,"psy vs ctr","change","Total","CPRS","CPRS_Total","Interviewer-rated",,,,,,,-3.65,9.36,225,-1.69,9.66,128,,,,,,,,,257,165,422,2002,"post",,"20","Individual",,,"UK",0,"high-income","very high",0.874,"European",40.47,0.2299,"Outpatient","Schizophrenia",,"ICD-10",,"Depression",,,,0,0,"Stable",,"Low Risk","Low Risk","Low Risk","Low Risk","Some Concern","Some Concern","Turkington_2002_change_CPRS_Total_post_NA_Interviewer-rated_CBT_TAU2_NA_NA",-0.206534576020951,0.110984790311642,,,,,,
"Sensky,2000","Sensky, T., Turkington, D., Kingdon, D., Scott, J. L., Scott, J., Siddle, R., O'Carroll, M., & Barnes, T. R. (2000). A randomized controlled trial of cognitive-behavioral therapy for persistent symptoms in schizophrenia resistant to medication. Archives of general psychiatry, 57(2), 165-172.","CBT","BF",,,0,"psy vs ctr","msd","Negative","SANS","SANS_Negative","Interviewer-rated",22,17,46,20.7,20.89,44,,,,,,,,,,,,,,,46,44,90,2000,"post",,"39","Individual",,,"UK",0,"high-income","very high",0.863,"European",39,0.41,"Outpatient","Schizophrenia",,"DSM-IV; ICD-10",,,14,15,"Chronic",0,0,,"Treatment resistant","Some Concern","Low Risk","Low Risk","Low Risk","Some Concern","Some Concern","Sensky_2000_msd_SANS_Negative_post_NA_Interviewer-rated_CBT_BF_NA_NA",0.0678342711879426,0.210932239455248,,,,,,
"Sensky,2000","Sensky, T., Turkington, D., Kingdon, D., Scott, J. L., Scott, J., Siddle, R., O'Carroll, M., & Barnes, T. R. (2000). A randomized controlled trial of cognitive-behavioral therapy for persistent symptoms in schizophrenia resistant to medication. Archives of general psychiatry, 57(2), 165-172.","CBT","BF",,,0,"psy vs ctr","msd","Total","CPRS","CPRS_Total","Interviewer-rated",20.5,13.13,46,22.9,17.27,44,,,,,,,,,,,,,,,46,44,90,2000,"post",,"39","Individual",,,"UK",0,"high-income","very high",0.863,"European",39,0.41,"Outpatient","Schizophrenia",,"DSM-IV; ICD-10",,,14,15,"Chronic",0,0,,"Treatment resistant","Some Concern","Low Risk","Low Risk","Low Risk","Some Concern","Some Concern","Sensky_2000_msd_CPRS_Total_post_NA_Interviewer-rated_CBT_BF_NA_NA",-0.155586948040532,0.211194736805486,,,,,,
"Wykes,1999","Wykes, T., Reeder, C., Corner, J., Williams, C., & Everitt, B. (1999). The effects of neurocognitive remediation on executive processing in patients with schizophrenia. Schizophrenia Bulletin, 25(2), 291-307.","CR","OT",,,0,"psy vs ctr","msd","Total","BPRS","BPRS_Total","Interviewer-rated",39.8,12.1,15,42.3,10.6,15,,,,,,,,,,,,,,,17,16,33,1999,"post",,"13","Individual",,,"UK",0,"high-income","very high",0.855,"European",38.49,0.2424,"Outpatient","Schizophrenia","≥ 1 year in touch with the services","DSM-IV",,"Self-Esteem",,,"Chronic",0,0,"Stable",,"Some Concern","Low Risk","Low Risk","Low Risk","Some Concern","Some Concern","Wykes_1999_msd_BPRS_Total_post_NA_Interviewer-rated_CR_OT_NA_NA",-0.213844862130702,0.366249128440141,,,,,,
"Dobson,1995","Dobson, D. J., McDougall, G., Busheikin, J., & Aldous, J. (1995). Effects of social skills training and social milieu treatment on symptoms of schizophrenia. Psychiatric services (Washington, D.C.), 46(4), 376–380. https://doi.org/10.1176/ps.46.4.376","SST","BF",,,0,"psy vs ctr","msd","Negative","PANSS","PANSS_Negative","Interviewer-rated",13.5,7.6,15,18.5,7.1,13,,,,,,,,,,,,,,,15,13,28,1995,"post",,"11","Group",,,"Canada",0,"high-income","very high",0.877,"Americas",34.64,0.4286,"Outpatient","Schizophrenia",,"DSM-III-R",,,,,,0,0,,,"Some Concern","High Risk","Some Concern","High Risk","Some Concern","High Risk","Dobson_1995_msd_PANSS_Negative_post_NA_Interviewer-rated_SST_BF_NA_NA",-0.65835832248829,0.389616513720665,,,,,,
"Hayes,1995","Hayes, R. L., Halford, W. K., & Varghese, F. T. (1995). Social skills training with chronic schizophrenic patients: Effects on negative symptoms and community functioning. Behavior Therapy, 26(3), 433-449.","SST","SC",,,0,"psy vs ctr","msd","Negative","SANS","SANS_Negative","Interviewer-rated",58.9,26.5,23,48.1,20.8,22,,,,,,,,,,,,,,,32,31,63,1995,"post",,"18","Group",,,"Australia",0,"high-income","very high",0.882,"Western Pacific",36,0.2539,"Outpatient","Schizophrenia","not currently significantly troubled by psychotic symptoms","DSM-III-R",,,11,11,"Chronic",0,0,"Stable",,"Some Concern","High Risk","High Risk","Low Risk","Some Concern","High Risk","Hayes_1995_msd_SANS_Negative_post_NA_Interviewer-rated_SST_SC_NA_NA",0.444200102557742,0.30200029687568,,,,,,
"Hayes,1995","Hayes, R. L., Halford, W. K., & Varghese, F. T. (1995). Social skills training with chronic schizophrenic patients: Effects on negative symptoms and community functioning. Behavior Therapy, 26(3), 433-449.","SST","SC",,,0,"psy vs ctr","msd","Total","BPRS","BPRS_Total","Interviewer-rated",46.5,9.9,23,48.3,14.4,22,,,,,,,,,,,,,,,32,31,63,1995,"post",,"18","Group",,,"Australia",0,"high-income","very high",0.882,"Western Pacific",36,0.2539,"Outpatient","Schizophrenia","not currently significantly troubled by psychotic symptoms","DSM-III-R",,,11,11,"Chronic",0,0,"Stable",,"Some Concern","High Risk","High Risk","Low Risk","Some Concern","High Risk","Hayes_1995_msd_BPRS_Total_post_NA_Interviewer-rated_SST_SC_NA_NA",-0.143715428417057,0.298614409992597,,,,,,
"Chien,2017","Chien, W. T., Bressington, D., Yip, A., & Karatzias, T. (2017). An international multi-site, randomized controlled trial of a mindfulness-based psychoeducation group programme for people with schizophrenia. Psychol Med, 47(12), 2081-2096. https://doi.org/doi:10.1017/s0033291717000526","MPE","TAU2","MPE","TAU",1,"psy vs ctr","msd","Negative","PANSS","PANSS_Negative","Interviewer-rated",17,7,111,20.8,9.6,112,,,,,,,,,,,,,,,114,114,228,2017,"post",,"24","Group","12","12","China, Taiwan*, Hong Kong",1,"upper middle-income","high",0.757,"Western Pacific",25.63,0.3772,"Outpatient","Schizophrenia &  Psychotic Disorders","≤ 5 years","DSM-IV",,,2.6,2.7,"Early",1,0,,"≤ 5 years","Low Risk","Low Risk","Low Risk","Low Risk","Low Risk","Low Risk","Chien_2017_msd_PANSS_Negative_post_NA_Interviewer-rated_MPE_TAU2_MPE_TAU",-0.450468599944127,0.135630637568354,,,,,,
"Chien,2017","Chien, W. T., Bressington, D., Yip, A., & Karatzias, T. (2017). An international multi-site, randomized controlled trial of a mindfulness-based psychoeducation group programme for people with schizophrenia. Psychol Med, 47(12), 2081-2096. https://doi.org/doi:10.1017/s0033291717000526","MPE","TAU2","MPE","TAU",1,"psy vs ctr","msd","Positive","PANSS","PANSS_Positive","Interviewer-rated",17.1,6.5,111,19.8,6.7,112,,,,,,,,,,,,,,,114,114,228,2017,"post",,"24","Group","12","12","China, Taiwan*, Hong Kong",1,"upper middle-income","high",0.757,"Western Pacific",25.63,0.3772,"Outpatient","Schizophrenia &  Psychotic Disorders","≤ 5 years","DSM-IV",,,2.6,2.7,"Early",1,0,,"≤ 5 years","Low Risk","Low Risk","Low Risk","Low Risk","Low Risk","Low Risk","Chien_2017_msd_PANSS_Positive_post_NA_Interviewer-rated_MPE_TAU2_MPE_TAU",-0.407626290635546,0.135324347971555,,,,,,
"Chien,2017","Chien, W. T., Bressington, D., Yip, A., & Karatzias, T. (2017). An international multi-site, randomized controlled trial of a mindfulness-based psychoeducation group programme for people with schizophrenia. Psychol Med, 47(12), 2081-2096. https://doi.org/doi:10.1017/s0033291717000526","MPE","TAU2","MPE","TAU",1,"psy vs ctr","msd","Total","PANSS","PANSS_Total","Interviewer-rated",74.8,8.9,111,80.9,8.7,112,,,,,,,,,,,,,,,114,114,228,2017,"post",,"24","Group","12","12","China, Taiwan*, Hong Kong",1,"upper middle-income","high",0.757,"Western Pacific",25.63,0.3772,"Outpatient","Schizophrenia &  Psychotic Disorders","≤ 5 years","DSM-IV",,,2.6,2.7,"Early",1,0,,"≤ 5 years","Low Risk","Low Risk","Low Risk","Low Risk","Low Risk","Low Risk","Chien_2017_msd_PANSS_Total_post_NA_Interviewer-rated_MPE_TAU2_MPE_TAU",-0.690817644983805,0.137894556407384,,,,,,
"Chien,2017","Chien, W. T., Bressington, D., Yip, A., & Karatzias, T. (2017). An international multi-site, randomized controlled trial of a mindfulness-based psychoeducation group programme for people with schizophrenia. Psychol Med, 47(12), 2081-2096. https://doi.org/doi:10.1017/s0033291717000526","PE","TAU2","PE","TAU",1,"psy vs ctr","msd","Negative","PANSS","PANSS_Negative","Interviewer-rated",19.9,8.9,110,20.8,9.6,112,,,,,,,,,,,,,,,114,114,228,2017,"post",,"24","Group","12","12","China, Taiwan*, Hong Kong",1,"upper middle-income","high",0.757,"Western Pacific",25.63,0.3772,"Outpatient","Schizophrenia &  Psychotic Disorders","≤ 5 years","DSM-IV",,,2.5,2.7,"Early",1,0,,"≤ 5 years","Low Risk","Low Risk","Low Risk","Low Risk","Low Risk","Low Risk","Chien_2017_msd_PANSS_Negative_post_NA_Interviewer-rated_PE_TAU2_PE_TAU",-0.0968626209124423,0.134315884992357,,,,,,
"Chien,2017","Chien, W. T., Bressington, D., Yip, A., & Karatzias, T. (2017). An international multi-site, randomized controlled trial of a mindfulness-based psychoeducation group programme for people with schizophrenia. Psychol Med, 47(12), 2081-2096. https://doi.org/doi:10.1017/s0033291717000526","PE","TAU2","PE","TAU",1,"psy vs ctr","msd","Positive","PANSS","PANSS_Positive","Interviewer-rated",20.3,7.8,110,19.8,6.7,112,,,,,,,,,,,,,,,114,114,228,2017,"post",,"24","Group","12","12","China, Taiwan*, Hong Kong",1,"upper middle-income","high",0.757,"Western Pacific",25.63,0.3772,"Outpatient","Schizophrenia &  Psychotic Disorders","≤ 5 years","DSM-IV",,,2.5,2.7,"Early",1,0,,"≤ 5 years","Low Risk","Low Risk","Low Risk","Low Risk","Low Risk","Low Risk","Chien_2017_msd_PANSS_Positive_post_NA_Interviewer-rated_PE_TAU2_PE_TAU",0.068580259030887,0.134276379559634,,,,,,
"Chien,2017","Chien, W. T., Bressington, D., Yip, A., & Karatzias, T. (2017). An international multi-site, randomized controlled trial of a mindfulness-based psychoeducation group programme for people with schizophrenia. Psychol Med, 47(12), 2081-2096. https://doi.org/doi:10.1017/s0033291717000526","PE","TAU2","PE","TAU",1,"psy vs ctr","msd","Total","PANSS","PANSS_Total","Interviewer-rated",82.1,9.2,110,80.9,8.7,112,,,,,,,,,,,,,,,114,114,228,2017,"post",,"24","Group","12","12","China, Taiwan*, Hong Kong",1,"upper middle-income","high",0.757,"Western Pacific",25.63,0.3772,"Outpatient","Schizophrenia &  Psychotic Disorders","≤ 5 years","DSM-IV",,,2.5,2.7,"Early",1,0,,"≤ 5 years","Low Risk","Low Risk","Low Risk","Low Risk","Low Risk","Low Risk","Chien_2017_msd_PANSS_Total_post_NA_Interviewer-rated_PE_TAU2_PE_TAU",0.133602413510888,0.134387343744453,,,,,,
"Marlow,2024","Marlow, S., Laugharne, R., Allard, J., Bassett, P., Priebe, S., Ledger, J., Kerr, J., Priest, D., Vanhoorn, A., Bol, , C., & Shankar, R. (2024). A pragmatic randomized controlled exploratory trial of the effectiveness of Eye Movement Desensitization and Reprocessing therapy for psychotic disorder. Journal of Psychiatric Research, 169, 257-263. https://doi.org/doi:10.1016/j.jpsychires.2023.11.024","EMDR","TAU1",,,0,"psy vs ctr","msd","Negative","PANSS","PANSS_Negative","Interviewer-rated",13.8,5.7,18,16.3,7.4,8,,,,,,,,,,,,,,,24,12,36,2024,"post",,"24","Individual","8",,"UK",0,"high-income","very high",0.94,"European",39.47,0.4444,"Outpatient","Schizophrenia & Bipolar Disorder
type 1 with psychotic symptoms, delusional disorder or schizoaffective
disorder","Reported Traumatic Experiences",,"all",,,,,0,0,,,"Low Risk","High Risk","Some Concern","Low Risk","Low Risk","High Risk","Marlow_2024_msd_PANSS_Negative_post_NA_Interviewer-rated_EMDR_TAU1_NA_NA",-0.387751191154404,0.42853070185544,,,,,,
"Marlow,2024","Marlow, S., Laugharne, R., Allard, J., Bassett, P., Priebe, S., Ledger, J., Kerr, J., Priest, D., Vanhoorn, A., Bol, , C., & Shankar, R. (2024). A pragmatic randomized controlled exploratory trial of the effectiveness of Eye Movement Desensitization and Reprocessing therapy for psychotic disorder. Journal of Psychiatric Research, 169, 257-263. https://doi.org/doi:10.1016/j.jpsychires.2023.11.024","EMDR","TAU1",,,0,"psy vs ctr","msd","Positive","PANSS","PANSS_Positive","Interviewer-rated",14.5,6.9,18,13.4,5.2,8,,,,,,,,,,,,,,,24,12,36,2024,"post",,"24","Individual","8",,"UK",0,"high-income","very high",0.94,"European",39.47,0.4444,"Outpatient","Schizophrenia & Bipolar Disorder
type 1 with psychotic symptoms, delusional disorder or schizoaffective
disorder","Reported Traumatic Experiences",,"all",,,,,0,0,,,"Low Risk","High Risk","Some Concern","Low Risk","Low Risk","High Risk","Marlow_2024_msd_PANSS_Positive_post_NA_Interviewer-rated_EMDR_TAU1_NA_NA",0.165141366863502,0.425575812325214,,,,,,
"Marlow,2024","Marlow, S., Laugharne, R., Allard, J., Bassett, P., Priebe, S., Ledger, J., Kerr, J., Priest, D., Vanhoorn, A., Bol, , C., & Shankar, R. (2024). A pragmatic randomized controlled exploratory trial of the effectiveness of Eye Movement Desensitization and Reprocessing therapy for psychotic disorder. Journal of Psychiatric Research, 169, 257-263. https://doi.org/doi:10.1016/j.jpsychires.2023.11.024","EMDR","TAU1",,,0,"psy vs ctr","msd","Total","PANSS","PANSS_Total","Interviewer-rated",61.3,22.3,18,65.3,17.2,8,,,,,,,,,,,,,,,24,12,36,2024,"post",,"24","Individual","8",,"UK",0,"high-income","very high",0.94,"European",39.47,0.4444,"Outpatient","Schizophrenia & Bipolar Disorder
type 1 with psychotic symptoms, delusional disorder or schizoaffective
disorder","Reported Traumatic Experiences",,"all",,,,,0,0,,,"Low Risk","High Risk","Some Concern","Low Risk","Low Risk","High Risk","Marlow_2024_msd_PANSS_Total_post_NA_Interviewer-rated_EMDR_TAU1_NA_NA",-0.184979117006151,0.425743108442789,,,,,,
"Fiszdon,2023","Fiszdon, J. M., Dixon, H. D., Davidson, C. A., Roberts, D. L., Penn, D. L., & Bell, M. D. (2023). Efficacy of social cognition and interaction training in outpatients with schizophrenia spectrum disorders: randomized controlled trial. Frontiers in Psychiatry, 14. https://doi.org/doi:10.3389/fpsyt.2023.1217735","SST","WLC",,,0,"psy vs ctr","msd","Negative","PANSS","PANSS_Negative","Interviewer-rated",12.58,4.05,19,12.67,3.88,22,,,,,,,,,,,,,,,25,26,51,2023,"post",,"51","Group","20 to 24",,"USA",0,"high-income","very high",0.927,"Americas",47.8,0.3922,"Outpatient","Schizophrenia & Schizoaffective Disorders",,"DSM-IV-TR",,,,,"Chronic",0,0,"Stable",,"Some Concern","High Risk","Some Concern","High Risk","Some Concern","High Risk","Fiszdon_2023_msd_PANSS_Negative_post_NA_Interviewer-rated_SST_WLC_NA_NA",-0.0222909439908334,0.313197103345866,,,,,,
"Fiszdon,2023","Fiszdon, J. M., Dixon, H. D., Davidson, C. A., Roberts, D. L., Penn, D. L., & Bell, M. D. (2023). Efficacy of social cognition and interaction training in outpatients with schizophrenia spectrum disorders: randomized controlled trial. Frontiers in Psychiatry, 14. https://doi.org/doi:10.3389/fpsyt.2023.1217735","SST","WLC",,,0,"psy vs ctr","msd","Positive","PANSS","PANSS_Positive","Interviewer-rated",12.44,5.4,19,9.81,4.04,22,,,,,,,,,,,,,,,25,26,51,2023,"post",,"51","Group","20 to 24",,"USA",0,"high-income","very high",0.927,"Americas",47.8,0.3922,"Outpatient","Schizophrenia & Schizoaffective Disorders",,"DSM-IV-TR",,,,,"Chronic",0,0,"Stable",,"Some Concern","High Risk","Some Concern","High Risk","Some Concern","High Risk","Fiszdon_2023_msd_PANSS_Positive_post_NA_Interviewer-rated_SST_WLC_NA_NA",0.546804097980808,0.319182947329873,,,,,,
"Fiszdon,2023","Fiszdon, J. M., Dixon, H. D., Davidson, C. A., Roberts, D. L., Penn, D. L., & Bell, M. D. (2023). Efficacy of social cognition and interaction training in outpatients with schizophrenia spectrum disorders: randomized controlled trial. Frontiers in Psychiatry, 14. https://doi.org/doi:10.3389/fpsyt.2023.1217735","SST","WLC",,,0,"psy vs ctr","msd","Total","PANSS","PANSS_Total","Interviewer-rated",55.75,14.29,19,48.71,9.44,22,,,,,,,,,,,,,,,25,26,51,2023,"post",,"51","Group","20 to 24",,"USA",0,"high-income","very high",0.927,"Americas",47.8,0.3922,"Outpatient","Schizophrenia & Schizoaffective Disorders",,"DSM-IV-TR",,,,,"Chronic",0,0,"Stable",,"Some Concern","High Risk","Some Concern","High Risk","Some Concern","High Risk","Fiszdon_2023_msd_PANSS_Total_post_NA_Interviewer-rated_SST_WLC_NA_NA",0.578875866633564,0.319899327313411,,,,,,
"Hasson-Ohayon,2023","Hasson-Ohayon, I., Igra, L., Lavi-Rotenberg, A., Goldzweig, G., & Lysaker, P. H. (2023). Findings from a randomized controlled trial of Metacognitive Reflection and Insight Therapy for people with schizophrenia: Effects on metacognition and symptoms. Psychology and psychotherapy. https://doi.org/doi:10.1111/papt.12485","MCT","WLC",,,0,"psy vs ctr","msd","Negative","PANSS","PANSS_Negative","Interviewer-rated",14.09,4.27,21,15,4.5,14,,,,,,,,,,,,,,,31,23,54,2023,"post",,,"Individual","24",,"Israel",0,"high-income","very high",0.915,"European",39.6,0.389,"Outpatient","Schizophrenia & Schizoaffective Disorders",,,,,,,"Chronic",0,0,"Non-Acute",,"Some Concern","High Risk","High Risk","Low Risk","Some Concern","High Risk","Hasson-Ohayon_2023_msd_PANSS_Negative_post_NA_Interviewer-rated_MCT_WLC_NA_NA",-0.203839820441133,0.345932580507604,,,,,,
"Hasson-Ohayon,2023","Hasson-Ohayon, I., Igra, L., Lavi-Rotenberg, A., Goldzweig, G., & Lysaker, P. H. (2023). Findings from a randomized controlled trial of Metacognitive Reflection and Insight Therapy for people with schizophrenia: Effects on metacognition and symptoms. Psychology and psychotherapy. https://doi.org/doi:10.1111/papt.12485","MCT","WLC",,,0,"psy vs ctr","msd","Positive","PANSS","PANSS_Positive","Interviewer-rated",10.33,3.52,21,10.14,4.29,14,,,,,,,,,,,,,,,31,23,54,2023,"post",,,"Individual","24",,"Israel",0,"high-income","very high",0.915,"European",39.6,0.389,"Outpatient","Schizophrenia & Schizoaffective Disorders",,,,,,,"Chronic",0,0,"Non-Acute",,"Some Concern","High Risk","High Risk","Low Risk","Some Concern","High Risk","Hasson-Ohayon_2023_msd_PANSS_Positive_post_NA_Interviewer-rated_MCT_WLC_NA_NA",0.0483233944088405,0.345083410759407,,,,,,
"Hasson-Ohayon,2023","Hasson-Ohayon, I., Igra, L., Lavi-Rotenberg, A., Goldzweig, G., & Lysaker, P. H. (2023). Findings from a randomized controlled trial of Metacognitive Reflection and Insight Therapy for people with schizophrenia: Effects on metacognition and symptoms. Psychology and psychotherapy. https://doi.org/doi:10.1111/papt.12485","MCT","WLC",,,0,"psy vs ctr","msd","Total","PANSS","PANSS_Total","Interviewer-rated",53.19,9.28,21,53.43,14.6,14,,,,,,,,,,,,,,,31,23,54,2023,"post",,,"Individual","24",,"Israel",0,"high-income","very high",0.915,"European",39.6,0.389,"Outpatient","Schizophrenia & Schizoaffective Disorders",,"medical data",,,,,"Chronic",0,0,"Non-Acute",,"Some Concern","High Risk","High Risk","Low Risk","Some Concern","High Risk","Hasson-Ohayon_2023_msd_PANSS_Total_post_NA_Interviewer-rated_MCT_WLC_NA_NA",-0.0200963425819985,0.345041536821387,,,,,,
"Zalzala,2022","Zalzala, A., Fiszdon, J. M., Moritz, S., Wardwell, P., Petrik, T., Mathews, L., Shagan, D., Bracken, D., Bell, M. D., Pearlson, G. D., & Choi, J. (2022). Metacognitive Training to Improve Insight and Work Outcome in Schizophrenia. J Nerv Ment Dis, 210(9), 655-658. https://doi.org/doi:10.1097/nmd.0000000000001512","MCT","BF",,,0,"psy vs ctr","msd","Negative","PANSS","PANSS_Negative","Interviewer-rated",16.36,5.47,16,15.06,4.39,17,,,,,,,,,,,,,,,16,17,34,2022,"post",,"20","Group","8",,"USA",0,"high-income","very high",0.927,"Americas",31.9,0.4555,"Outpatient","Schizophrenia & Schizoaffective Disorders",,"DSM-IV",,,10.85,9.13,"Chronic",0,0,"Stable",,"Some Concern","High Risk","Low Risk","High Risk","Some Concern","High Risk","Zalzala_2022_msd_PANSS_Negative_post_NA_Interviewer-rated_MCT_BF_NA_NA",0.256628252317158,0.349816944886149,,,,,,
"Zalzala,2022","Zalzala, A., Fiszdon, J. M., Moritz, S., Wardwell, P., Petrik, T., Mathews, L., Shagan, D., Bracken, D., Bell, M. D., Pearlson, G. D., & Choi, J. (2022). Metacognitive Training to Improve Insight and Work Outcome in Schizophrenia. J Nerv Ment Dis, 210(9), 655-658. https://doi.org/doi:10.1097/nmd.0000000000001512","MCT","BF",,,0,"psy vs ctr","msd","Positive","BPRS","BPRS_Positive","Interviewer-rated",31.3,6.18,16,32.61,8.72,17,,,,,,,,,,,,,,,16,17,34,2022,"post",,"20","Group","8",,"USA",0,"high-income","very high",0.927,"Americas",31.9,0.4555,"Outpatient","Schizophrenia & Schizoaffective Disorders",,"DSM-IV",,,10.85,9.13,"Chronic",0,0,"Stable",,"Some Concern","High Risk","Low Risk","High Risk","Some Concern","High Risk","Zalzala_2022_msd_BPRS_Positive_post_NA_Interviewer-rated_MCT_BF_NA_NA",-0.168214092628964,0.348961259597062,,,,,,
"Hatami,2021","Hatami, S., Mirsepassi, Z., Sedighnia, A., Tehranidoost, M., Masoomi, M., & Sharifi, V. (2021). A short course computer-assisted cognitive remediation in patients with schizophrenia spectrum disorders: A randomized clinical trial [Article]. Basic and Clinical Neuroscience, 12(4), 551-562. https://doi.org/10.32598/bcn.2021.3112.1","CR","TAU1",,,0,"psy vs ctr","msd","Negative","PANSS","PANSS_Negative","Interviewer-rated",9.1,2.6,31,9,2.1,28,,,,,,,,,,,,,,,31,31,62,2021,"post",,,"Computer-Based","10",,"Iran",1,"lower middle-income","very high",0.776,"Eastern Mediterranean",37.4,,"Inpatient","Schizophrenia & Schizoaffective Disorders",,"DSM-IV-TR",,,12.56,11.8,"Chronic",0,0,"Stable",,"Some Concern","Low Risk","Some Concern","Low Risk","Some Concern","High Risk","Hatami_2021_msd_PANSS_Negative_post_NA_Interviewer-rated_CR_TAU1_NA_NA",0.0415259272686383,0.260743854900768,,,,,,
"Hatami,2021","Hatami, S., Mirsepassi, Z., Sedighnia, A., Tehranidoost, M., Masoomi, M., & Sharifi, V. (2021). A short course computer-assisted cognitive remediation in patients with schizophrenia spectrum disorders: A randomized clinical trial [Article]. Basic and Clinical Neuroscience, 12(4), 551-562. https://doi.org/10.32598/bcn.2021.3112.1","CR","TAU1",,,0,"psy vs ctr","msd","Positive","PANSS","PANSS_Positive","Interviewer-rated",9,1.8,31,9.5,2.6,28,,,,,,,,,,,,,,,31,31,62,2021,"post",,,"Computer-Based","10",,"Iran",1,"lower middle-income","very high",0.776,"Eastern Mediterranean",37.4,,"Inpatient","Schizophrenia & Schizoaffective Disorders",,"DSM-IV-TR",,,12.56,11.8,"Chronic",0,0,"Stable",,"Some Concern","Low Risk","Some Concern","Low Risk","Some Concern","High Risk","Hatami_2021_msd_PANSS_Positive_post_NA_Interviewer-rated_CR_TAU1_NA_NA",-0.22272441839642,0.261541731578456,,,,,,
"Hatami,2021","Hatami, S., Mirsepassi, Z., Sedighnia, A., Tehranidoost, M., Masoomi, M., & Sharifi, V. (2021). A short course computer-assisted cognitive remediation in patients with schizophrenia spectrum disorders: A randomized clinical trial [Article]. Basic and Clinical Neuroscience, 12(4), 551-562. https://doi.org/10.32598/bcn.2021.3112.1","CR","TAU1",,,0,"psy vs ctr","msd","Total","PANSS","PANSS_Total","Interviewer-rated",42.7,5.4,31,44.2,5.1,28,,,,,,,,,,,,,,,31,31,62,2021,"post",,,"Computer-Based","10",,"Iran",1,"lower middle-income","very high",0.776,"Eastern Mediterranean",37.4,,"Inpatient","Schizophrenia & Schizoaffective Disorders",,"DSM-IV-TR",,,12.56,11.8,"Chronic",0,0,"Stable",,"Some Concern","Low Risk","Some Concern","Low Risk","Some Concern","High Risk","Hatami_2021_msd_PANSS_Total_post_NA_Interviewer-rated_CR_TAU1_NA_NA",-0.281400822722687,0.262033427461953,,,,,,
"Mueller,2020","Mueller, D. R., Khalesi, Z., & Roder, V. (2020). Can Cognitive Remediation in Groups Prevent Relapses?: Results of a 1-Year Follow-up Randomized Controlled Trial. J Nerv Ment Dis, 208(5), 362-370. https://doi.org/doi:10.1097/nmd.0000000000001146","CRSS","TAU2",,,0,"psy vs ctr","msd","Negative","PANSS","PANSS_Negative","Interviewer-rated",10.8,3.1,30,14.4,5.3,26,,,,,,,,,,,,,,,32,26,58,2020,"post",,"15","Group & Computer-Based","30",,"Switzerland",0,"high-income","very high",0.957,"European",31.83,0.4138,"Outpatient","Schizophrenia & Schizoaffective Disorders",,"ICD-10",,,7.4,8.8,"Mid",0,0,"Remission","Remission","Some Concern","Low Risk","Low Risk","Low Risk","Some Concern","Some Concern","Mueller_2020_msd_PANSS_Negative_post_NA_Interviewer-rated_CRSS_TAU2_NA_NA",-0.832866817526635,0.279579783076926,,,,,,
"Mueller,2020","Mueller, D. R., Khalesi, Z., & Roder, V. (2020). Can Cognitive Remediation in Groups Prevent Relapses?: Results of a 1-Year Follow-up Randomized Controlled Trial. J Nerv Ment Dis, 208(5), 362-370. https://doi.org/doi:10.1097/nmd.0000000000001146","CRSS","TAU2",,,0,"psy vs ctr","msd","Positive","PANSS","PANSS_Positive","Interviewer-rated",10.5,2.9,30,13,3.8,26,,,,,,,,,,,,,,,32,26,58,2020,"post",,"15","Group & Computer-Based","30",,"Switzerland",0,"high-income","very high",0.957,"European",31.83,0.4138,"Outpatient","Schizophrenia & Schizoaffective Disorders",,"ICD-10",,,7.4,8.8,"Mid",0,0,"Remission","Remission","Some Concern","Low Risk","Low Risk","Low Risk","Some Concern","Some Concern","Mueller_2020_msd_PANSS_Positive_post_NA_Interviewer-rated_CRSS_TAU2_NA_NA",-0.736539575506899,0.277085893184991,,,,,,
"Mueller,2020","Mueller, D. R., Khalesi, Z., & Roder, V. (2020). Can Cognitive Remediation in Groups Prevent Relapses?: Results of a 1-Year Follow-up Randomized Controlled Trial. J Nerv Ment Dis, 208(5), 362-370. https://doi.org/doi:10.1097/nmd.0000000000001146","CRSS","TAU2",,,0,"psy vs ctr","msd","Total","PANSS","PANSS_Total","Interviewer-rated",45.3,8.9,30,59.2,14.4,26,,,,,,,,,,,,,,,32,26,58,2020,"post",,"15","Group & Computer-Based","30",,"Switzerland",0,"high-income","very high",0.957,"European",31.83,0.4138,"Outpatient","Schizophrenia & Schizoaffective Disorders",,"ICD-10",,,7.4,8.8,"Mid",0,0,"Remission","Remission","Some Concern","Low Risk","Low Risk","Low Risk","Some Concern","Some Concern","Mueller_2020_msd_PANSS_Total_post_NA_Interviewer-rated_CRSS_TAU2_NA_NA",-1.16446554118743,0.290253183259026,,,,,,
"Favrod,2019","Favrod, J., Nguyen, A., Chaix, J., Pellet, J., Frobert, L., Fankhauser, C., Ismailaj, A., Brana, A., Tamic, G., Suter, C., Rexhaj, S., Golay, P., & Bonsack, C. (2019). Improving Pleasure and Motivation in Schizophrenia: A Randomized Controlled Clinical Trial. Psychother Psychosom, 88(2), 84-95. https://doi.org/doi:10.1159/000496479","WB","TAU2",,,0,"psy vs ctr","msd","Negative","SANS","SANS_Negative","Interviewer-rated",23.38,15.76,40,26.95,15.3,40,,,,,,,,,,,,,,,40,40,80,2019,"post",,"8","Group","8",,"Switzerland",0,"high-income","very high",0.96,"European",40,0.39,"Outpatient","Schizophrenia & Schizoaffective Disorders","> 2 years","ICD-10",,,16.6,15.55,"Chronic",0,0,,,"Some Concern","Low Risk","Low Risk","Low Risk","High Risk","High Risk","Favrod_2019_msd_SANS_Negative_post_NA_Interviewer-rated_WB_TAU2_NA_NA",-0.227635223703173,0.224343934461252,,,,,,
"Katsumi,2019","Katsumi, A., Hoshino, H., Fujimoto, S., Yabe, H., Ikebuchi, E., Nakagome, K., & Niwa, S. I. (2019). Effects of cognitive remediation on cognitive and social functions in individuals with schizophrenia. Neuropsychol Rehabil, 29(9), 1475-1487. https://doi.org/doi:10.1080/09602011.2017.1409639","CR","TAU2",,,0,"psy vs ctr","msd","Negative","PANSS","PANSS_Negative","Interviewer-rated",18.5,1.99,22,18.55,2.11,22,,,,,,,,,,,,,,,22,22,44,2019,"post",,"5","Group & Computer-Based","19",,"Japan",0,"high-income","very high",0.918,"Western Pacific",37.75,0.4091,"Outpatient","Schizophrenia & Schizoaffective Disorders",,"ICD-10",,,13.7,14.1,"Chronic",0,0,,,"Some Concern","Low Risk","Low Risk","High Risk","Some Concern","High Risk","Katsumi_2019_msd_PANSS_Negative_post_NA_Interviewer-rated_CR_TAU2_NA_NA",-0.0239418433175555,0.301522545041987,,,,,,
"Katsumi,2019","Katsumi, A., Hoshino, H., Fujimoto, S., Yabe, H., Ikebuchi, E., Nakagome, K., & Niwa, S. I. (2019). Effects of cognitive remediation on cognitive and social functions in individuals with schizophrenia. Neuropsychol Rehabil, 29(9), 1475-1487. https://doi.org/doi:10.1080/09602011.2017.1409639","CR","TAU2",,,0,"psy vs ctr","msd","Positive","PANSS","PANSS_Positive","Interviewer-rated",14.64,1.68,22,14.45,1.68,22,,,,,,,,,,,,,,,22,22,44,2019,"post",,"5","Group & Computer-Based","19",,"Japan",0,"high-income","very high",0.918,"Western Pacific",37.75,0.4091,"Outpatient","Schizophrenia & Schizoaffective Disorders",,"ICD-10",,,13.7,14.1,"Chronic",0,0,,,"Some Concern","Low Risk","Low Risk","High Risk","Some Concern","High Risk","Katsumi_2019_msd_PANSS_Positive_post_NA_Interviewer-rated_CR_TAU2_NA_NA",0.111063587111492,0.301752278986645,,,,,,
"Katsumi,2019","Katsumi, A., Hoshino, H., Fujimoto, S., Yabe, H., Ikebuchi, E., Nakagome, K., & Niwa, S. I. (2019). Effects of cognitive remediation on cognitive and social functions in individuals with schizophrenia. Neuropsychol Rehabil, 29(9), 1475-1487. https://doi.org/doi:10.1080/09602011.2017.1409639","CR","TAU2",,,0,"psy vs ctr","msd","Total","PANSS","PANSS_Total","Interviewer-rated",66.5,4.84,22,68.18,4.24,22,,,,,,,,,,,,,,,22,22,44,2019,"post",,"5","Group & Computer-Based","19",,"Japan",0,"high-income","very high",0.918,"Western Pacific",37.75,0.4091,"Outpatient","Schizophrenia & Schizoaffective Disorders",,"ICD-10",,,13.7,14.1,"Chronic",0,0,,,"Some Concern","Low Risk","Low Risk","High Risk","Some Concern","High Risk","Katsumi_2019_msd_PANSS_Total_post_NA_Interviewer-rated_CR_TAU2_NA_NA",-0.362605763028493,0.30406969311662,,,,,,
"Bryce,2018","Bryce, S. D., Rossell, S. L., Lee, S. J., Lawrence, R. J., Tan, E. J., Carruthers, S. P., & Ponsford, J. L. (2018). Neurocognitive and Self-efficacy Benefits of Cognitive Remediation in Schizophrenia: A Randomized Controlled Trial. J Int Neuropsychol Soc, 24(6), 549-562. https://doi.org/doi:10.1017/s1355617717001369","CR","CC",,,0,"psy vs ctr","msd","Total","PANSS","PANSS_Total","Interviewer-rated",60.96,3.2,22,57.66,3.33,21,,,,,,,,,,,,,,,29,27,56,2018,"post",,"10","Group & Computer-Based","20",,"Australia",0,"high-income","very high",0.941,"Western Pacific",41,0.3,"Outpatient","Schizophrenia & Schizoaffective Disorders",,"DSM-IV-TR",,,13.55,14.73,"Chronic",0,0,,,"Low Risk","Low Risk","Low Risk","Low Risk","Some Concern","Some Concern","Bryce_2018_msd_PANSS_Total_post_NA_Interviewer-rated_CR_CC_NA_NA",0.992402805746743,0.323973709617916,,,,,,
"Mueller,2017","Mueller, D. R., Khalesi, Z., Benzing, V., Castiglione, C. I., & Roder, V. (2017). Does Integrated Neurocognitive Therapy (INT) reduce severe negative symptoms in schizophrenia outpatients? Schizophr Res, 188, 92-97. https://doi.org/doi:10.1016/j.schres.2017.01.037","CR","TAU3",,,0,"psy vs ctr","msd","Negative","PANSS","PANSS_Negative","Interviewer-rated",17.5,4.5,24,19.6,4.5,31,,,,,,,,,,,,,,,28,33,61,2017,"post",,"15","Group","8",,"Switzerland",0,"high-income","very high",0.955,"European",35.51,0.255,"Outpatient","Schizophrenia & Schizoaffective Disorders",,"DSM-IV-TR",,,11.3,10.4,"Chronic",0,0,"Stable",,"Some Concern","Low Risk","Some Concern","Low Risk","Some Concern","High Risk","Mueller_2017_msd_PANSS_Negative_post_NA_Interviewer-rated_CR_TAU3_NA_NA",-0.46003159557662,0.275507766065847,,,,,,
"Mueller,2017","Mueller, D. R., Khalesi, Z., Benzing, V., Castiglione, C. I., & Roder, V. (2017). Does Integrated Neurocognitive Therapy (INT) reduce severe negative symptoms in schizophrenia outpatients? Schizophr Res, 188, 92-97. https://doi.org/doi:10.1016/j.schres.2017.01.037","CR","TAU3",,,0,"psy vs ctr","msd","Positive","PANSS","PANSS_Positive","Interviewer-rated",14.6,3.2,24,15,5.3,31,,,,,,,,,,,,,,,28,33,61,2017,"post",,"15","Group","8",,"Switzerland",0,"high-income","very high",0.955,"European",35.51,0.255,"Outpatient","Schizophrenia & Schizoaffective Disorders",,"DSM-IV-TR",,,11.3,10.4,"Chronic",0,0,"Stable",,"Some Concern","Low Risk","Some Concern","Low Risk","Some Concern","High Risk","Mueller_2017_msd_PANSS_Positive_post_NA_Interviewer-rated_CR_TAU3_NA_NA",-0.087422880932853,0.27202247975854,,,,,,
"Kantrowitz,2016","Kantrowitz, J. T., Sharif, Z., Medalia, A., Keefe, R. S., Harvey, P., Bruder, G., Barch, D. M., Choo, T., Lee, S., & Lieberman, J. A. (2016). A multicenter, rater-blinded, randomized controlled study of auditory processing-focused cognitive remediation combined with open-label lurasidone in patients with schizophrenia and schizoaffective disorder. The Journal of Clinical Psychiatry, 77(6), 3197.","CR","CC",,,0,"psy vs ctr","msd","Negative","PANSS","PANSS_Negative","Interviewer-rated",15.64,5.75,33,16.44,5.74,41,,,,,,,,,,,,,,,56,64,120,2016,"post",,"26","Group",,,"USA",0,"high-income","very high",0.926,"Americas",37.7,0.35,"Outpatient","Schizophrenia & Schizoaffective Disorders",,"DSM-IV-TR",,,,,,0,0,"Stable",,"Low Risk","Low Risk","Some Concern","Low Risk","Low Risk","Some Concern","Kantrowitz_2016_msd_PANSS_Negative_post_NA_Interviewer-rated_CR_CC_NA_NA",-0.137809207164476,0.234145936610641,,,,,,
"Kantrowitz,2016","Kantrowitz, J. T., Sharif, Z., Medalia, A., Keefe, R. S., Harvey, P., Bruder, G., Barch, D. M., Choo, T., Lee, S., & Lieberman, J. A. (2016). A multicenter, rater-blinded, randomized controlled study of auditory processing-focused cognitive remediation combined with open-label lurasidone in patients with schizophrenia and schizoaffective disorder. The Journal of Clinical Psychiatry, 77(6), 3197.","CR","CC",,,0,"psy vs ctr","msd","Positive","PANSS","PANSS_Positive","Interviewer-rated",14.18,4.87,33,14.54,5.05,41,,,,,,,,,,,,,,,56,64,120,2016,"post",,"26","Group",,,"USA",0,"high-income","very high",0.926,"Americas",37.7,0.35,"Outpatient","Schizophrenia & Schizoaffective Disorders",,"DSM-IV-TR",,,,,,0,0,"Stable",,"Low Risk","Low Risk","Some Concern","Low Risk","Low Risk","Some Concern","Kantrowitz_2016_msd_PANSS_Positive_post_NA_Interviewer-rated_CR_CC_NA_NA",-0.0716658470255947,0.233941689085568,,,,,,
"Kantrowitz,2016","Kantrowitz, J. T., Sharif, Z., Medalia, A., Keefe, R. S., Harvey, P., Bruder, G., Barch, D. M., Choo, T., Lee, S., & Lieberman, J. A. (2016). A multicenter, rater-blinded, randomized controlled study of auditory processing-focused cognitive remediation combined with open-label lurasidone in patients with schizophrenia and schizoaffective disorder. The Journal of Clinical Psychiatry, 77(6), 3197.","CR","CC",,,0,"psy vs ctr","msd","Total","PANSS","PANSS_Total","Interviewer-rated",58.79,14.71,33,61.1,17.29,41,,,,,,,,,,,,,,,56,64,120,2016,"post",,"26","Group",,,"USA",0,"high-income","very high",0.926,"Americas",37.7,0.35,"Outpatient","Schizophrenia & Schizoaffective Disorders",,"DSM-IV-TR",,,,,,0,0,"Stable",,"Low Risk","Low Risk","Some Concern","Low Risk","Low Risk","Some Concern","Kantrowitz_2016_msd_PANSS_Total_post_NA_Interviewer-rated_CR_CC_NA_NA",-0.141152976302253,0.234159680753145,,,,,,
"Velligan,2015","Velligan, D. I., Tai, S., Roberts, D. L., Maples-Aguilar, N., Brown, M., Mintz, J., & Turkington, D. (2015). A randomized controlled trial comparing cognitive behavior therapy, cognitive adaptation training, their combination and treatment as usual in chronic schizophrenia. Schizophrenia Bulletin, 41(3), 597-603.","CAT","CBT","CAT","CBT",1,"psy vs psy","msd","Total","BPRS","BPRS_Total","Interviewer-rated",3.38,1.32,23,3.53,1.16,26,,,,,,,,,,,,,,,41,43,84,2015,"post",,"39","Individual",,,"USA",0,"high-income","very high",0.924,"Americas",40.55,0.4789,"Outpatient","Schizophrenia & Schizoaffective Disorders",,"DSM-IV",,,,,"Chronic",0,0,,,"Low Risk","Low Risk","Low Risk","Low Risk","Some Concern","Some Concern","Velligan_2015_msd_BPRS_Total_post_NA_Interviewer-rated_CAT_CBT_CAT_CBT",-0.119270270765149,0.286513051046477,,,,,,
"Velligan,2015","Velligan, D. I., Tai, S., Roberts, D. L., Maples-Aguilar, N., Brown, M., Mintz, J., & Turkington, D. (2015). A randomized controlled trial comparing cognitive behavior therapy, cognitive adaptation training, their combination and treatment as usual in chronic schizophrenia. Schizophrenia Bulletin, 41(3), 597-603.","CAT","CBT_CAT","CAT","CBT_CAT",1,"psy vs psy","msd","Total","BPRS","BPRS_Total","Interviewer-rated",3.38,1.32,23,3.74,1.01,27,,,,,,,,,,,,,,,41,40,81,2015,"post",,"39","Individual",,,"USA",0,"high-income","very high",0.924,"Americas",40.55,0.4789,"Outpatient","Schizophrenia & Schizoaffective Disorders",,"DSM-IV",,,,,"Chronic",0,0,,,"Low Risk","Low Risk","Low Risk","Low Risk","Some Concern","Some Concern","Velligan_2015_msd_BPRS_Total_post_NA_Interviewer-rated_CAT_CBT_CAT_CAT_CBT_CAT",-0.304841809139428,0.285437344905926,,,,,,
"Velligan,2015","Velligan, D. I., Tai, S., Roberts, D. L., Maples-Aguilar, N., Brown, M., Mintz, J., & Turkington, D. (2015). A randomized controlled trial comparing cognitive behavior therapy, cognitive adaptation training, their combination and treatment as usual in chronic schizophrenia. Schizophrenia Bulletin, 41(3), 597-603.","CBT","CBT_CAT","CBT","CBT_CAT",1,"psy vs psy","msd","Total","BPRS","BPRS_Total","Interviewer-rated",3.53,1.16,26,3.74,1.01,27,,,,,,,,,,,,,,,43,40,83,2015,"post",,"39","Individual",,,"USA",0,"high-income","very high",0.924,"Americas",40.55,0.4789,"Outpatient","Schizophrenia & Schizoaffective Disorders",,"DSM-IV",,,,,"Chronic",0,0,,,"Low Risk","Low Risk","Low Risk","Low Risk","Some Concern","Some Concern","Velligan_2015_msd_BPRS_Total_post_NA_Interviewer-rated_CBT_CBT_CAT_CBT_CBT_CAT",-0.190491254654872,0.275411059729294,,,,,,
"Fernandez-Gonzalo,2015","Fernandez-Gonzalo, S., Turon, M., Jodar, M., Pousa, E., Rambla, C. H., García, R., & Palao, D. (2015). A new computerized cognitive and social cognition training specifically designed for patients with schizophrenia/schizoaffective disorder in early stages of illness: a pilot study. Psychiatry Research, 228(3), 501-509.","CRSS","CC",,,0,"psy vs ctr","msd","Negative","PANSS","PANSS_Negative","Interviewer-rated",14.6,5.3,21,16.79,5.3,19,,,,,,,,,,,,,,,28,28,56,2015,"post",,"17","Computer-Based",,,"Spain",0,"high-income","very high",0.889,"European",30.48,0.3585,"Outpatient","Schizophrenia & Schizoaffective Disorders","lifetime history of single episode","DSM-IV",,,2.3,3.01,"Early",1,1,"Stable","First Episode psychosis","Low Risk","High Risk","Some Concern","Low Risk","Some Concern","High Risk","Fernandez-Gonzalo_2015_msd_PANSS_Negative_post_NA_Interviewer-rated_CRSS_CC_NA_NA",-0.404998125702861,0.319976378080308,,,,,,
"Fernandez-Gonzalo,2015","Fernandez-Gonzalo, S., Turon, M., Jodar, M., Pousa, E., Rambla, C. H., García, R., & Palao, D. (2015). A new computerized cognitive and social cognition training specifically designed for patients with schizophrenia/schizoaffective disorder in early stages of illness: a pilot study. Psychiatry Research, 228(3), 501-509.","CRSS","CC",,,0,"psy vs ctr","msd","Positive","PANSS","PANSS_Positive","Interviewer-rated",7.9,1.4,21,8.89,2.2,19,,,,,,,,,,,,,,,28,25,53,2015,"post",,"17","Computer-Based",,,"Spain",0,"high-income","very high",0.889,"European",30.48,0.3585,"Outpatient","Schizophrenia & Schizoaffective Disorders","lifetime history of single episode","DSM-IV",,,2.3,3.01,"Early",1,1,"Stable","First Episode psychosis","Low Risk","High Risk","Some Concern","Low Risk","Some Concern","High Risk","Fernandez-Gonzalo_2015_msd_PANSS_Positive_post_NA_Interviewer-rated_CRSS_CC_NA_NA",-0.53220101992169,0.322391203497705,,,,,,
"Fernandez-Gonzalo,2015","Fernandez-Gonzalo, S., Turon, M., Jodar, M., Pousa, E., Rambla, C. H., García, R., & Palao, D. (2015). A new computerized cognitive and social cognition training specifically designed for patients with schizophrenia/schizoaffective disorder in early stages of illness: a pilot study. Psychiatry Research, 228(3), 501-509.","CRSS","CC",,,0,"psy vs ctr","msd","Total","PANSS","PANSS_Total","Interviewer-rated",46.75,10.5,21,52.63,10,19,,,,,,,,,,,,,,,28,25,53,2015,"post",,"17","Computer-Based",,,"Spain",0,"high-income","very high",0.889,"European",30.48,0.3585,"Outpatient","Schizophrenia & Schizoaffective Disorders","lifetime history of single episode","DSM-IV",,,2.3,3.01,"Early",1,1,"Stable","First Episode psychosis","Low Risk","High Risk","Some Concern","Low Risk","Some Concern","High Risk","Fernandez-Gonzalo_2015_msd_PANSS_Total_post_NA_Interviewer-rated_CRSS_CC_NA_NA",-0.561374436686251,0.323034380269468,,,,,,
"Velligan,2015","Velligan, D. I., Tai, S., Roberts, D. L., Maples-Aguilar, N., Brown, M., Mintz, J., & Turkington, D. (2015). A randomized controlled trial comparing cognitive behavior therapy, cognitive adaptation training, their combination and treatment as usual in chronic schizophrenia. Schizophrenia Bulletin, 41(3), 597-603.","CAT","TAU1","CAT","TAU1",1,"psy vs ctr","msd","Total","BPRS","BPRS_Total","Interviewer-rated",3.38,1.32,23,3.8,1.26,32,,,,,,,,,,,,,,,41,42,83,2015,"post",,"39","Individual",,,"USA",0,"high-income","very high",0.924,"Americas",40.55,0.4789,"Outpatient","Schizophrenia & Schizoaffective Disorders",,"DSM-IV",,,,,"Chronic",0,0,,,"Low Risk","Low Risk","Low Risk","Low Risk","Some Concern","Some Concern","Velligan_2015_msd_BPRS_Total_post_NA_Interviewer-rated_CAT_TAU1_CAT_TAU1",-0.322139513236969,0.275134638546923,,,,,,
"Velligan,2015","Velligan, D. I., Tai, S., Roberts, D. L., Maples-Aguilar, N., Brown, M., Mintz, J., & Turkington, D. (2015). A randomized controlled trial comparing cognitive behavior therapy, cognitive adaptation training, their combination and treatment as usual in chronic schizophrenia. Schizophrenia Bulletin, 41(3), 597-603.","CBT","TAU1","CBT","TAU1",1,"psy vs ctr","msd","Total","BPRS","BPRS_Total","Interviewer-rated",3.53,1.16,26,3.8,1.26,32,,,,,,,,,,,,,,,43,42,85,2015,"post",,"39","Individual",,,"USA",0,"high-income","very high",0.924,"Americas",40.55,0.4789,"Outpatient","Schizophrenia & Schizoaffective Disorders",,"DSM-IV",,,,,"Chronic",0,0,,,"Low Risk","Low Risk","Low Risk","Low Risk","Some Concern","Some Concern","Velligan_2015_msd_BPRS_Total_post_NA_Interviewer-rated_CBT_TAU1_CBT_TAU1",-0.218985148499708,0.264832571113676,,,,,,
"Velligan,2015","Velligan, D. I., Tai, S., Roberts, D. L., Maples-Aguilar, N., Brown, M., Mintz, J., & Turkington, D. (2015). A randomized controlled trial comparing cognitive behavior therapy, cognitive adaptation training, their combination and treatment as usual in chronic schizophrenia. Schizophrenia Bulletin, 41(3), 597-603.","CBT_CAT","TAU1","CBT_CAT","TAU1",1,"psy vs ctr","msd","Total","BPRS","BPRS_Total","Interviewer-rated",3.74,1.01,27,3.8,1.26,32,,,,,,,,,,,,,,,40,42,82,2015,"post",,"39","Individual",,,"USA",0,"high-income","very high",0.924,"Americas",40.55,0.4789,"Outpatient","Schizophrenia & Schizoaffective Disorders",,"DSM-IV",,,,,"Chronic",0,0,,,"Low Risk","Low Risk","Low Risk","Low Risk","Some Concern","Some Concern","Velligan_2015_msd_BPRS_Total_post_NA_Interviewer-rated_CBT_CAT_TAU1_CBT_CAT_TAU1",-0.0513633509791341,0.261361813365443,,,,,,
"Jørgensen,2015","Jørgensen, R., Licht, R., Lysaker, P., Munk-Jørgensen, P., Buck, K., Jensen, S., Hansson, L., & Zoffmann, V. (2015). Effects on cognitive and clinical insight with the use of Guided Self-Determination in outpatients with schizophrenia: A randomized open trial. European Psychiatry, 30(5), 655-663.","PST","TAU2",,,0,"psy vs ctr","msd","Negative","PANSS","PANSS_Negative","Interviewer-rated",17.2,4.2,47,17.4,4.2,47,,,,,,,,,,,,,,,50,51,101,2015,"post",,"26","Individual",,,"Denmark",0,"high-income","very high",0.936,"European",37.52,0.5347,"Inpatient","Schizophrenia & Schizoaffective Disorders","requent and/or long admissions
improvement in psychopathology and illness management, fre-
quently discontinuing treatment, frequent relapse, or not demon-
strating improvement,","ICD-10",,,7.9,11.7,"Chronic",0,0,,,"Low Risk","Low Risk","Low Risk","High Risk","Low Risk","High Risk","Jørgensen_2015_msd_PANSS_Negative_post_NA_Interviewer-rated_PST_TAU2_NA_NA",-0.0472297910990007,0.206313482476486,,,,,,
"Jørgensen,2015","Jørgensen, R., Licht, R., Lysaker, P., Munk-Jørgensen, P., Buck, K., Jensen, S., Hansson, L., & Zoffmann, V. (2015). Effects on cognitive and clinical insight with the use of Guided Self-Determination in outpatients with schizophrenia: A randomized open trial. European Psychiatry, 30(5), 655-663.","PST","TAU2",,,0,"psy vs ctr","msd","Total","PANSS","PANSS_Total","Interviewer-rated",58.5,9.7,47,59.9,10.3,47,,,,,,,,,,,,,,,50,51,101,2015,"post",,"26","Individual",,,"Denmark",0,"high-income","very high",0.936,"European",37.52,0.5347,"Inpatient","Schizophrenia & Schizoaffective Disorders","requent and/or long admissions
improvement in psychopathology and illness management, fre-
quently discontinuing treatment, frequent relapse, or not demon-
strating improvement,","ICD-10",,,7.9,11.7,"Chronic",0,0,,,"Low Risk","Low Risk","Low Risk","High Risk","Low Risk","High Risk","Jørgensen_2015_msd_PANSS_Total_post_NA_Interviewer-rated_PST_TAU2_NA_NA",-0.138793142963215,0.206536565922585,,,,,,
"Granholm,2014","Granholm, E., Holden, J., Link, P. C., & McQuaid, J. R. (2014). Randomized clinical trial of cognitive behavioral social skills training for schizophrenia: improvement in functioning and experiential negative symptoms. Journal of consulting and clinical psychology, 82(6), 1173–1185. https://doi.org/10.1037/a0037098","CBT_SST","SC",,,0,"psy vs ctr","msd","Positive","PANSS","PANSS_Positive","Interviewer-rated",16.6,4.1,36,18.7,5.8,45,,,,,,,,,,,,,,,73,76,149,2014,"post",,"39","Group",,,"USA",0,"high-income","very high",0.923,"Americas",41.36,0.3356,"Outpatient","Schizophrenia & Schizoaffective Disorders",,"DSM-IV",,,21.3,21.4,"Chronic",0,0,,,"Low Risk","Low Risk","Low Risk","Low Risk","Low Risk","Low Risk","Granholm_2014_msd_PANSS_Positive_post_NA_Interviewer-rated_CBT_SST_SC_NA_NA",-0.406488317270721,0.225919596504069,,,,,,
"Roberts,2014","Roberts, D. L., Combs, D. R., Willoughby, M., Mintz, J., Gibson, C., Rupp, B., & Penn, D. L. (2014). A randomized, controlled trial of Social Cognition and Interaction Training (SCIT) for outpatients with schizophrenia spectrum disorders. British Journal of Clinical Psychology, 53(3), 281-298.","SST","TAU2",,,0,"psy vs ctr","msd","Negative","PANSS","PANSS_Negative","Interviewer-rated",14.12,4.46,32,14.65,3.79,31,,,,,,,,,,,,,,,33,33,66,2014,"post",,"26","Group",,,"USA",0,"high-income","very high",0.923,"Americas",39.7,0.3333,"Outpatient","Schizophrenia & Schizoaffective Disorders",,"DSM-IV",,,,,"Chronic",0,0,,,"Some Concern","Low Risk","Low Risk","Low Risk","Some Concern","Some Concern","Roberts_2014_msd_PANSS_Negative_post_NA_Interviewer-rated_SST_TAU2_NA_NA",-0.126315243259002,0.252265497758575,,,,,,
"Roberts,2014","Roberts, D. L., Combs, D. R., Willoughby, M., Mintz, J., Gibson, C., Rupp, B., & Penn, D. L. (2014). A randomized, controlled trial of Social Cognition and Interaction Training (SCIT) for outpatients with schizophrenia spectrum disorders. British Journal of Clinical Psychology, 53(3), 281-298.","SST","TAU2",,,0,"psy vs ctr","msd","Positive","PANSS","PANSS_Positive","Interviewer-rated",14.85,4.38,32,15.29,4.22,31,,,,,,,,,,,,,,,33,33,66,2014,"post",,"26","Group",,,"USA",0,"high-income","very high",0.923,"Americas",39.7,0.3333,"Outpatient","Schizophrenia & Schizoaffective Disorders",,"DSM-IV",,,,,"Chronic",0,0,,,"Some Concern","Low Risk","Low Risk","Low Risk","Some Concern","Some Concern","Roberts_2014_msd_PANSS_Positive_post_NA_Interviewer-rated_SST_TAU2_NA_NA",-0.101014023304979,0.252172727590713,,,,,,
"Roberts,2014","Roberts, D. L., Combs, D. R., Willoughby, M., Mintz, J., Gibson, C., Rupp, B., & Penn, D. L. (2014). A randomized, controlled trial of Social Cognition and Interaction Training (SCIT) for outpatients with schizophrenia spectrum disorders. British Journal of Clinical Psychology, 53(3), 281-298.","SST","TAU2",,,0,"psy vs ctr","msd","Total","PANSS","PANSS_Total","Interviewer-rated",60.39,12.21,32,63.52,12.37,31,,,,,,,,,,,,,,,33,33,66,2014,"post",,"26","Group",,,"USA",0,"high-income","very high",0.923,"Americas",39.7,0.3333,"Outpatient","Schizophrenia & Schizoaffective Disorders",,"DSM-IV",,,,,"Chronic",0,0,,,"Some Concern","Low Risk","Low Risk","Low Risk","Some Concern","Some Concern","Roberts_2014_msd_PANSS_Total_post_NA_Interviewer-rated_SST_TAU2_NA_NA",-0.251555935453631,0.25302751614863,,,,,,
"Gohar,2013","Gohar, S. M., Hamdi, E., Lamis, A., Horan, W. P., & Green, M. F. (2013). Adapting and evaluating a social cognitive remediation program for schizophrenia in Arabic. schizophrenia Research, 148(1-3), 12-17.","SST","PE",,,0,"psy vs ctr","msd","Negative","PANSS","PANSS_Negative","Interviewer-rated",21.86,3.77,22,20.65,3.96,20,,,,,,,,,,,,,,,22,20,42,2013,"post",,"8","Group",,,"Egypt",1,"lower middle-income","medium",0.682,"Eastern Mediterranean",31.9,0.1905,"Outpatient","Schizophrenia & Schizoaffective Disorders",,,,,11.77,8.4,"Chronic",0,0,,,"Some Concern","Some Concern","Low Risk","High Risk","Some Concern","High Risk","Gohar_2013_msd_PANSS_Negative_post_NA_Interviewer-rated_SST_PE_NA_NA",0.307444173880256,0.310843210995161,,,,,,
"Gohar,2013","Gohar, S. M., Hamdi, E., Lamis, A., Horan, W. P., & Green, M. F. (2013). Adapting and evaluating a social cognitive remediation program for schizophrenia in Arabic. schizophrenia Research, 148(1-3), 12-17.","SST","PE",,,0,"psy vs ctr","msd","Positive","PANSS","PANSS_Positive","Interviewer-rated",18.77,4.05,22,17.5,3.09,20,,,,,,,,,,,,,,,22,20,42,2013,"post",,"8","Group",,,"Egypt",1,"lower middle-income","medium",0.682,"Eastern Mediterranean",31.9,0.1905,"Outpatient","Schizophrenia & Schizoaffective Disorders",,,,,11.77,8.4,"Chronic",0,0,,,"Some Concern","Some Concern","Low Risk","High Risk","Some Concern","High Risk","Gohar_2013_msd_PANSS_Positive_post_NA_Interviewer-rated_SST_PE_NA_NA",0.343655642755589,0.311311874164977,,,,,,
"Gohar,2013","Gohar, S. M., Hamdi, E., Lamis, A., Horan, W. P., & Green, M. F. (2013). Adapting and evaluating a social cognitive remediation program for schizophrenia in Arabic. schizophrenia Research, 148(1-3), 12-17.","SST","PE",,,0,"psy vs ctr","msd","Total","PANSS","PANSS_Total","Interviewer-rated",78.86,8.38,22,76.5,7.28,20,,,,,,,,,,,,,,,22,20,42,2013,"post",,"8","Group",,,"Egypt",1,"lower middle-income","medium",0.682,"Eastern Mediterranean",31.9,0.1905,"Outpatient","Schizophrenia & Schizoaffective Disorders",,,,,11.77,8.4,"Chronic",0,0,,,"Some Concern","Some Concern","Low Risk","High Risk","Some Concern","High Risk","Gohar_2013_msd_PANSS_Total_post_NA_Interviewer-rated_SST_PE_NA_NA",0.293965529118626,0.310681914944572,,,,,,
"Rus-Calafell,2013","Rus-Calafell, M., Gutiérrez-Maldonado, J., Ortega-Bravo, M., Ribas-Sabaté, J., & Caqueo-Urízar, A. (2013). A brief cognitive–behavioural social skills training for stabilised outpatients with schizophrenia: A preliminary study. schizophrenia Research, 143(2), 327-336. https://doi.org/https://doi.org/10.1016/j.schres.2012.11.014","SST","TAU2",,,0,"psy vs ctr","msd","Negative","PANSS","PANSS_Negative","Interviewer-rated",15.15,7.44,13,17.5,4.32,18,,,,,,,,,,,,,,,18,18,36,2013,"post",,"8","Group",,,"Spain",0,"high-income","very high",0.88,"European",40.36,0.1935,"Outpatient","Schizophrenia & Schizoaffective Disorders","Paranoid Schizophrenia","DSM-IV-TR",,,13.15,13.5,"Chronic",0,0,"Stable",,"Some Concern","High Risk","High Risk","High Risk","Some Concern","High Risk","Rus-Calafell_2013_msd_PANSS_Negative_post_NA_Interviewer-rated_SST_TAU2_NA_NA",-0.393406024792786,0.367573686167092,,,,,,
"Rus-Calafell,2013","Rus-Calafell, M., Gutiérrez-Maldonado, J., Ortega-Bravo, M., Ribas-Sabaté, J., & Caqueo-Urízar, A. (2013). A brief cognitive–behavioural social skills training for stabilised outpatients with schizophrenia: A preliminary study. schizophrenia Research, 143(2), 327-336. https://doi.org/https://doi.org/10.1016/j.schres.2012.11.014","SST","TAU2",,,0,"psy vs ctr","msd","Positive","PANSS","PANSS_Positive","Interviewer-rated",12.15,4.39,13,11.89,4.48,18,,,,,,,,,,,,,,,18,18,36,2013,"post",,"8","Group",,,"Spain",0,"high-income","very high",0.88,"European",40.36,0.1935,"Outpatient","Schizophrenia & Schizoaffective Disorders","Paranoid Schizophrenia","DSM-IV-TR",,,13.15,13.5,"Chronic",0,0,"Stable",,"Some Concern","High Risk","High Risk","High Risk","Some Concern","High Risk","Rus-Calafell_2013_msd_PANSS_Positive_post_NA_Interviewer-rated_SST_TAU2_NA_NA",0.0569926954772526,0.364052010650878,,,,,,
"Rus-Calafell,2013","Rus-Calafell, M., Gutiérrez-Maldonado, J., Ortega-Bravo, M., Ribas-Sabaté, J., & Caqueo-Urízar, A. (2013). A brief cognitive–behavioural social skills training for stabilised outpatients with schizophrenia: A preliminary study. schizophrenia Research, 143(2), 327-336. https://doi.org/https://doi.org/10.1016/j.schres.2012.11.014","SST","TAU2",,,0,"psy vs ctr","msd","Total","PANSS","PANSS_Total","Interviewer-rated",58.68,19.16,13,61.61,13.65,18,,,,,,,,,,,,,,,18,18,36,2013,"post",,"8","Group",,,"Spain",0,"high-income","very high",0.88,"European",40.36,0.1935,"Outpatient","Schizophrenia & Schizoaffective Disorders","Paranoid Schizophrenia","DSM-IV-TR",,,13.15,13.5,"Chronic",0,0,"Stable",,"Some Concern","High Risk","High Risk","High Risk","Some Concern","High Risk","Rus-Calafell_2013_msd_PANSS_Total_post_NA_Interviewer-rated_SST_TAU2_NA_NA",-0.176587517169604,0.364703840608157,,,,,,
"Farreny,2012","Farreny, A., Aguado, J., Ochoa, S., Huerta-Ramos, E., Marsà, F., López-Carrilero, R., Carral, V., Haro, J. M., & Usall, J. (2012). REPYFLEC cognitive remediation group training in schizophrenia: Looking for an integrative approach. schizophrenia Research, 142(1), 137-144. https://doi.org/https://doi.org/10.1016/j.schres.2012.08.035","CR","BF",,,0,"psy vs ctr","msd","Negative","PANSS","PANSS_Negative","Interviewer-rated",16.6,4.1,29,17.5,5.2,24,,,,,,,,,,,,,,,34,28,62,2012,"post",,"16","Group",,,"Spain",0,"high-income","very high",0.875,"European",40.6,0.32,"Outpatient","Schizophrenia & Schizoaffective Disorders","> 2 years","DSM-IV-TR",,,17.5,17.5,"Chronic",0,0,"Stable",,"Some Concern","High Risk","Some Concern","Low Risk","Low Risk","High Risk","Farreny_2012_msd_PANSS_Negative_post_NA_Interviewer-rated_CR_BF_NA_NA",-0.191571525312256,0.276597384274434,,,,,,
"Farreny,2012","Farreny, A., Aguado, J., Ochoa, S., Huerta-Ramos, E., Marsà, F., López-Carrilero, R., Carral, V., Haro, J. M., & Usall, J. (2012). REPYFLEC cognitive remediation group training in schizophrenia: Looking for an integrative approach. schizophrenia Research, 142(1), 137-144. https://doi.org/https://doi.org/10.1016/j.schres.2012.08.035","CR","BF",,,0,"psy vs ctr","msd","Total","PANSS","PANSS_Total","Interviewer-rated",55.6,10.6,29,60.4,12.3,24,,,,,,,,,,,,,,,34,28,62,2012,"post",,"16","Group",,,"Spain",0,"high-income","very high",0.875,"European",40.6,0.32,"Outpatient","Schizophrenia & Schizoaffective Disorders","> 2 years","DSM-IV-TR",,,17.5,17.5,"Chronic",0,0,"Stable",,"Some Concern","High Risk","Some Concern","Low Risk","Low Risk","High Risk","Farreny_2012_msd_PANSS_Total_post_NA_Interviewer-rated_CR_BF_NA_NA",-0.414899355838593,0.278966819086497,,,,,,
"Twamley,2012","Twamley, E. W., Vella, L., Burton, C. Z., Heaton, R. K., & Jeste, D. V. (2012). Compensatory cognitive training for psychosis: effects in a randomized controlled trial. The Journal of clinical psychiatry, 73(9), 1212–1219. https://doi.org/10.4088/JCP.12m07686","CR","TAU1",,,0,"psy vs ctr","msd","Negative","PANSS","PANSS_Negative","Interviewer-rated",13.6,5.79,23,16.58,6.36,28,,,,,,,,,,,,,,,38,31,69,2012,"post",,"13","Group",,,"USA",0,"high-income","very high",0.92,"Americas",51,0.3966,"Outpatient","Schizophrenia & Schizoaffective Disorders",,"DSM-IV",,"Depression, Alcohol/Substance abuse",23.43,24.97,"Chronic",0,0,"Stable",,"Some Concern","Low Risk","Low Risk","Low Risk","Low Risk","Some Concern","Twamley_2012_msd_PANSS_Negative_post_NA_Interviewer-rated_CR_TAU1_NA_NA",-0.480169542524795,0.285524352830374,,,,,,
"Twamley,2012","Twamley, E. W., Vella, L., Burton, C. Z., Heaton, R. K., & Jeste, D. V. (2012). Compensatory cognitive training for psychosis: effects in a randomized controlled trial. The Journal of clinical psychiatry, 73(9), 1212–1219. https://doi.org/10.4088/JCP.12m07686","CR","TAU1",,,0,"psy vs ctr","msd","Positive","PANSS","PANSS_Positive","Interviewer-rated",14.7,5.9,23,16.38,6.21,28,,,,,,,,,,,,,,,38,31,69,2012,"post",,"13","Group",,,"USA",0,"high-income","very high",0.92,"Americas",51,0.3966,"Outpatient","Schizophrenia & Schizoaffective Disorders",,"DSM-IV",,"Depression, Alcohol/Substance abuse",23.43,24.97,"Chronic",0,0,"Stable",,"Some Concern","Low Risk","Low Risk","Low Risk","Low Risk","Some Concern","Twamley_2012_msd_PANSS_Positive_post_NA_Interviewer-rated_CR_TAU1_NA_NA",-0.272388501357487,0.282741688572543,,,,,,
"Färdig,2011","Färdig, R., Lewander, T., Melin, L., Folke, F., & Fredriksson, A. (2011). A randomized controlled trial of the illness management and recovery program for persons with schizophrenia. Psychiatric Services, 62(6), 606-612.","PE","TAU2",,,0,"psy vs ctr","msd","Negative","PECC","PECC_Negative","Caregiver-rated",8.45,3.58,21,12.26,5.06,20,,,,,,,,,,,,,,,21,20,41,2011,"post",,"39","Group",,,"Sweden",0,"high-income","very high",0.912,"European",40.41,0.4634,"Outpatient","Schizophrenia & Schizoaffective Disorders",,"DSM-IV",,,,,,0,0,,,"Some Concern","Low Risk","Low Risk","Low Risk","Some Concern","Some Concern","Färdig_2011_msd_PECC_Negative_post_NA_Caregiver-rated_PE_TAU2_NA_NA",-0.856119272649457,0.326976531487972,,,,,,
"Färdig,2011","Färdig, R., Lewander, T., Melin, L., Folke, F., & Fredriksson, A. (2011). A randomized controlled trial of the illness management and recovery program for persons with schizophrenia. Psychiatric Services, 62(6), 606-612.","PE","TAU2",,,0,"psy vs ctr","msd","Positive","PECC","PECC_Positive","Caregiver-rated",6.25,3.19,21,9.58,5.21,20,,,,,,,,,,,,,,,21,20,41,2011,"post",,"39","Group",,,"Sweden",0,"high-income","very high",0.912,"European",40.41,0.4634,"Outpatient","Schizophrenia & Schizoaffective Disorders",,"DSM-IV",,,,,,0,0,,,"Some Concern","Low Risk","Low Risk","Low Risk","Some Concern","Some Concern","Färdig_2011_msd_PECC_Positive_post_NA_Caregiver-rated_PE_TAU2_NA_NA",-0.760405943320787,0.323962296566583,,,,,,
"Färdig,2011","Färdig, R., Lewander, T., Melin, L., Folke, F., & Fredriksson, A. (2011). A randomized controlled trial of the illness management and recovery program for persons with schizophrenia. Psychiatric Services, 62(6), 606-612.","PE","TAU2",,,0,"psy vs ctr","msd","Total","PECC","PECC_Total","Caregiver-rated",37.25,10.32,21,50.9,14.67,20,,,,,,,,,,,,,,,21,20,41,2011,"post",,"39","Group",,,"Sweden",0,"high-income","very high",0.912,"European",40.41,0.4634,"Outpatient","Schizophrenia & Schizoaffective Disorders",,"DSM-IV",,,,,,0,0,,,"Some Concern","Low Risk","Low Risk","Low Risk","Some Concern","Some Concern","Färdig_2011_msd_PECC_Total_post_NA_Caregiver-rated_PE_TAU2_NA_NA",-1.06002466132434,0.334467297492771,,,,,,
"Dickinson,2010","Dickinson, D., Tenhula, W., Morris, S., Brown, C., Peer, J., Spencer, K., Li, L., Gold, J. M., & Bellack, A. S. (2010). A randomized, controlled trial of computer-assisted cognitive remediation for schizophrenia. Am J Psychiatry, 167(2), 170-180. https://doi.org/10.1176/appi.ajp.2009.09020264","CR","CC",,,0,"psy vs ctr","msd","Negative","SANS","SANS_Negative","Interviewer-rated",21.93,10.18,34,24.74,13.4,27,,,,,,,,,,,,,,,35,32,67,2010,"post",,"15","Computer-Based",,,"USA",0,"high-income","very high",0.916,"Americas",47.61,0.3016,"Outpatient","Schizophrenia & Schizoaffective Disorders",,"DSM-IV","Lifetime substance abuse",,0,0,,0,0,"Stable",,"Low Risk","Low Risk","Some Concern","Low Risk","Some Concern","Some Concern","Dickinson_2010_msd_SANS_Negative_post_NA_Interviewer-rated_CR_CC_NA_NA",-0.236930163520313,0.258690759309794,,,,,,
"Dickinson,2010","Dickinson, D., Tenhula, W., Morris, S., Brown, C., Peer, J., Spencer, K., Li, L., Gold, J. M., & Bellack, A. S. (2010). A randomized, controlled trial of computer-assisted cognitive remediation for schizophrenia. Am J Psychiatry, 167(2), 170-180. https://doi.org/10.1176/appi.ajp.2009.09020264","CR","CC",,,0,"psy vs ctr","msd","Total","BPRS","BPRS_Total","Interviewer-rated",39.33,13.83,34,36.74,12.2,27,,,,,,,,,,,,,,,35,32,67,2010,"post",,"15","Computer-Based",,,"USA",0,"high-income","very high",0.916,"Americas",47.61,0.3016,"Outpatient","Schizophrenia & Schizoaffective Disorders",,"DSM-IV","Lifetime substance abuse",,0,0,,0,0,"Stable",,"Low Risk","Low Risk","Some Concern","Low Risk","Some Concern","Some Concern","Dickinson_2010_msd_BPRS_Total_post_NA_Interviewer-rated_CR_CC_NA_NA",0.194641504141649,0.258393924319364,,,,,,
"Penn,2009","Penn, D. L., Meyer, P. S., Evans, E., Wirth, R. J., Cai, K., & Burchinal, M. (2009). A randomized controlled trial of group cognitive-behavioral therapy vs. enhanced supportive therapy for auditory hallucinations. schizophrenia Research, 109(1), 52-59. https://doi.org/https://doi.org/10.1016/j.schres.2008.12.009","CBT","SC",,,0,"psy vs ctr","msd","Negative","PANSS","PANSS_Negative","Interviewer-rated",13.5,3.3,32,13.4,2.9,33,,,,,,,,,,,,,,,32,33,65,2009,"post",,"12","Group",,,"USA",0,"high-income","very high",0.913,"Americas",40.63,0.4923,"Outpatient","Schizophrenia & Schizoaffective Disorders","Auditory Hallucinations","DSM-IV",,,,,"Chronic",0,0,,"Auditory hallucinations","Low Risk","Low Risk","Some Concern","Low Risk","Some Concern","Some Concern","Penn_2009_msd_PANSS_Negative_post_NA_Interviewer-rated_CBT_SC_NA_NA",0.0318388708631127,0.24811492880955,,,,,,
"Penn,2009","Penn, D. L., Meyer, P. S., Evans, E., Wirth, R. J., Cai, K., & Burchinal, M. (2009). A randomized controlled trial of group cognitive-behavioral therapy vs. enhanced supportive therapy for auditory hallucinations. schizophrenia Research, 109(1), 52-59. https://doi.org/https://doi.org/10.1016/j.schres.2008.12.009","CBT","SC",,,0,"psy vs ctr","msd","Positive","PANSS","PANSS_Positive","Interviewer-rated",14.5,3.7,32,15.9,4.4,33,,,,,,,,,,,,,,,32,33,65,2009,"post",,"12","Group",,,"USA",0,"high-income","very high",0.913,"Americas",40.63,0.4923,"Outpatient","Schizophrenia & Schizoaffective Disorders","Auditory Hallucinations","DSM-IV",,,,,"Chronic",0,0,,"Auditory hallucinations","Low Risk","Low Risk","Some Concern","Low Risk","Some Concern","Some Concern","Penn_2009_msd_PANSS_Positive_post_NA_Interviewer-rated_CBT_SC_NA_NA",-0.339816717782722,0.249925835130482,,,,,,
"Penn,2009","Penn, D. L., Meyer, P. S., Evans, E., Wirth, R. J., Cai, K., & Burchinal, M. (2009). A randomized controlled trial of group cognitive-behavioral therapy vs. enhanced supportive therapy for auditory hallucinations. schizophrenia Research, 109(1), 52-59. https://doi.org/https://doi.org/10.1016/j.schres.2008.12.009","CBT","SC",,,0,"psy vs ctr","msd","Total","PANSS","PANSS_Total","Interviewer-rated",55,8.88,32,59.1,9.6,33,,,,,,,,,,,,,,,32,33,65,2009,"post",,"12","Group",,,"USA",0,"high-income","very high",0.913,"Americas",40.63,0.4923,"Outpatient","Schizophrenia & Schizoaffective Disorders","Auditory Hallucinations","DSM-IV",,,,,"Chronic",0,0,,"Auditory hallucinations","Low Risk","Low Risk","Some Concern","Low Risk","Some Concern","Some Concern","Penn_2009_msd_PANSS_Total_post_NA_Interviewer-rated_CBT_SC_NA_NA",-0.437816843495759,0.251124288618622,,,,,,
"England,2007","England, M. (2007). Efficacy of cognitive nursing intervention for voice hearing. Perspectives in psychiatric care, 43(2), 69-76.","CBT","TAU1",,,0,"psy vs ctr","msd","Total","BPRS","BPRS_Total","Interviewer-rated",36.9,9.6,44,50.1,7.8,21,,,,,,,,,,,,,,,44,21,65,2007,"post",,"18","Individual",,,"USA",0,"high-income","very high",0.911,"Americas",41,,"Outpatient","Schizophrenia & Schizoaffective Disorders","Auditory Hallucinations","DSM-IV",,,,,,0,0,,,"High Risk","Some Concern","Low Risk","Low Risk","Some Concern","High Risk","England_2007_msd_BPRS_Total_post_NA_Interviewer-rated_CBT_TAU1_NA_NA",-1.43837027784857,0.294360946668535,,,,,,
"Barrowclough,2006","Barrowclough, C., Haddock, G., Lobban, F., Jones, S., Siddle, R., Roberts, C., & Gregg, L. (2006). Group cognitive-behavioural therapy for schizophrenia: randomised controlled trial. The British Journal of Psychiatry, 189(6), 527-532.","CBT","TAU2",,,0,"psy vs ctr","msd","Negative","PANSS","PANSS_Negative","Interviewer-rated",13,4.81,54,13.31,5.22,45,,,,,,,,,,,,,,,57,56,113,2006,"post",,"26","Group",,,"UK",0,"high-income","very high",0.894,"European",38.83,0.274,"Outpatient","Schizophrenia & Schizoaffective Disorders","Persistent/Clinically Significant Positive Symptoms","DSM-IV","Substance abuse and learning disability not identified as the primary problem",,13.67,13.67,"Chronic",0,0,"Stable",,"Low Risk","Low Risk","Low Risk","Low Risk","Some Concern","Some Concern","Barrowclough_2006_msd_PANSS_Negative_post_NA_Interviewer-rated_CBT_TAU2_NA_NA",-0.061517567323133,0.20189144047777,,,,,,
"Barrowclough,2006","Barrowclough, C., Haddock, G., Lobban, F., Jones, S., Siddle, R., Roberts, C., & Gregg, L. (2006). Group cognitive-behavioural therapy for schizophrenia: randomised controlled trial. The British Journal of Psychiatry, 189(6), 527-532.","CBT","TAU2",,,0,"psy vs ctr","msd","Positive","PANSS","PANSS_Positive","Interviewer-rated",16.04,5,54,16.2,4.34,45,,,,,,,,,,,,,,,57,56,113,2006,"post",,"26","Group",,,"UK",0,"high-income","very high",0.894,"European",38.83,0.274,"Outpatient","Schizophrenia & Schizoaffective Disorders","Persistent/Clinically Significant Positive Symptoms","DSM-IV","Substance abuse and learning disability not identified as the primary problem",,13.67,13.67,"Chronic",0,0,"Stable",,"Low Risk","Low Risk","Low Risk","Low Risk","Some Concern","Some Concern","Barrowclough_2006_msd_PANSS_Positive_post_NA_Interviewer-rated_CBT_TAU2_NA_NA",-0.033692001427562,0.201857781013716,,,,,,
"Barrowclough,2006","Barrowclough, C., Haddock, G., Lobban, F., Jones, S., Siddle, R., Roberts, C., & Gregg, L. (2006). Group cognitive-behavioural therapy for schizophrenia: randomised controlled trial. The British Journal of Psychiatry, 189(6), 527-532.","CBT","TAU2",,,0,"psy vs ctr","msd","Total","PANSS","PANSS_Total","Interviewer-rated",57.78,13.15,54,61.44,15.83,45,,,,,,,,,,,,,,,57,56,113,2006,"post",,"26","Group",,,"UK",0,"high-income","very high",0.894,"European",38.83,0.274,"Outpatient","Schizophrenia & Schizoaffective Disorders","Persistent/Clinically Significant Positive Symptoms","DSM-IV","Substance abuse and learning disability not identified as the primary problem",,13.67,13.67,"Chronic",0,0,"Stable",,"Low Risk","Low Risk","Low Risk","Low Risk","Some Concern","Some Concern","Barrowclough_2006_msd_PANSS_Total_post_NA_Interviewer-rated_CBT_TAU2_NA_NA",-0.251715758041738,0.202646896085208,,,,,,
"Bark,2003","Bark, N., Revheim, N., Huq, F., Khalderov, V., Ganz, Z. W., & Medalia, A. (2003). The impact of cognitive remediation on psychiatric symptoms of schizophrenia. schizophrenia Research, 63(3), 229-235.","CR","TAU1",,,0,"psy vs ctr","msd","Negative","PANSS","PANSS_Negative","Interviewer-rated",17.4,4.8,36,17.7,5,18,,,,,,,,,,,,,,,36,18,54,2003,"post",,"10","Computer-Based",,,"USA",0,"high-income","very high",0.898,"Americas",36.18,0.4074,"Inpatient","Schizophrenia & Schizoaffective Disorders",,"DSM-IV",,,,,"Chronic",0,0,,,"High Risk","High Risk","High Risk","Low Risk","Some Concern","High Risk","Bark_2003_msd_PANSS_Negative_post_NA_Interviewer-rated_CR_TAU1_NA_NA",-0.0607551606927302,0.288736079546077,,,,,,
"Bark,2003","Bark, N., Revheim, N., Huq, F., Khalderov, V., Ganz, Z. W., & Medalia, A. (2003). The impact of cognitive remediation on psychiatric symptoms of schizophrenia. schizophrenia Research, 63(3), 229-235.","CR","TAU1",,,0,"psy vs ctr","msd","Positive","PANSS","PANSS_Positive","Interviewer-rated",17.2,4.5,36,21.3,9.5,18,,,,,,,,,,,,,,,36,18,54,2003,"post",,"10","Computer-Based",,,"USA",0,"high-income","very high",0.898,"Americas",36.18,0.4074,"Inpatient","Schizophrenia & Schizoaffective Disorders",,"DSM-IV",,,,,"Chronic",0,0,,,"High Risk","High Risk","High Risk","Low Risk","Some Concern","High Risk","Bark_2003_msd_PANSS_Positive_post_NA_Interviewer-rated_CR_TAU1_NA_NA",-0.615220380135897,0.294858883534907,,,,,,
"Bark,2003","Bark, N., Revheim, N., Huq, F., Khalderov, V., Ganz, Z. W., & Medalia, A. (2003). The impact of cognitive remediation on psychiatric symptoms of schizophrenia. schizophrenia Research, 63(3), 229-235.","CR","TAU1",,,0,"psy vs ctr","msd","Total","PANSS","PANSS_Total","Interviewer-rated",71.4,14.72,36,73,18.05,18,,,,,,,,,,,,,,,36,18,54,2003,"post",,"10","Computer-Based",,,"USA",0,"high-income","very high",0.898,"Americas",36.18,0.4074,"Inpatient","Schizophrenia & Schizoaffective Disorders",,"DSM-IV",,,,,"Chronic",0,0,,,"High Risk","High Risk","High Risk","Low Risk","Some Concern","High Risk","Bark_2003_msd_PANSS_Total_post_NA_Interviewer-rated_CR_TAU1_NA_NA",-0.099260181251593,0.28883778120896,,,,,,
"Rector,2003","Rector, N. A., Seeman, M. V., & Segal, Z. V. (2003). Cognitive therapy for schizophrenia: a preliminary randomized controlled trial. schizophrenia Research, 63(1-2), 1-11.","CBT","TAU2",,,0,"psy vs ctr","msd","Negative","PANSS","PANSS_Negative","Interviewer-rated",13.1,4.5,24,16,7.2,18,,,,,,,,,,,,,,,29,21,50,2003,"post",,"26","Individual",,,"Canada",0,"high-income","very high",0.897,"Americas",39.09,0.5238,"Outpatient","Schizophrenia & Schizoaffective Disorders",,"DSM-IV",,"Depression",13.9,17.9,"Chronic",0,0,"Stable",,"Some Concern","High Risk","Some Concern","Low Risk","Some Concern","High Risk","Rector_2003_msd_PANSS_Negative_post_NA_Interviewer-rated_CBT_TAU2_NA_NA",-0.490305577422219,0.31653633786688,,,,,,
"Rector,2003","Rector, N. A., Seeman, M. V., & Segal, Z. V. (2003). Cognitive therapy for schizophrenia: a preliminary randomized controlled trial. schizophrenia Research, 63(1-2), 1-11.","CBT","TAU2",,,0,"psy vs ctr","msd","Positive","PANSS","PANSS_Positive","Interviewer-rated",12,4,24,13.9,6.7,18,,,,,,,,,,,,,,,29,21,50,2003,"post",,"26","Individual",,,"Canada",0,"high-income","very high",0.897,"Americas",39.09,0.5238,"Outpatient","Schizophrenia & Schizoaffective Disorders",,"DSM-IV",,"Depression",13.9,17.9,"Chronic",0,0,"Stable",,"Some Concern","High Risk","Some Concern","Low Risk","Some Concern","High Risk","Rector_2003_msd_PANSS_Positive_post_NA_Interviewer-rated_CBT_TAU2_NA_NA",-0.350553905698453,0.314232371883783,,,,,,
"Rector,2003","Rector, N. A., Seeman, M. V., & Segal, Z. V. (2003). Cognitive therapy for schizophrenia: a preliminary randomized controlled trial. schizophrenia Research, 63(1-2), 1-11.","CBT","TAU2",,,0,"psy vs ctr","msd","Total","PANSS","PANSS_Total","Interviewer-rated",50.7,12.22,24,61.5,22.1,18,,,,,,,,,,,,,,,29,21,50,2003,"post",,"26","Individual",,,"Canada",0,"high-income","very high",0.897,"Americas",39.09,0.5238,"Outpatient","Schizophrenia & Schizoaffective Disorders",,"DSM-IV",,"Depression",13.9,17.9,"Chronic",0,0,"Stable",,"Some Concern","High Risk","Some Concern","Low Risk","Some Concern","High Risk","Rector_2003_msd_PANSS_Total_post_NA_Interviewer-rated_CBT_TAU2_NA_NA",-0.618575896661783,0.3193028322369,,,,,,
"Haddock,1999","Haddock, G., Tarrier, N., Morrison, A., Hopkins, R., Drake, R., & Lewis, S. (1999). A pilot study evaluating the effectiveness of individual inpatient cognitive-behavioural therapy in early psychosis. Social Psychiatry and Psychiatric Epidemiology, 34(5), 254-258.","CBT","SC",,,0,"psy vs ctr","msd","Total","BPRS","BPRS_Total","Interviewer-rated",46.8,8.75,9,38.3,17.4,11,,,,,,,,,,,,,,,10,11,21,1999,"post",,"5","Individual",,,"UK",0,"high-income","very high",0.855,"European",29.1,0.0952,"Inpatient","Schizophrenia & Schizoaffective Disorders","Onset/Relapse of psychotic symptoms","DSM-IV",,,,,"Early",1,0,"Relapse or onset",,"Some Concern","Some Concern","Low Risk","Low Risk","Some Concern","High Risk","Haddock_1999_msd_BPRS_Total_post_NA_Interviewer-rated_CBT_SC_NA_NA",0.572465191765767,0.459295070882197,,,,,,
"Steel,2020","Steel, C., Korrelboom, K., Fazil Baksh, M., Kingdon, D., Simon, J., Wykes, T., Phiri, P., & van der Gaag, M. (2020). Positive memory training for the treatment of depression in schizophrenia: A randomised controlled trial. Behav Res Ther, 135, 103734. https://doi.org/doi:10.1016/j.brat.2020.103734","WB","TAU3",,,0,"psy vs ctr","msd","Negative","PANSS","PANSS_Negative","Interviewer-rated",16.4,4.3,48,18.2,4.3,49,,,,,,,,,,,,,,,49,51,100,2020,"post",,"12","Individual","12",,"Netherlands, UK, Austria",0,"high-income","very high",0.925,"European",43,0.25,"Outpatient","Schizophrenia & Schizoaffective Disorders",,"DSM-V","Depression","Anxiety, Depression, Self-Esteem",,,"Chronic",0,0,,,"Low Risk","Low Risk","Low Risk","Low Risk","Low Risk","Low Risk","Steel_2020_msd_PANSS_Negative_post_NA_Interviewer-rated_WB_TAU3_NA_NA",-0.415291157881819,0.20529184900676,,,,,,
"Steel,2020","Steel, C., Korrelboom, K., Fazil Baksh, M., Kingdon, D., Simon, J., Wykes, T., Phiri, P., & van der Gaag, M. (2020). Positive memory training for the treatment of depression in schizophrenia: A randomised controlled trial. Behav Res Ther, 135, 103734. https://doi.org/doi:10.1016/j.brat.2020.103734","WB","TAU3",,,0,"psy vs ctr","msd","Positive","PANSS","PANSS_Positive","Interviewer-rated",17.6,6.1,48,16.8,6.4,49,,,,,,,,,,,,,,,49,51,100,2020,"post",,"12","Individual","12",,"Netherlands, UK, Austria",0,"high-income","very high",0.925,"European",43,0.25,"Outpatient","Schizophrenia & Schizoaffective Disorders",,"DSM-V","Depression","Anxiety, Depression, Self-Esteem",,,"Chronic",0,0,,,"Low Risk","Low Risk","Low Risk","Low Risk","Low Risk","Low Risk","Steel_2020_msd_PANSS_Positive_post_NA_Interviewer-rated_WB_TAU3_NA_NA",0.126918209933595,0.203287626256352,,,,,,
"Steel,2020","Steel, C., Korrelboom, K., Fazil Baksh, M., Kingdon, D., Simon, J., Wykes, T., Phiri, P., & van der Gaag, M. (2020). Positive memory training for the treatment of depression in schizophrenia: A randomised controlled trial. Behav Res Ther, 135, 103734. https://doi.org/doi:10.1016/j.brat.2020.103734","WB","TAU3",,,0,"psy vs ctr","msd","Total","PANSS","PANSS_Total","Interviewer-rated",72.8,17,48,75,15,49,,,,,,,,,,,,,,,49,51,100,2020,"post",,"12","Individual","12","12","Netherlands, UK, Austria",0,"high-income","very high",0.925,"European",43,0.25,"Outpatient","Schizophrenia & Schizoaffective Disorders",,"DSM-V","Depression","Anxiety, Depression, Self-Esteem",,,"Chronic",0,0,,,"Low Risk","Low Risk","Low Risk","Low Risk","Low Risk","Low Risk","Steel_2020_msd_PANSS_Total_post_NA_Interviewer-rated_WB_TAU3_NA_NA",-0.136235267585024,0.203319206408945,,,,,,
"Shawyer,2017","Shawyer, F., Farhall, J., Thomas, N., Hayes, S. C., Gallop, R., Copolov, D., & Castle, D. J. (2017). Acceptance and commitment therapy for psychosis: randomised controlled trial. Br J Psychiatry, 210(2), 140-148. https://doi.org/doi:10.1192/bjp.bp.116.182865","ACT","BF",,,0,"psy vs ctr","msd","Negative","PANSS","PANSS_Negative","Interviewer-rated",16.9,5,49,17.6,5.25,47,,,,,,,,,,,,,,,49,47,96,2017,"post",,"12","Individual","8",,"Australia",0,"high-income","very high",0.937,"Western Pacific",36.1,0.385,"Outpatient","Schizophrenia & Schizoaffective Disorders",,"DSM-IV",,,,,,0,0,"Stable",,"Low Risk","Low Risk","Low Risk","Low Risk","Low Risk","Low Risk","Shawyer_2017_msd_PANSS_Negative_post_NA_Interviewer-rated_ACT_BF_NA_NA",-0.135522704444482,0.204406375778841,,,,,,
"Shawyer,2017","Shawyer, F., Farhall, J., Thomas, N., Hayes, S. C., Gallop, R., Copolov, D., & Castle, D. J. (2017). Acceptance and commitment therapy for psychosis: randomised controlled trial. Br J Psychiatry, 210(2), 140-148. https://doi.org/doi:10.1192/bjp.bp.116.182865","ACT","BF",,,0,"psy vs ctr","msd","Positive","PANSS","PANSS_Positive","Interviewer-rated",20.5,6.07,49,19.7,6.64,47,,,,,,,,,,,,,,,49,47,96,2017,"post",,"12","Individual","8",,"Australia",0,"high-income","very high",0.937,"Western Pacific",36.1,0.385,"Outpatient","Schizophrenia & Schizoaffective Disorders",,"DSM-IV",,,,,,0,0,"Stable",,"Low Risk","Low Risk","Low Risk","Low Risk","Low Risk","Low Risk","Shawyer_2017_msd_PANSS_Positive_post_NA_Interviewer-rated_ACT_BF_NA_NA",0.124871627390103,0.204370465878805,,,,,,
"Shawyer,2017","Shawyer, F., Farhall, J., Thomas, N., Hayes, S. C., Gallop, R., Copolov, D., & Castle, D. J. (2017). Acceptance and commitment therapy for psychosis: randomised controlled trial. Br J Psychiatry, 210(2), 140-148. https://doi.org/doi:10.1192/bjp.bp.116.182865","ACT","BF",,,0,"psy vs ctr","msd","Total","PANSS","PANSS_Total","Interviewer-rated",74.2,16.07,49,73.3,15.74,47,,,,,,,,,,,,,,,49,47,96,2017,"post",,"12","Individual","8",,"Australia",0,"high-income","very high",0.937,"Western Pacific",36.1,0.385,"Outpatient","Schizophrenia & Schizoaffective Disorders",,"DSM-IV",,,,,,0,0,"Stable",,"Low Risk","Low Risk","Low Risk","Low Risk","Low Risk","Low Risk","Shawyer_2017_msd_PANSS_Total_post_NA_Interviewer-rated_ACT_BF_NA_NA",0.0561178871300475,0.204209272074297,,,,,,
"Liberman,2009","Liberman, R. P., & Kopelowicz, A. (2009). Training skills for illness self-management in the rehabilitation of schizophrenia. A family-assisted program for Latinos in California. Salud Mental, 32, 93-105.","FPE","TAU2",,,0,"psy vs ctr","msd","Negative","PANSS","PANSS_Negative","Interviewer-rated",16.2,6.4,39,18.2,6.7,45,,,,,,,,,,,,,,,45,47,92,2009,"post",,"13","Group",,,"USA",0,"high-income","very high",0.913,"Americas",38.83,0.3261,"Outpatient","Schizophrenia & Schizoaffective Disorders",,"DSM-IV",,,,,"Chronic",0,0,,,"Some Concern","High Risk","Some Concern","Low Risk","Some Concern","High Risk","Liberman_2009_msd_PANSS_Negative_post_NA_Interviewer-rated_FPE_TAU2_NA_NA",-0.3019576006839,0.220036527533959,,,,,,
"Liberman,2009","Liberman, R. P., & Kopelowicz, A. (2009). Training skills for illness self-management in the rehabilitation of schizophrenia. A family-assisted program for Latinos in California. Salud Mental, 32, 93-105.","FPE","TAU2",,,0,"psy vs ctr","msd","Positive","PANSS","PANSS_Positive","Interviewer-rated",10.9,4.9,39,13.3,5.3,45,,,,,,,,,,,,,,,45,47,92,2009,"post",,"13","Group",,,"USA",0,"high-income","very high",0.913,"Americas",38.83,0.3261,"Outpatient","Schizophrenia & Schizoaffective Disorders",,"DSM-IV",,,,,"Chronic",0,0,,,"Some Concern","High Risk","Some Concern","Low Risk","Some Concern","High Risk","Liberman_2009_msd_PANSS_Positive_post_NA_Interviewer-rated_FPE_TAU2_NA_NA",-0.464583646175659,0.221747377571932,,,,,,
"Liberman,2009","Liberman, R. P., & Kopelowicz, A. (2009). Training skills for illness self-management in the rehabilitation of schizophrenia. A family-assisted program for Latinos in California. Salud Mental, 32, 93-105.","FPE","TAU2",,,0,"psy vs ctr","msd","Total","PANSS","PANSS_Total","Interviewer-rated",51.9,14.7,39,58.2,14.8,45,,,,,,,,,,,,,,,45,47,92,2009,"post",,"13","Group",,,"USA",0,"high-income","very high",0.913,"Americas",38.83,0.3261,"Outpatient","Schizophrenia & Schizoaffective Disorders",,"DSM-IV",,,,,"Chronic",0,0,,,"Some Concern","High Risk","Some Concern","Low Risk","Some Concern","High Risk","Liberman_2009_msd_PANSS_Total_post_NA_Interviewer-rated_FPE_TAU2_NA_NA",-0.423092764752389,0.221243286541838,,,,,,
"Guo,2010","Guo, X., Zhai, J., Liu, Z., Fang, M., Wang, B., Wang, C., Hu, B., Sun, X., Lv, L., & Lu, Z. (2010). Effect of antipsychotic medication alone vs combined with psychosocial intervention on outcomes of early-stage schizophrenia: a randomized, 1-year study. Archives of general psychiatry, 67(9), 895-904.","ALL","TAU0",,,0,"psy vs ctr","msd","Total","PANSS","PANSS_Total","Interviewer-rated",36.4,6.54,338,34.7,5.12,406,,,,,,,,,,,,,,,635,633,1268,2010,"post",,"52","Group",,,"China",1,"upper middle-income","medium",0.698,"Western Pacific",26.25,0.4495,"Outpatient","Schizophrenia & Schizophreniform Disorders","Maintenance Treatment","DSM-IV",,,2.05,1.94,"Early",1,0,"Stable",,"Some Concern","Low Risk","Some Concern","Low Risk","High Risk","High Risk","Guo_2010_msd_PANSS_Total_post_NA_Interviewer-rated_ALL_TAU0_NA_NA",0.29239748379321,0.0740216699416366,,,,,,
"Chien,2019","Chien, W. T., Cheng, H. Y., McMaster, T. W., Yip, A. L. K., & Wong, J. C. L. (2019). Effectiveness of a mindfulness-based psychoeducation group programme for early-stage schizophrenia: An 18-month randomised controlled trial. Schizophr Res, 212, 140-149. https://doi.org/doi:10.1016/j.schres.2019.07.053","MPE","TAU2","MPE","TAU",1,"psy vs ctr","msd","Negative","PANSS","PANSS_Negative","Interviewer-rated",20,8.1,56,23.9,8.6,56,,,,,,,,,,,,,,,60,60,120,2019,"post",,"24","Group","12","12","China, Hong Kong",1,"upper middle-income","high",0.775,"Western Pacific",25,0.44,"Outpatient","Schizophrenia or its subtypes","≤ 5 years","DSM-IV-TR",,,2,2.1,"Early",1,0,"Stable","≤ 5 years","Low Risk","Low Risk","Low Risk","Low Risk","Low Risk","Low Risk","Chien_2019_msd_PANSS_Negative_post_NA_Interviewer-rated_MPE_TAU2_MPE_TAU",-0.463666302992624,0.191539290401875,,,,,,
"Chien,2019","Chien, W. T., Cheng, H. Y., McMaster, T. W., Yip, A. L. K., & Wong, J. C. L. (2019). Effectiveness of a mindfulness-based psychoeducation group programme for early-stage schizophrenia: An 18-month randomised controlled trial. Schizophr Res, 212, 140-149. https://doi.org/doi:10.1016/j.schres.2019.07.053","MPE","TAU2","MPE","TAU",1,"psy vs ctr","msd","Positive","PANSS","PANSS_Positive","Interviewer-rated",24.1,7.9,56,27.8,9.8,56,,,,,,,,,,,,,,,60,60,120,2019,"post",,"24","Group","12","12","China, Hong Kong",1,"upper middle-income","high",0.775,"Western Pacific",25,0.44,"Outpatient","Schizophrenia or its subtypes","≤ 5 years","DSM-IV-TR",,,2,2.1,"Early",1,0,"Stable","≤ 5 years","Low Risk","Low Risk","Low Risk","Low Risk","Low Risk","Low Risk","Chien_2019_msd_PANSS_Positive_post_NA_Interviewer-rated_MPE_TAU2_MPE_TAU",-0.412850266393303,0.191012328863238,,,,,,
"Chien,2019","Chien, W. T., Cheng, H. Y., McMaster, T. W., Yip, A. L. K., & Wong, J. C. L. (2019). Effectiveness of a mindfulness-based psychoeducation group programme for early-stage schizophrenia: An 18-month randomised controlled trial. Schizophr Res, 212, 140-149. https://doi.org/doi:10.1016/j.schres.2019.07.053","MPE","TAU2","MPE","TAU",1,"psy vs ctr","msd","Total","PANSS","PANSS_Total","Interviewer-rated",72.1,9,56,98.5,11.7,56,,,,,,,,,,,,,,,60,60,120,2019,"post",,"24","Group","12","12","China, Hong Kong",1,"upper middle-income","high",0.775,"Western Pacific",25,0.44,"Outpatient","Schizophrenia or its subtypes","≤ 5 years","DSM-IV-TR",,,2,2.1,"Early",1,0,"Stable","≤ 5 years","Low Risk","Low Risk","Low Risk","Low Risk","Low Risk","Low Risk","Chien_2019_msd_PANSS_Total_post_NA_Interviewer-rated_MPE_TAU2_MPE_TAU",-2.51201509203347,0.253523002480887,,,,,,
"Chien,2019","Chien, W. T., Cheng, H. Y., McMaster, T. W., Yip, A. L. K., & Wong, J. C. L. (2019). Effectiveness of a mindfulness-based psychoeducation group programme for early-stage schizophrenia: An 18-month randomised controlled trial. Schizophr Res, 212, 140-149. https://doi.org/doi:10.1016/j.schres.2019.07.053","PE","TAU2","PE","TAU",1,"psy vs ctr","msd","Negative","PANSS","PANSS_Negative","Interviewer-rated",23,8.2,56,23.9,8.6,56,,,,,,,,,,,,,,,60,60,120,2019,"post",,"24","Group","12","12","China, Hong Kong",1,"upper middle-income","high",0.775,"Western Pacific",25,0.44,"Outpatient","Schizophrenia or its subtypes","≤ 5 years","DSM-IV-TR",,,1.9,2.1,"Early",1,0,"Stable","≤ 5 years","Low Risk","Low Risk","Low Risk","Low Risk","Low Risk","Low Risk","Chien_2019_msd_PANSS_Negative_post_NA_Interviewer-rated_PE_TAU2_PE_TAU",-0.106380524671114,0.189117701065589,,,,,,
"Chien,2019","Chien, W. T., Cheng, H. Y., McMaster, T. W., Yip, A. L. K., & Wong, J. C. L. (2019). Effectiveness of a mindfulness-based psychoeducation group programme for early-stage schizophrenia: An 18-month randomised controlled trial. Schizophr Res, 212, 140-149. https://doi.org/doi:10.1016/j.schres.2019.07.053","PE","TAU2","PE","TAU",1,"psy vs ctr","msd","Positive","PANSS","PANSS_Positive","Interviewer-rated",25.9,8.8,56,27.8,9.8,56,,,,,,,,,,,,,,,60,60,120,2019,"post",,"24","Group","12","12","China, Hong Kong",1,"upper middle-income","high",0.775,"Western Pacific",25,0.44,"Outpatient","Schizophrenia or its subtypes","≤ 5 years","DSM-IV-TR",,,1.9,2.1,"Early",1,0,"Stable","≤ 5 years","Low Risk","Low Risk","Low Risk","Low Risk","Low Risk","Low Risk","Chien_2019_msd_PANSS_Positive_post_NA_Interviewer-rated_PE_TAU2_PE_TAU",-0.202612325426408,0.189473172695721,,,,,,
"Chien,2019","Chien, W. T., Cheng, H. Y., McMaster, T. W., Yip, A. L. K., & Wong, J. C. L. (2019). Effectiveness of a mindfulness-based psychoeducation group programme for early-stage schizophrenia: An 18-month randomised controlled trial. Schizophr Res, 212, 140-149. https://doi.org/doi:10.1016/j.schres.2019.07.053","PE","TAU2","PE","TAU",1,"psy vs ctr","msd","Total","PANSS","PANSS_Total","Interviewer-rated",89.1,9,56,98.5,11.7,56,,,,,,,,,,,,,,,60,60,120,2019,"post",,"24","Group","12","12","China, Hong Kong",1,"upper middle-income","high",0.775,"Western Pacific",25,0.44,"Outpatient","Schizophrenia or its subtypes","≤ 5 years","DSM-IV-TR",,,1.9,2.1,"Early",1,0,"Stable","≤ 5 years","Low Risk","Low Risk","Low Risk","Low Risk","Low Risk","Low Risk","Chien_2019_msd_PANSS_Total_post_NA_Interviewer-rated_PE_TAU2_PE_TAU",-0.894429616102828,0.198330661036175,,,,,,
"Özer,2024","Özer, D., & Dişsiz, M. (2024). The effect of online group based acceptance and commitment therapy on psychotic symptoms and functioning levels of individuals with early psychosis. Schizophrenia Research, 267, 55-64. https://doi.org/doi:10.1016/j.schres.2024.03.018""","ACT","TAU0",,,0,"psy vs ctr","msd","Negative","PANSS","PANSS_Negative","Interviewer-rated",17.57,2.48,26,18.62,2.93,27,,,,,,,,,,,,,,,26,29,56,2024,"post",,"12","Group & Computer-Based","8",,"Turkey",1,"upper middle-income","very high",0.855,"European",23.41,0.2642,"Outpatient","Schizophrenia Spectrum Disorders",,"DSM-V",,"Alcohol use",1.61,1.66,"Early",1,0,,,"Some Concern","Some Concern","Low Risk","High Risk","Some Concern","High Risk","Özer_2024_msd_PANSS_Negative_post_NA_Interviewer-rated_ACT_TAU0_NA_NA",-0.380501565356618,0.277318808144101,,,,,,
"Özer,2024","Özer, D., & Dişsiz, M. (2024). The effect of online group based acceptance and commitment therapy on psychotic symptoms and functioning levels of individuals with early psychosis. Schizophrenia Research, 267, 55-64. https://doi.org/doi:10.1016/j.schres.2024.03.018""","ACT","TAU0",,,0,"psy vs ctr","msd","Positive","PANSS","PANSS_Positive","Interviewer-rated",16.38,2.22,26,19.62,2.64,27,,,,,,,,,,,,,,,26,29,56,2024,"post",,"12","Group & Computer-Based","8",,"Turkey",1,"upper middle-income","very high",0.855,"European",23.41,0.2642,"Outpatient","Schizophrenia Spectrum Disorders",,"DSM-V",,"Alcohol use",1.61,1.66,"Early",1,0,,,"Some Concern","Some Concern","Low Risk","High Risk","Some Concern","High Risk","Özer_2024_msd_PANSS_Positive_post_NA_Interviewer-rated_ACT_TAU0_NA_NA",-1.30655516323529,0.30346321905289,,,,,,
"Özer,2024","Özer, D., & Dişsiz, M. (2024). The effect of online group based acceptance and commitment therapy on psychotic symptoms and functioning levels of individuals with early psychosis. Schizophrenia Research, 267, 55-64. https://doi.org/doi:10.1016/j.schres.2024.03.018""","ACT","TAU0",,,0,"psy vs ctr","msd","Total","PANSS","PANSS_Total","Interviewer-rated",70.5,7.56,26,80.62,8.82,27,,,,,,,,,,,,,,,26,29,56,2024,"post",,"12","Group & Computer-Based","8",,"Turkey",1,"upper middle-income","very high",0.855,"European",23.41,0.2642,"Outpatient","Schizophrenia Spectrum Disorders",,"DSM-V",,"Alcohol use",1.61,1.66,"Early",1,0,,,"Some Concern","Some Concern","Low Risk","High Risk","Some Concern","High Risk","Özer_2024_msd_PANSS_Total_post_NA_Interviewer-rated_ACT_TAU0_NA_NA",-1.21199057707192,0.299625053487267,,,,,,
"Varese,2024","Varese, F., Sellwood, W., Pulford, D., Awenat, Y., Bird, L., Bhutani, G., Carter, L. A., Davies, L., Aseem, S., Davis, C., Hefferman-Clarke, R., Hilton, C., Horne, G., Keane, D., Logie, R., Malkin, D., Potter, F., van den Berg, D., Zia, S., & Bentall, R. P. (2024). Trauma-focused therapy in early psychosis: results of a feasibility randomized controlled trial of EMDR for psychosis (EMDRp) in early intervention settings. Psychological medicine, 54(5), 874-885. https://doi.org/doi:10.1017/S0033291723002532","EMDR","TAU3",,,0,"psy vs ctr","msd","Total","PANSS","PANSS_Total","Interviewer-rated",56.4,13.3,26,64.1,10.9,19,,,,,,,,,,,,,,,31,29,60,2024,"post",,"24","Individual","16",,"UK",0,"high-income","very high",0.94,"European",36.01,0.6,"Outpatient","Schizophrenia Spectrum Disorders",,"ICD-10","traumatic events","Anxiety, Depression, PTSD",,,"Early",1,1,"Stable","First Episode psychosis","Low Risk","High Risk","Some Concern","Low Risk","Some Concern","High Risk","Varese_2024_msd_PANSS_Total_post_NA_Interviewer-rated_EMDR_TAU3_NA_NA",-0.612433208684271,0.308886353071761,,,,,,
"Lee,2023","Lee, B. M., Kim, S. W., Lee, B. J., Won, S. H., Park, Y. H., Kang, C. Y., Li, L., Rami, F. Z., & Chung, Y. C. (2023). Effects and safety of virtual reality-based mindfulness in patients with psychosis: a randomized controlled pilot study. Schizophrenia, 9(1). https://doi.org/doi:10.1038/s41537-023-00391-8","VR_MBI","CC",,,0,"psy vs ctr","msd","Negative","PANSS","PANSS_Negative","Interviewer-rated",11.74,3.63,33,12.56,4.73,28,,,,,,,,,,,,,,,35,29,64,2023,"post",,"8","Individual & Computer-Based","8","8","South Korea",0,"high-income","very high",0.929,"Western Pacific",32.2,0.541,"Outpatient","Schizophrenia Spectrum Disorders",,"DSM-IV",,,9.54,8.91,"Mid",0,0,"Stable",,"Some Concern","Some Concern","Low Risk","Low Risk","Some Concern","High Risk","Lee_2023_msd_PANSS_Negative_post_NA_Interviewer-rated_VR_MBI_CC_NA_NA",-0.194152792997112,0.257554530957878,,,,,,
"Lee,2023","Lee, B. M., Kim, S. W., Lee, B. J., Won, S. H., Park, Y. H., Kang, C. Y., Li, L., Rami, F. Z., & Chung, Y. C. (2023). Effects and safety of virtual reality-based mindfulness in patients with psychosis: a randomized controlled pilot study. Schizophrenia, 9(1). https://doi.org/doi:10.1038/s41537-023-00391-8","VR_MBI","CC",,,0,"psy vs ctr","msd","Positive","PANSS","PANSS_Positive","Interviewer-rated",10.58,3.12,33,11.11,3.69,28,,,,,,,,,,,,,,,35,29,64,2023,"post",,"8","Individual & Computer-Based","8","8","South Korea",0,"high-income","very high",0.929,"Western Pacific",32.2,0.541,"Outpatient","Schizophrenia Spectrum Disorders",,"DSM-IV",,,9.54,8.91,"Mid",0,0,"Stable",,"Some Concern","Some Concern","Low Risk","Low Risk","Some Concern","High Risk","Lee_2023_msd_PANSS_Positive_post_NA_Interviewer-rated_VR_MBI_CC_NA_NA",-0.154221094766119,0.257327306158999,,,,,,
"Lee,2023","Lee, B. M., Kim, S. W., Lee, B. J., Won, S. H., Park, Y. H., Kang, C. Y., Li, L., Rami, F. Z., & Chung, Y. C. (2023). Effects and safety of virtual reality-based mindfulness in patients with psychosis: a randomized controlled pilot study. Schizophrenia, 9(1). https://doi.org/doi:10.1038/s41537-023-00391-8","VR_MBI","CC",,,0,"psy vs ctr","msd","Total","PANSS","PANSS_Total","Interviewer-rated",43.03,9.81,33,43.33,10.16,28,,,,,,,,,,,,,,,35,29,64,2023,"post",,"8","Individual & Computer-Based","8","8","South Korea",0,"high-income","very high",0.929,"Western Pacific",32.2,0.541,"Outpatient","Schizophrenia Spectrum Disorders",,"DSM-IV",,,9.54,8.91,"Mid",0,0,"Stable",,"Some Concern","Some Concern","Low Risk","Low Risk","Some Concern","High Risk","Lee_2023_msd_PANSS_Total_post_NA_Interviewer-rated_VR_MBI_CC_NA_NA",-0.0297010926658492,0.256952787506144,,,,,,
"Gaudiano,2023","Gaudiano, B. A., Ellenberg, S., Johnson, J. E., Mueser, K. T., & Miller, I. W. (2023). Effectiveness of acceptance and commitment therapy for inpatients with psychosis: Implementation feasibility and acceptability from a pilot randomized controlled trial. Schizophrenia Research, 261, 72-79. https://doi.org/doi:10.1016/j.schres.2023.09.017","ACT","SC",,,0,"psy vs ctr","msd","Total","BPRS","BPRS_Total","Interviewer-rated",40.5,12.7,23,36.2,9.9,23,,,,,,,,,,,,,,,23,23,46,2023,"post",,"4","Individual & Group","10","10","USA",0,"high-income","very high",0.927,"Americas",40,0.4783,"Inpatient","Schizophrenia Spectrum Disorders",,"DSM-V","Bipolar disorder with  psychotic features
disorder with psychotic features, major depressive disorder with
psychotic features)",,,,,0,0,,,"Some Concern","Low Risk","Low Risk","Low Risk","Low Risk","Low Risk","Gaudiano_2023_msd_BPRS_Total_post_NA_Interviewer-rated_ACT_SC_NA_NA",0.371169766125395,0.297500725829781,,,,,,
"Longden,2022","Longden, E., Corstens, D., Bowe, S., Pyle, M., Emsley, R., Peters, S., Branitsky, A., Chauhan, N., Dehmahdi, N., Jones, W., Holden, N., Larkin, A., Miners, A., Murphy, E., Steele, A., & Morrison, A. P. (2022). A psychological intervention for engaging dialogically with auditory hallucinations (Talking With Voices): A single-site, randomised controlled feasibility trial. Schizophr Res, 250, 172-179. https://doi.org/doi:10.1016/j.schres.2022.11.007","RT","TAU3",,,0,"psy vs ctr","msd","Negative","PANSS","PANSS_Negative","Interviewer-rated",12,4.2,21,11.7,5.9,19,,,,,,,,,,,,,,,24,26,50,2022,"post",,"26","Individual","26",,"UK",0,"high-income","very high",0.94,"European",39.56,0.46,"Outpatient","Schizophrenia Spectrum Disorders",,"ICD-10",,,10.8,13,"Chronic",0,0,"Stable",,"Low Risk","Low Risk","Some Concern","Low Risk","Low Risk","Some Concern","Longden_2022_msd_PANSS_Negative_post_NA_Interviewer-rated_RT_TAU3_NA_NA",0.0579191534587103,0.31669271641568,,,,,,
"Longden,2022","Longden, E., Corstens, D., Bowe, S., Pyle, M., Emsley, R., Peters, S., Branitsky, A., Chauhan, N., Dehmahdi, N., Jones, W., Holden, N., Larkin, A., Miners, A., Murphy, E., Steele, A., & Morrison, A. P. (2022). A psychological intervention for engaging dialogically with auditory hallucinations (Talking With Voices): A single-site, randomised controlled feasibility trial. Schizophr Res, 250, 172-179. https://doi.org/doi:10.1016/j.schres.2022.11.007","RT","TAU3",,,0,"psy vs ctr","msd","Positive","PANSS","PANSS_Positive","Interviewer-rated",17.1,5.2,21,15.7,5,19,,,,,,,,,,,,,,,24,26,50,2022,"post",,"26","Individual","26",,"UK",0,"high-income","very high",0.94,"European",39.56,0.46,"Outpatient","Schizophrenia Spectrum Disorders",,"ICD-10",,,10.8,13,"Chronic",0,0,"Stable",,"Low Risk","Low Risk","Some Concern","Low Risk","Low Risk","Some Concern","Longden_2022_msd_PANSS_Positive_post_NA_Interviewer-rated_RT_TAU3_NA_NA",0.268727185213136,0.318104183087784,,,,,,
"Longden,2022","Longden, E., Corstens, D., Bowe, S., Pyle, M., Emsley, R., Peters, S., Branitsky, A., Chauhan, N., Dehmahdi, N., Jones, W., Holden, N., Larkin, A., Miners, A., Murphy, E., Steele, A., & Morrison, A. P. (2022). A psychological intervention for engaging dialogically with auditory hallucinations (Talking With Voices): A single-site, randomised controlled feasibility trial. Schizophr Res, 250, 172-179. https://doi.org/doi:10.1016/j.schres.2022.11.007","RT","TAU3",,,0,"psy vs ctr","msd","Total","PANSS","PANSS_Total","Interviewer-rated",59.7,15.6,21,56.3,15.3,19,,,,,,,,,,,,,,,24,26,50,2022,"post",,"26","Individual","26",,"UK",0,"high-income","very high",0.94,"European",39.56,0.46,"Outpatient","Schizophrenia Spectrum Disorders",,"ICD-10",,,10.8,13,"Chronic",0,0,"Stable",,"Low Risk","Low Risk","Some Concern","Low Risk","Low Risk","Some Concern","Longden_2022_msd_PANSS_Total_post_NA_Interviewer-rated_RT_TAU3_NA_NA",0.21557229727434,0.317577246731363,,,,,,
"Husain,2021","Husain, M. O., Khoso, A. B., Renwick, L., Kiran, T., Saeed, S., Lane, S., Naeem, F., Chaudhry, I. B., & Husain, N. (2021). Culturally adapted family intervention for schizophrenia in Pakistan: a feasibility study. Int J Psychiatry Clin Pract, 25(3), 258-267. https://doi.org/doi:10.1080/13651501.2020.1819332","FT","TAU1",,,0,"psy vs ctr","msd","Negative","PANSS","PANSS_Negative","Interviewer-rated",14.64,5.27,15,14.36,3.61,14,,,,,,,,,,,,,,,15,14,29,2021,"post",,"10","Family","10",,"Pakistan",1,"lower middle-income","low",0.537,"Eastern Mediterranean",33,0.41,"Outpatient","Schizophrenia Spectrum Disorders",,"ICD-10",,,,,,0,0,,,"Some Concern","Some Concern","Low Risk","Low Risk","Some Concern","High Risk","Husain_2021_msd_PANSS_Negative_post_NA_Interviewer-rated_FT_TAU1_NA_NA",0.0598521582923172,0.371699631730154,,,,,,
"Husain,2021","Husain, M. O., Khoso, A. B., Renwick, L., Kiran, T., Saeed, S., Lane, S., Naeem, F., Chaudhry, I. B., & Husain, N. (2021). Culturally adapted family intervention for schizophrenia in Pakistan: a feasibility study. Int J Psychiatry Clin Pract, 25(3), 258-267. https://doi.org/doi:10.1080/13651501.2020.1819332","FT","TAU1",,,0,"psy vs ctr","msd","Positive","PANSS","PANSS_Positive","Interviewer-rated",12.79,4.98,15,13.36,5.92,14,,,,,,,,,,,,,,,15,14,29,2021,"post",,"10","Family","10",,"Pakistan",1,"lower middle-income","low",0.537,"Eastern Mediterranean",33,0.41,"Outpatient","Schizophrenia Spectrum Disorders",,"ICD-10",,,,,,0,0,,,"Some Concern","Some Concern","Low Risk","Low Risk","Some Concern","High Risk","Husain_2021_msd_PANSS_Positive_post_NA_Interviewer-rated_FT_TAU1_NA_NA",-0.101601527477836,0.371865076101506,,,,,,
"Husain,2021","Husain, M. O., Khoso, A. B., Renwick, L., Kiran, T., Saeed, S., Lane, S., Naeem, F., Chaudhry, I. B., & Husain, N. (2021). Culturally adapted family intervention for schizophrenia in Pakistan: a feasibility study. Int J Psychiatry Clin Pract, 25(3), 258-267. https://doi.org/doi:10.1080/13651501.2020.1819332","FT","TAU1",,,0,"psy vs ctr","msd","Total","PANSS","PANSS_Total","Interviewer-rated",54.36,16.71,15,53.29,11.95,14,,,,,,,,,,,,,,,15,14,29,2021,"post",,"10","Family","10",,"Pakistan",1,"lower middle-income","low",0.537,"Eastern Mediterranean",33,0.41,"Outpatient","Schizophrenia Spectrum Disorders",,"ICD-10",,,,,,0,0,,,"Some Concern","Some Concern","Low Risk","Low Risk","Some Concern","High Risk","Husain_2021_msd_PANSS_Total_post_NA_Interviewer-rated_FT_TAU1_NA_NA",0.0711695304459105,0.371736033146457,,,,,,
"So,2021","So, S. H.-w., Hoi-kei Chan, G., Kit-wa Wong, C., Wing-ka Ching, E., Sze-wai Lee, S., Chi-Wing Wong, B., Zhu, C., Sun, X., Kin-hei Chung, L., Hung, A. Y., Oi-yin Wong, J., Sau-man Chan, S., & ra. (2021). A randomised controlled trial of metacognitive training for psychosis, depression, and belief flexibility. Journal of Affective Disorders, 279, 388-397. https://doi.org/doi:10.1016/j.jad.2020.09.126","MCT","TAU1",,,0,"psy vs ctr","msd","Negative","PANSS","PANSS_Negative","Interviewer-rated",9.35,2.23,27,12.25,5.78,29,,,,,,,,,,,,,,,27,29,56,2021,"post",,"4","Group","12","12","China",1,"upper middle-income","high",0.785,"Western Pacific",41.49,0.4642,"Outpatient","Schizophrenia Spectrum Disorders","Current Delusions","DSM-IV",,"Anxiety",,,,0,0,,"Current delusions","Some Concern","Low Risk","Low Risk","Low Risk","Some Concern","Some Concern","So_2021_msd_PANSS_Negative_post_NA_Interviewer-rated_MCT_TAU1_NA_NA",-0.643980046289699,0.274459656530741,,,,,,
"So,2021","So, S. H.-w., Hoi-kei Chan, G., Kit-wa Wong, C., Wing-ka Ching, E., Sze-wai Lee, S., Chi-Wing Wong, B., Zhu, C., Sun, X., Kin-hei Chung, L., Hung, A. Y., Oi-yin Wong, J., Sau-man Chan, S., & ra. (2021). A randomised controlled trial of metacognitive training for psychosis, depression, and belief flexibility. Journal of Affective Disorders, 279, 388-397. https://doi.org/doi:10.1016/j.jad.2020.09.126","MCT","TAU1",,,0,"psy vs ctr","msd","Positive","PANSS","PANSS_Positive","Interviewer-rated",13.65,3.33,27,13.29,2.88,29,,,,,,,,,,,,,,,27,29,56,2021,"post",,"4","Group","12","12","China",1,"upper middle-income","high",0.785,"Western Pacific",41.49,0.4642,"Outpatient","Schizophrenia Spectrum Disorders","Current Delusions","DSM-IV",,"Anxiety",,,,0,0,,"Current delusions","Some Concern","Low Risk","Low Risk","Low Risk","Some Concern","Some Concern","So_2021_msd_PANSS_Positive_post_NA_Interviewer-rated_MCT_TAU1_NA_NA",0.11433090399697,0.267656183319227,,,,,,
"So,2021","So, S. H.-w., Hoi-kei Chan, G., Kit-wa Wong, C., Wing-ka Ching, E., Sze-wai Lee, S., Chi-Wing Wong, B., Zhu, C., Sun, X., Kin-hei Chung, L., Hung, A. Y., Oi-yin Wong, J., Sau-man Chan, S., & ra. (2021). A randomised controlled trial of metacognitive training for psychosis, depression, and belief flexibility. Journal of Affective Disorders, 279, 388-397. https://doi.org/doi:10.1016/j.jad.2020.09.126","MCT","TAU1",,,0,"psy vs ctr","msd","Total","PANSS","PANSS_Total","Interviewer-rated",45.77,7.9,27,51,11.01,29,,,,,,,,,,,,,,,27,29,56,2021,"post",,"4","Group","12","12","China",1,"upper middle-income","high",0.785,"Western Pacific",41.49,0.4642,"Outpatient","Schizophrenia Spectrum Disorders","Current Delusions","DSM-IV",,"Anxiety",,,,0,0,,"Current delusions","Some Concern","Low Risk","Low Risk","Low Risk","Some Concern","Some Concern","So_2021_msd_PANSS_Total_post_NA_Interviewer-rated_MCT_TAU1_NA_NA",-0.535034256084876,0.272302317508154,,,,,,
"González-Ortega,2021","González-Ortega, I., Vega, P., Echeburúa, E., Alberich, S., Fernández-Sevillano, J., Barbeito, S., Balanzá-Martínez, V., Vieta, E., Lorente-Rovira, E., Luengo, A., Cerrillo, E., Crespo, J. M., Matute, C., & González-Pinto, A. (2021). A Multicentre, Randomised, Controlled Trial of a Combined Clinical Treatment for First-Episode Psychosis. Int J Environ Res Public Health, 18(14). https://doi.org/doi:10.3390/ijerph18147239","CBT","TAU2",,,0,"psy vs ctr","msd","Negative","PANSS","PANSS_Negative","Interviewer-rated",10.55,5.71,86,11.39,5.43,91,,,,,,,,,,,,,,,92,92,184,2021,"post",,"28","Individual","14",,"Spain",0,"high-income","very high",0.904,"European",29,0.41,"Both","Schizophrenia Spectrum Disorders","First Episode (diagnosis age 18-45 within 5 years)","DSM-IV-TR",,,,,"Early",1,1,,"First Episode psychosis","Some Concern","High Risk","Low Risk","Low Risk","High Risk","High Risk","González-Ortega_2021_msd_PANSS_Negative_post_NA_Interviewer-rated_CBT_TAU2_NA_NA",-0.150221094984671,0.150602840346694,,,,,,
"González-Ortega,2021","González-Ortega, I., Vega, P., Echeburúa, E., Alberich, S., Fernández-Sevillano, J., Barbeito, S., Balanzá-Martínez, V., Vieta, E., Lorente-Rovira, E., Luengo, A., Cerrillo, E., Crespo, J. M., Matute, C., & González-Pinto, A. (2021). A Multicentre, Randomised, Controlled Trial of a Combined Clinical Treatment for First-Episode Psychosis. Int J Environ Res Public Health, 18(14). https://doi.org/doi:10.3390/ijerph18147239","CBT","TAU2",,,0,"psy vs ctr","msd","Positive","PANSS","PANSS_Positive","Interviewer-rated",8.47,3.22,86,10.39,4.9,91,,,,,,,,,,,,,,,92,92,184,2021,"post",,"28","Individual","14",,"Spain",0,"high-income","very high",0.904,"European",29,0.41,"Both","Schizophrenia Spectrum Disorders","First Episode (diagnosis age 18-45 within 5 years)","DSM-IV-TR",,,,,"Early",1,1,,"First Episode psychosis","Some Concern","High Risk","Low Risk","Low Risk","High Risk","High Risk","González-Ortega_2021_msd_PANSS_Positive_post_NA_Interviewer-rated_CBT_TAU2_NA_NA",-0.458519105628933,0.152367799955273,,,,,,
"González-Ortega,2021","González-Ortega, I., Vega, P., Echeburúa, E., Alberich, S., Fernández-Sevillano, J., Barbeito, S., Balanzá-Martínez, V., Vieta, E., Lorente-Rovira, E., Luengo, A., Cerrillo, E., Crespo, J. M., Matute, C., & González-Pinto, A. (2021). A Multicentre, Randomised, Controlled Trial of a Combined Clinical Treatment for First-Episode Psychosis. Int J Environ Res Public Health, 18(14). https://doi.org/doi:10.3390/ijerph18147239","CBT","TAU2",,,0,"psy vs ctr","msd","Total","PANSS","PANSS_Total","Interviewer-rated",40.37,10.04,86,45.11,9.9,91,,,,,,,,,,,,,,,92,92,184,2021,"post",,"28","Individual","14",,"Spain",0,"high-income","very high",0.904,"European",29,0.41,"Both","Schizophrenia Spectrum Disorders","First Episode (diagnosis age 18-45 within 5 years)","DSM-IV-TR",,,,,"Early",1,1,,"First Episode psychosis","Some Concern","High Risk","Low Risk","Low Risk","High Risk","High Risk","González-Ortega_2021_msd_PANSS_Total_post_NA_Interviewer-rated_CBT_TAU2_NA_NA",-0.47346913889047,0.152498019588583,,,,,,
"Halverson,2021","Halverson, T. F., Meyer-Kalos, P. S., Perkins, D. O., Gaylord, S. A., Palsson, O. S., Nye, L., Algoe, S. B., Grewen, K., & Penn, D. L. (2021). Enhancing stress reactivity and wellbeing in early schizophrenia: A randomized controlled trial of Integrated Coping Awareness Therapy (I-CAT). Schizophr Res, 235, 91-101. https://doi.org/doi:10.1016/j.schres.2021.07.022","MBI","TAU3",,,0,"psy vs ctr","change","Negative","PANSS","PANSS_Negative","Interviewer-rated",,,,,,,-0.68,0.82,14,0.28,0.86,14,,,,,,,,,19,19,38,2021,"post",,"36","Individual","14 to 24","14 to 24","USA",0,"high-income","very high",0.921,"Americas",24,0.47,"Outpatient","Schizophrenia Spectrum Disorders","First Episode",,,,1.7,1.8,"Early",1,1,,"First Episode psychosis","Some Concern","High Risk","Some Concern","Low Risk","Low Risk","High Risk","Halverson_2021_change_PANSS_Negative_post_NA_Interviewer-rated_MBI_TAU3_NA_NA",-1.10925567128337,0.407636533574524,,,,,,
"Halverson,2021","Halverson, T. F., Meyer-Kalos, P. S., Perkins, D. O., Gaylord, S. A., Palsson, O. S., Nye, L., Algoe, S. B., Grewen, K., & Penn, D. L. (2021). Enhancing stress reactivity and wellbeing in early schizophrenia: A randomized controlled trial of Integrated Coping Awareness Therapy (I-CAT). Schizophr Res, 235, 91-101. https://doi.org/doi:10.1016/j.schres.2021.07.022","MBI","TAU3",,,0,"psy vs ctr","change","Positive","PANSS","PANSS_Positive","Interviewer-rated",,,,,,,-0.29,0.56,14,-0.21,0.6,14,,,,,,,,,19,19,38,2021,"post",,"36","Individual","14 to 24","14 to 24","USA",0,"high-income","very high",0.921,"Americas",24,0.47,"Outpatient","Schizophrenia Spectrum Disorders","First Episode",,,,1.7,1.8,"Early",1,1,,"First Episode psychosis","Some Concern","High Risk","Some Concern","Low Risk","Low Risk","High Risk","Halverson_2021_change_PANSS_Positive_post_NA_Interviewer-rated_MBI_TAU3_NA_NA",-0.13383408093118,0.378413095687035,,,,,,
"Halverson,2021","Halverson, T. F., Meyer-Kalos, P. S., Perkins, D. O., Gaylord, S. A., Palsson, O. S., Nye, L., Algoe, S. B., Grewen, K., & Penn, D. L. (2021). Enhancing stress reactivity and wellbeing in early schizophrenia: A randomized controlled trial of Integrated Coping Awareness Therapy (I-CAT). Schizophr Res, 235, 91-101. https://doi.org/doi:10.1016/j.schres.2021.07.022","MBI","TAU3",,,0,"psy vs ctr","change","Total","PANSS","PANSS_Total","Interviewer-rated",,,,,,,-0.81,0.56,14,-0.29,0.6,14,,,,,,,,,19,19,38,2021,"post",,"36","Individual","14 to 24","14 to 24","USA",0,"high-income","very high",0.921,"Americas",24,0.47,"Outpatient","Schizophrenia Spectrum Disorders","First Episode",,,,1.7,1.8,"Early",1,1,,"First Episode psychosis","Some Concern","High Risk","Some Concern","Low Risk","Low Risk","High Risk","Halverson_2021_change_PANSS_Total_post_NA_Interviewer-rated_MBI_TAU3_NA_NA",-0.869921526052671,0.396476678207436,,,,,,
"Chien,2019","Chien, W. T., Cheng, H. Y., McMaster, T. W., Yip, A. L. K., & Wong, J. C. L. (2019). Effectiveness of a mindfulness-based psychoeducation group programme for early-stage schizophrenia: An 18-month randomised controlled trial. Schizophr Res, 212, 140-149. https://doi.org/doi:10.1016/j.schres.2019.07.053","MPE","PE","MPE","PE",1,"psy vs psy","msd","Negative","PANSS","PANSS_Negative","Interviewer-rated",20,8.1,56,23,8.2,56,,,,,,,,,,,,,,,60,60,120,2019,"post",,"24","Group","12","12","China, Hong Kong",1,"upper middle-income","high",0.775,"Western Pacific",25,0.44,"Outpatient","Schizophrenia Spectrum Disorders","≤ 5 years","DSM-IV-TR",,,2,1.9,"Early",1,0,"Stable","≤ 5 years","Low Risk","Low Risk","Low Risk","Low Risk","Low Risk","Low Risk","Chien_2019_msd_PANSS_Negative_post_NA_Interviewer-rated_MPE_PE_MPE_PE",-0.365575802658531,0.190575856141122,,,,,,
"Chien,2019","Chien, W. T., Cheng, H. Y., McMaster, T. W., Yip, A. L. K., & Wong, J. C. L. (2019). Effectiveness of a mindfulness-based psychoeducation group programme for early-stage schizophrenia: An 18-month randomised controlled trial. Schizophr Res, 212, 140-149. https://doi.org/doi:10.1016/j.schres.2019.07.053","MPE","PE","MPE","PE",1,"psy vs psy","msd","Positive","PANSS","PANSS_Positive","Interviewer-rated",24.1,7.9,56,25.9,8.8,56,,,,,,,,,,,,,,,60,60,120,2019,"post",,"24","Group","12","12","China, Hong Kong",1,"upper middle-income","high",0.775,"Western Pacific",25,0.44,"Outpatient","Schizophrenia Spectrum Disorders","≤ 5 years","DSM-IV-TR",,,2,1.9,"Early",1,0,"Stable","≤ 5 years","Low Risk","Low Risk","Low Risk","Low Risk","Low Risk","Low Risk","Chien_2019_msd_PANSS_Positive_post_NA_Interviewer-rated_MPE_PE_MPE_PE",-0.21378549544978,0.189528731323078,,,,,,
"Chien,2019","Chien, W. T., Cheng, H. Y., McMaster, T. W., Yip, A. L. K., & Wong, J. C. L. (2019). Effectiveness of a mindfulness-based psychoeducation group programme for early-stage schizophrenia: An 18-month randomised controlled trial. Schizophr Res, 212, 140-149. https://doi.org/doi:10.1016/j.schres.2019.07.053","MPE","PE","MPE","PE",1,"psy vs psy","msd","Total","PANSS","PANSS_Total","Interviewer-rated",72.1,9,56,89.1,9,56,,,,,,,,,,,,,,,60,60,120,2019,"post",,"24","Group","12","12","China, Hong Kong",1,"upper middle-income","high",0.775,"Western Pacific",25,0.44,"Outpatient","Schizophrenia Spectrum Disorders","≤ 5 years","DSM-IV-TR",,,2,1.9,"Early",1,0,"Stable","≤ 5 years","Low Risk","Low Risk","Low Risk","Low Risk","Low Risk","Low Risk","Chien_2019_msd_PANSS_Total_post_NA_Interviewer-rated_MPE_PE_MPE_PE",-1.87598076436345,0.227249678164238,,,,,,
"Lee,2019","Lee, K. H. (2019). A randomized controlled trial of mindfulness in patients with schizophrenia(✰). Psychiatry Res, 275, 137-142. https://doi.org/doi:10.1016/j.psychres.2019.02.079","MBI","TAU2",,,0,"psy vs ctr","msd","Negative","PANSS","PANSS_Negative","Interviewer-rated",2.45,0.9,20,3.06,0.88,30,,,,,,,,,,,,,,,30,30,60,2019,"post",,"8","Group","8",,"Taiwan",1,"upper middle-income","high",0.775,"Western Pacific",52.79,,"Both","Schizophrenia Spectrum Disorders",,,"Depression",,,,,0,0,"Stable",,"Some Concern","Low Risk","Low Risk","High Risk","Some Concern","High Risk","Lee_2019_msd_PANSS_Negative_post_NA_Interviewer-rated_MBI_TAU2_NA_NA",-0.676169789606971,0.296736364609676,,,,,,
"Lee,2019","Lee, K. H. (2019). A randomized controlled trial of mindfulness in patients with schizophrenia(✰). Psychiatry Res, 275, 137-142. https://doi.org/doi:10.1016/j.psychres.2019.02.079","MBI","TAU2",,,0,"psy vs ctr","msd","Positive","PANSS","PANSS_Positive","Interviewer-rated",3.1,0.29,20,3.12,0.26,30,,,,,,,,,,,,,,,30,30,60,2019,"post",,"8","Group","8",,"Taiwan",1,"upper middle-income","high",0.775,"Western Pacific",52.79,,"Both","Schizophrenia Spectrum Disorders",,,"Depression",,,,,0,0,"Stable",,"Some Concern","Low Risk","Low Risk","High Risk","Some Concern","High Risk","Lee_2019_msd_PANSS_Positive_post_NA_Interviewer-rated_MBI_TAU2_NA_NA",-0.0723025835612865,0.28876857807634,,,,,,
"Lee,2019","Lee, K. H. (2019). A randomized controlled trial of mindfulness in patients with schizophrenia(✰). Psychiatry Res, 275, 137-142. https://doi.org/doi:10.1016/j.psychres.2019.02.079","MBI","TAU2",,,0,"psy vs ctr","msd","Total","PANSS","PANSS_Total","Interviewer-rated",2.68,0.39,20,2.98,0.43,30,,,,,,,,,,,,,,,30,30,60,2019,"post",,"8","Group","8",,"Taiwan",1,"upper middle-income","high",0.775,"Western Pacific",52.79,,"Both","Schizophrenia Spectrum Disorders",,,"Depression",,,,,0,0,"Stable",,"Some Concern","Low Risk","Low Risk","High Risk","Some Concern","High Risk","Lee_2019_msd_PANSS_Total_post_NA_Interviewer-rated_MBI_TAU2_NA_NA",-0.712175035295885,0.297604482250979,,,,,,
"Morrison,2018","Morrison, A. P., Law, H., Carter, L., Sellers, R., Emsley, R., Pyle, M., French, P., Shiers, D., Yung, A. R., Murphy, E. K., Holden, N., Steele, A., Bowe, S. E., Palmier-Claus, J., Brooks, V., Byrne, R., Davies, L., & Haddad, P. M. (2018). Antipsychotic drugs versus cognitive behavioural therapy versus a combination of both in people with psychosis: a randomised controlled pilot and feasibility study. Lancet Psychiatry, 5(5), 411-423. https://doi.org/doi:10.1016/s2215-0366(18)30096-8","CBT","CBT_TAU0","CBT","CBT_TAU0",1,"psy vs psy","msd","Negative","PANSS","PANSS_Negative","Interviewer-rated",14.91,4.72,22,12.41,4.6,22,,,,,,,,,,,,,,,26,25,51,2018,"post",,"39","Individual",,,"UK",0,"high-income","very high",0.928,"European",23.61,0.4267,"Outpatient","Schizophrenia Spectrum Disorders",,"ICD-10",,,0.76,1.5,"Early",1,0,"Stable","Treatment resistant","Low Risk","Low Risk","Low Risk","Low Risk","Low Risk","Low Risk","Morrison_2018_msd_PANSS_Negative_post_NA_Interviewer-rated_CBT_CBT_TAU0_CBT_CBT_TAU0",0.526799644624616,0.30688619118405,,,,,,
"Morrison,2018","Morrison, A. P., Law, H., Carter, L., Sellers, R., Emsley, R., Pyle, M., French, P., Shiers, D., Yung, A. R., Murphy, E. K., Holden, N., Steele, A., Bowe, S. E., Palmier-Claus, J., Brooks, V., Byrne, R., Davies, L., & Haddad, P. M. (2018). Antipsychotic drugs versus cognitive behavioural therapy versus a combination of both in people with psychosis: a randomised controlled pilot and feasibility study. Lancet Psychiatry, 5(5), 411-423. https://doi.org/doi:10.1016/s2215-0366(18)30096-8","CBT","CBT_TAU0","CBT","CBT_TAU0",1,"psy vs psy","msd","Positive","PANSS","PANSS_Positive","Interviewer-rated",18.18,4.81,22,15.23,5.31,22,,,,,,,,,,,,,,,26,25,51,2018,"post",,"39","Individual",,,"UK",0,"high-income","very high",0.928,"European",23.61,0.4267,"Outpatient","Schizophrenia Spectrum Disorders",,"ICD-10",,,0.76,1.5,"Early",1,0,"Stable","Treatment resistant","Low Risk","Low Risk","Low Risk","Low Risk","Low Risk","Low Risk","Morrison_2018_msd_PANSS_Positive_post_NA_Interviewer-rated_CBT_CBT_TAU0_CBT_CBT_TAU0",0.571833312519187,0.307834554284764,,,,,,
"Morrison,2018","Morrison, A. P., Law, H., Carter, L., Sellers, R., Emsley, R., Pyle, M., French, P., Shiers, D., Yung, A. R., Murphy, E. K., Holden, N., Steele, A., Bowe, S. E., Palmier-Claus, J., Brooks, V., Byrne, R., Davies, L., & Haddad, P. M. (2018). Antipsychotic drugs versus cognitive behavioural therapy versus a combination of both in people with psychosis: a randomised controlled pilot and feasibility study. Lancet Psychiatry, 5(5), 411-423. https://doi.org/doi:10.1016/s2215-0366(18)30096-8","CBT","CBT_TAU0","CBT","CBT_TAU0",1,"psy vs psy","msd","Total","PANSS","PANSS_Total","Interviewer-rated",60.5,8.74,22,53.77,12.54,22,,,,,,,,,,,,,,,26,25,51,2018,"post",,"39","Individual",,,"UK",0,"high-income","very high",0.928,"European",23.61,0.4267,"Outpatient","Schizophrenia Spectrum Disorders",,"ICD-10",,,0.76,1.5,"Early",1,0,"Stable","Treatment resistant","Low Risk","Low Risk","Low Risk","Low Risk","Low Risk","Low Risk","Morrison_2018_msd_PANSS_Total_post_NA_Interviewer-rated_CBT_CBT_TAU0_CBT_CBT_TAU0",0.611483276102056,0.308731212458333,,,,,,
"Chien,2018","Chien, W. T., Bressington, D., & Chan, S. W. C. (2018). A Randomized Controlled Trial on Mutual Support Group Intervention for Families of People With Recent-Onset Psychosis: A Four-Year Follow-Up. Frontiers in psychiatry, 9. https://doi.org/doi:10.3389/fpsyt.2018.00710","FT","PE","FT","PE",1,"psy vs psy","msd","Negative","PANSS","PANSS_Negative","Interviewer-rated",19.79,8.2,69,20.13,9.95,68,,,,,,,,,,,,,,,70,70,140,2018,"post",,"36","Group","16","16","Hong Kong",0,"high-income","very high",0.949,"Western Pacific",41,0.65,"Outpatient","Schizophrenia Spectrum Disorders","≤ 5 years","DSM-IV-R",,,1.71,1.82,"Early",1,0,,"Recent-onset psychosis","Low Risk","Low Risk","Low Risk","Low Risk","Low Risk","Low Risk","Chien_2018_msd_PANSS_Negative_post_NA_Interviewer-rated_FT_PE_FT_PE",-0.0371113239448732,0.170890956054245,,,,,,
"Chien,2018","Chien, W. T., Bressington, D., & Chan, S. W. C. (2018). A Randomized Controlled Trial on Mutual Support Group Intervention for Families of People With Recent-Onset Psychosis: A Four-Year Follow-Up. Frontiers in psychiatry, 9. https://doi.org/doi:10.3389/fpsyt.2018.00710","FT","PE","FT","PE",1,"psy vs psy","msd","Positive","PANSS","PANSS_Positive","Interviewer-rated",23.01,8.92,69,23.65,8.13,68,,,,,,,,,,,,,,,70,70,140,2018,"post",,"36","Group","16","16","Hong Kong",0,"high-income","very high",0.949,"Western Pacific",41,0.65,"Outpatient","Schizophrenia Spectrum Disorders","≤ 5 years","DSM-IV-R",,,1.71,1.82,"Early",1,0,,"Recent-onset psychosis","Low Risk","Low Risk","Low Risk","Low Risk","Low Risk","Low Risk","Chien_2018_msd_PANSS_Positive_post_NA_Interviewer-rated_FT_PE_FT_PE",-0.0745499294723751,0.170936091021079,,,,,,
"Chien,2018","Chien, W. T., Bressington, D., & Chan, S. W. C. (2018). A Randomized Controlled Trial on Mutual Support Group Intervention for Families of People With Recent-Onset Psychosis: A Four-Year Follow-Up. Frontiers in psychiatry, 9. https://doi.org/doi:10.3389/fpsyt.2018.00710","FT","PE","FT","PE",1,"psy vs psy","msd","Total","PANSS","PANSS_Total","Interviewer-rated",82.34,14.23,69,86.29,10.33,68,,,,,,,,,,,,,,,70,70,140,2018,"post",,"36","Group","16","16","Hong Kong",0,"high-income","very high",0.949,"Western Pacific",41,0.65,"Outpatient","Schizophrenia Spectrum Disorders","≤ 5 years","DSM-IV-R",,,1.71,1.82,"Early",1,0,,"Recent-onset psychosis","Low Risk","Low Risk","Low Risk","Low Risk","Low Risk","Low Risk","Chien_2018_msd_PANSS_Total_post_NA_Interviewer-rated_FT_PE_FT_PE",-0.31555088626391,0.171948009823428,,,,,,
"Craig,2018","Craig, T. K., Rus-Calafell, M., Ward, T., Leff, J. P., Huckvale, M., Howarth, E., Emsley, R., & Garety, P. A. (2018). AVATAR therapy for auditory verbal hallucinations in people with psychosis: a single-blind, randomised controlled trial. Lancet Psychiatry, 5(1), 31-40. https://doi.org/doi:10.1016/s2215-0366(17)30427-3","VRI","SC",,,0,"psy vs ctr","msd","Negative","SANS","SANS_Negative","Interviewer-rated",26.67,19.79,63,25.61,17.66,61,,,,,,,,,,,,,,,75,75,150,2018,"post",,"13","Computer-Based","6","6","UK",0,"high-income","very high",0.928,"European",42.7,0.32,"Outpatient","Schizophrenia Spectrum Disorders",,"ICD-10",,,20.5,19.8,"Chronic",0,0,"Stable",,"Low Risk","High Risk","Low Risk","Low Risk","Low Risk","High Risk","Craig_2018_msd_SANS_Negative_post_NA_Interviewer-rated_VRI_SC_NA_NA",0.0561171853534388,0.179664449844288,,,,,,
"Craig,2018","Craig, T. K., Rus-Calafell, M., Ward, T., Leff, J. P., Huckvale, M., Howarth, E., Emsley, R., & Garety, P. A. (2018). AVATAR therapy for auditory verbal hallucinations in people with psychosis: a single-blind, randomised controlled trial. Lancet Psychiatry, 5(1), 31-40. https://doi.org/doi:10.1016/s2215-0366(17)30427-3","VRI","SC",,,0,"psy vs ctr","msd","Positive","SAPS","SAPS_Positive","Interviewer-rated",32.1,20.5,62,39.93,20.75,61,,,,,,,,,,,,,,,75,75,150,2018,"post",,"6","Computer-Based","6","6","UK",0,"high-income","very high",0.928,"European",42.7,0.32,"Outpatient","Schizophrenia Spectrum Disorders",,"ICD-10",,,20.5,19.8,"Chronic",0,0,"Stable",,"Low Risk","High Risk","Low Risk","Low Risk","Low Risk","High Risk","Craig_2018_msd_SAPS_Positive_post_NA_Interviewer-rated_VRI_SC_NA_NA",-0.37729034246229,0.181957085686393,,,,,,
"Morrison,2018","Morrison, A. P., Law, H., Carter, L., Sellers, R., Emsley, R., Pyle, M., French, P., Shiers, D., Yung, A. R., Murphy, E. K., Holden, N., Steele, A., Bowe, S. E., Palmier-Claus, J., Brooks, V., Byrne, R., Davies, L., & Haddad, P. M. (2018). Antipsychotic drugs versus cognitive behavioural therapy versus a combination of both in people with psychosis: a randomised controlled pilot and feasibility study. Lancet Psychiatry, 5(5), 411-423. https://doi.org/doi:10.1016/s2215-0366(18)30096-8","CBT","TAU0","CBT","TAU0",1,"psy vs ctr","msd","Negative","PANSS","PANSS_Negative","Interviewer-rated",14.91,4.72,22,14.14,5.47,22,,,,,,,,,,,,,,,26,24,50,2018,"post",,"39","Individual",,,"UK",0,"high-income","very high",0.928,"European",23.61,0.4267,"Outpatient","Schizophrenia Spectrum Disorders",,"ICD-10",,,0.72,0.72,"Early",1,0,"Stable","Treatment resistant","Low Risk","Low Risk","Low Risk","Low Risk","Low Risk","Low Risk","Morrison_2018_msd_PANSS_Negative_post_NA_Interviewer-rated_CBT_TAU0_CBT_TAU0",0.14801330644232,0.301939126535897,,,,,,
"Morrison,2018","Morrison, A. P., Law, H., Carter, L., Sellers, R., Emsley, R., Pyle, M., French, P., Shiers, D., Yung, A. R., Murphy, E. K., Holden, N., Steele, A., Bowe, S. E., Palmier-Claus, J., Brooks, V., Byrne, R., Davies, L., & Haddad, P. M. (2018). Antipsychotic drugs versus cognitive behavioural therapy versus a combination of both in people with psychosis: a randomised controlled pilot and feasibility study. Lancet Psychiatry, 5(5), 411-423. https://doi.org/doi:10.1016/s2215-0366(18)30096-8","CBT","TAU0","CBT","TAU0",1,"psy vs ctr","msd","Positive","PANSS","PANSS_Positive","Interviewer-rated",18.18,4.81,22,17.81,6.85,22,,,,,,,,,,,,,,,26,24,50,2018,"post",,"39","Individual",,,"UK",0,"high-income","very high",0.928,"European",23.61,0.4267,"Outpatient","Schizophrenia Spectrum Disorders",,"ICD-10",,,0.76,0.72,"Early",1,0,"Stable","Treatment resistant","Low Risk","Low Risk","Low Risk","Low Risk","Low Risk","Low Risk","Morrison_2018_msd_PANSS_Positive_post_NA_Interviewer-rated_CBT_TAU0_CBT_TAU0",0.0613922247241184,0.301584982687788,,,,,,
"Morrison,2018","Morrison, A. P., Law, H., Carter, L., Sellers, R., Emsley, R., Pyle, M., French, P., Shiers, D., Yung, A. R., Murphy, E. K., Holden, N., Steele, A., Bowe, S. E., Palmier-Claus, J., Brooks, V., Byrne, R., Davies, L., & Haddad, P. M. (2018). Antipsychotic drugs versus cognitive behavioural therapy versus a combination of both in people with psychosis: a randomised controlled pilot and feasibility study. Lancet Psychiatry, 5(5), 411-423. https://doi.org/doi:10.1016/s2215-0366(18)30096-8","CBT","TAU0","CBT","TAU0",1,"psy vs ctr","msd","Total","PANSS","PANSS_Total","Interviewer-rated",60.5,8.74,22,61.09,14.44,22,,,,,,,,,,,,,,,26,24,50,2018,"post",,"39","Individual",,,"UK",0,"high-income","very high",0.928,"European",23.61,0.4267,"Outpatient","Schizophrenia Spectrum Disorders",,"ICD-10",,,0.76,0.72,"Early",1,0,"Stable","Treatment resistant","Low Risk","Low Risk","Low Risk","Low Risk","Low Risk","Low Risk","Morrison_2018_msd_PANSS_Total_post_NA_Interviewer-rated_CBT_TAU0_CBT_TAU0",-0.0485453064663037,0.301557390402327,,,,,,
"Chien,2017","Chien, W. T., Bressington, D., Yip, A., & Karatzias, T. (2017). An international multi-site, randomized controlled trial of a mindfulness-based psychoeducation group programme for people with schizophrenia. Psychol Med, 47(12), 2081-2096. https://doi.org/doi:10.1017/s0033291717000526","MPE","PE","MPE","PE",1,"psy vs psy","msd","Negative","PANSS","PANSS_Negative","Interviewer-rated",17,7,111,19.9,8.9,110,,,,,,,,,,,,,,,114,114,228,2017,"post",,"24","Group","12","12","China, Taiwan*, Hong Kong",1,"upper middle-income","high",0.757,"Western Pacific",25.63,0.3772,"Outpatient","Schizophrenia Spectrum Disorders","≤ 5 years","DSM-IV",,,2.6,2.7,"Early",1,0,,"≤ 5 years","Low Risk","Low Risk","Low Risk","Low Risk","Low Risk","Low Risk","Chien_2017_msd_PANSS_Negative_post_NA_Interviewer-rated_MPE_PE_MPE_PE",-0.361155504870984,0.135635725545106,,,,,,
"Chien,2017","Chien, W. T., Bressington, D., Yip, A., & Karatzias, T. (2017). An international multi-site, randomized controlled trial of a mindfulness-based psychoeducation group programme for people with schizophrenia. Psychol Med, 47(12), 2081-2096. https://doi.org/doi:10.1017/s0033291717000526","MPE","PE","MPE","PE",1,"psy vs psy","msd","Positive","PANSS","PANSS_Positive","Interviewer-rated",17.1,6.5,111,20.3,7.8,110,,,,,,,,,,,,,,,114,114,228,2017,"post",,"24","Group","12","12","China, Taiwan*, Hong Kong",1,"upper middle-income","high",0.757,"Western Pacific",25.63,0.3772,"Outpatient","Schizophrenia Spectrum Disorders","≤ 5 years","DSM-IV",,,2.6,2.7,"Early",1,0,,"≤ 5 years","Low Risk","Low Risk","Low Risk","Low Risk","Low Risk","Low Risk","Chien_2017_msd_PANSS_Positive_post_NA_Interviewer-rated_MPE_PE_MPE_PE",-0.444369266073855,0.136197461783569,,,,,,
"Chien,2017","Chien, W. T., Bressington, D., Yip, A., & Karatzias, T. (2017). An international multi-site, randomized controlled trial of a mindfulness-based psychoeducation group programme for people with schizophrenia. Psychol Med, 47(12), 2081-2096. https://doi.org/doi:10.1017/s0033291717000526","MPE","PE","MPE","PE",1,"psy vs psy","msd","Total","PANSS","PANSS_Total","Interviewer-rated",74.8,8.9,111,82.1,9.2,110,,,,,,,,,,,,,,,114,114,228,2017,"post",,"24","Group","12","12","China, Taiwan*, Hong Kong",1,"upper middle-income","high",0.757,"Western Pacific",25.63,0.3772,"Outpatient","Schizophrenia Spectrum Disorders","≤ 5 years","DSM-IV",,,2.5,2.7,"Early",1,0,,"≤ 5 years","Low Risk","Low Risk","Low Risk","Low Risk","Low Risk","Low Risk","Chien_2017_msd_PANSS_Total_post_NA_Interviewer-rated_MPE_PE_MPE_PE",-0.803814672184188,0.139899246560305,,,,,,
"Reeder,2017","Reeder, C., Huddy, V., Cella, M., Taylor, R., Greenwood, K., au, S., & Wykes, T. (2017). A new generation computerised metacognitive cognitive remediation programme for schizophrenia (CIRCuiTS): a randomised controlled trial. Psychological medicine, 47(15), 2720-2730. https://doi.org/doi:10.1017/S0033291717001234","CRSS","TAU2",,,0,"psy vs ctr","msd","Negative","PANSS","PANSS_Negative","Interviewer-rated",10.8,4.9,44,10.3,4.6,43,,,,,,,,,,,,,,,46,47,93,2017,"post",,"12","Computer-Based","40",,"UK",0,"high-income","very high",0.929,"European",38.3,0.3548,"Both","Schizophrenia Spectrum Disorders",,"DSM-IV",,,,,,0,0,,"Poor social functioning","Low Risk","Low Risk","Low Risk","Low Risk","Some Concern","Some Concern","Reeder_2017_msd_PANSS_Negative_post_NA_Interviewer-rated_CRSS_TAU2_NA_NA",0.104240961556715,0.214584845980489,,,,,,
"Reeder,2017","Reeder, C., Huddy, V., Cella, M., Taylor, R., Greenwood, K., au, S., & Wykes, T. (2017). A new generation computerised metacognitive cognitive remediation programme for schizophrenia (CIRCuiTS): a randomised controlled trial. Psychological medicine, 47(15), 2720-2730. https://doi.org/doi:10.1017/S0033291717001234","CRSS","TAU2",,,0,"psy vs ctr","msd","Positive","PANSS","PANSS_Positive","Interviewer-rated",7.6,4,46,8.4,3.9,44,,,,,,,,,,,,,,,46,47,93,2017,"post",,"12","Computer-Based","40",,"UK",0,"high-income","very high",0.929,"European",38.3,0.3548,"Both","Schizophrenia Spectrum Disorders",,"DSM-IV",,,,,,0,0,,"Poor social functioning","Low Risk","Low Risk","Low Risk","Low Risk","Some Concern","Some Concern","Reeder_2017_msd_PANSS_Positive_post_NA_Interviewer-rated_CRSS_TAU2_NA_NA",-0.200726791647703,0.211409837427303,,,,,,
"Wang,2016","Wang, L. Q., Chien, W. T., Yip, L. K., & Karatzias, T. (2016). A randomized controlled trial of a mindfulness-based intervention program for people with schizophrenia: 6-month follow-up. Neuropsychiatr Dis Treat, 12, 3097-3110. https://doi.org/10.2147/ndt.S123239","MPE","PE","MPE","PE",1,"psy vs psy","msd","Negative","PANSS","PANSS_Negative","Interviewer-rated",16,7.5,44,17.9,8,44,,,,,,,,,,,,,,,46,46,92,2016,"post",,"25","Group",,,"Hong Kong",0,"high-income","very high",0.949,"Western Pacific",24.3,0.4783,"Outpatient","Schizophrenia Spectrum Disorders","< 5 years","DSM-IV",,,2,2.1,"Early",1,0,"Stable",,"Low Risk","Low Risk","Low Risk","Low Risk","Low Risk","Low Risk","Wang_2016_msd_PANSS_Negative_post_NA_Interviewer-rated_MPE_PE_MPE_PE",-0.242890681411999,0.213999277558806,,,,,,
"Wang,2016","Wang, L. Q., Chien, W. T., Yip, L. K., & Karatzias, T. (2016). A randomized controlled trial of a mindfulness-based intervention program for people with schizophrenia: 6-month follow-up. Neuropsychiatr Dis Treat, 12, 3097-3110. https://doi.org/10.2147/ndt.S123239","MPE","PE","MPE","PE",1,"psy vs psy","msd","Positive","PANSS","PANSS_Positive","Interviewer-rated",20.8,6.8,44,23.8,7,44,,,,,,,,,,,,,,,46,46,92,2016,"post",,"25","Group",,,"Hong Kong",0,"high-income","very high",0.949,"Western Pacific",24.3,0.4783,"Outpatient","Schizophrenia Spectrum Disorders","< 5 years","DSM-IV",,,2,2.1,"Early",1,0,"Stable",,"Low Risk","Low Risk","Low Risk","Low Risk","Low Risk","Low Risk","Wang_2016_msd_PANSS_Positive_post_NA_Interviewer-rated_MPE_PE_MPE_PE",-0.430934590999637,0.215704398689656,,,,,,
"Wang,2016","Wang, L. Q., Chien, W. T., Yip, L. K., & Karatzias, T. (2016). A randomized controlled trial of a mindfulness-based intervention program for people with schizophrenia: 6-month follow-up. Neuropsychiatr Dis Treat, 12, 3097-3110. https://doi.org/10.2147/ndt.S123239","MPE","PE","MPE","PE",1,"psy vs psy","msd","Total","PANSS","PANSS_Total","Interviewer-rated",80,10.2,44,83.8,9.2,44,,,,,,,,,,,,,,,46,46,92,2016,"post",,"25","Group",,,"Hong Kong",0,"high-income","very high",0.949,"Western Pacific",24.3,0.4783,"Outpatient","Schizophrenia Spectrum Disorders","< 5 years","DSM-IV",,,2,2.1,"Early",1,0,"Stable",,"Low Risk","Low Risk","Low Risk","Low Risk","Low Risk","Low Risk","Wang_2016_msd_PANSS_Total_post_NA_Interviewer-rated_MPE_PE_MPE_PE",-0.38781129849349,0.21523062931194,,,,,,
"Schaub,2016","Schaub, A., Mueser, K. T., von Werder, T., Engel, R., Möller, H.-J., & Falkai, P. (2016). A randomized controlled trial of group coping-oriented therapy vs supportive therapy in schizophrenia: results of a 2-year follow-up. Schizophrenia Bulletin, 42(suppl_1), S71-S80.","CBT","SC",,,0,"psy vs ctr","msd","Negative","SANS","SANS_Negative","Interviewer-rated",36.7,22.8,85,41.07,24.8,83,,,,,,,,,,,,,,,100,96,196,2016,"post",,"8","Group",,,"Germany",0,"high-income","very high",0.941,"European",33.6,,"Inpatient","Schizophrenia Spectrum Disorders",,"DSM-IV",,,5,7.5,"Early",1,0,"Post-Acute",,"Some Concern","Low Risk","Low Risk","Low Risk","Some Concern","Some Concern","Schaub_2016_msd_SANS_Negative_post_NA_Interviewer-rated_CBT_SC_NA_NA",-0.182713840248699,0.154638811878797,,,,,,
"Schaub,2016","Schaub, A., Mueser, K. T., von Werder, T., Engel, R., Möller, H.-J., & Falkai, P. (2016). A randomized controlled trial of group coping-oriented therapy vs supportive therapy in schizophrenia: results of a 2-year follow-up. Schizophrenia Bulletin, 42(suppl_1), S71-S80.","CBT","SC",,,0,"psy vs ctr","msd","Positive","BPRS","BPRS_Positive","Interviewer-rated",1.88,0.82,85,1.88,0.86,83,,,,,,,,,,,,,,,100,96,196,2016,"post",,"8","Group",,,"Germany",0,"high-income","very high",0.941,"European",33.6,,"Inpatient","Schizophrenia Spectrum Disorders",,"DSM-IV",,,5,7.5,"Early",1,0,"Post-Acute",,"Some Concern","Low Risk","Low Risk","Low Risk","Some Concern","Some Concern","Schaub_2016_msd_BPRS_Positive_post_NA_Interviewer-rated_CBT_SC_NA_NA",0,0.154314285318752,,,,,,
"Schaub,2016","Schaub, A., Mueser, K. T., von Werder, T., Engel, R., Möller, H.-J., & Falkai, P. (2016). A randomized controlled trial of group coping-oriented therapy vs supportive therapy in schizophrenia: results of a 2-year follow-up. Schizophrenia Bulletin, 42(suppl_1), S71-S80.","CBT","SC",,,0,"psy vs ctr","msd","Total","BPRS","BPRS_Total","Interviewer-rated",43.73,12.6,85,46.08,13.19,83,,,,,,,,,,,,,,,100,96,196,2016,"post",,"8","Group",,,"Germany",0,"high-income","very high",0.941,"European",33.6,,"Inpatient","Schizophrenia Spectrum Disorders",,"DSM-IV",,,5,7.5,"Early",1,0,"Post-Acute",,"Some Concern","Low Risk","Low Risk","Low Risk","Some Concern","Some Concern","Schaub_2016_msd_BPRS_Total_post_NA_Interviewer-rated_CBT_SC_NA_NA",-0.181419088308302,0.154634233577586,,,,,,
"Fiszdon,2016","Fiszdon, J., Choi, K., Bell, M., Choi, J., & Silverstein, S. (2016). Cognitive remediation for individuals with psychosis: efficacy and mechanisms of treatment effects. Psychological medicine, 46(16), 3275-3289.","CR","TAU1",,,0,"psy vs ctr","msd","Negative","PANSS","PANSS_Negative","Interviewer-rated",12.56,2.95,39,14.83,5.11,23,,,,,,,,,,,,,,,50,25,75,2016,"post",,"8","Individual",,,"USA",0,"high-income","very high",0.926,"Americas",47.81,0.2667,"Outpatient","Schizophrenia Spectrum Disorders",,"DSM-IV",,,,,"Chronic",0,0,"Stable",,"High Risk","Low Risk","Some Concern","High Risk","Some Concern","High Risk","Fiszdon_2016_msd_PANSS_Negative_post_NA_Interviewer-rated_CR_TAU1_NA_NA",-0.577102053481913,0.268093017921054,,,,,,
"Fiszdon,2016","Fiszdon, J., Choi, K., Bell, M., Choi, J., & Silverstein, S. (2016). Cognitive remediation for individuals with psychosis: efficacy and mechanisms of treatment effects. Psychological medicine, 46(16), 3275-3289.","CR","TAU1",,,0,"psy vs ctr","msd","Positive","PANSS","PANSS_Positive","Interviewer-rated",10.9,3.59,39,11.52,3.94,23,,,,,,,,,,,,,,,50,25,75,2016,"post",,"8","Individual",,,"USA",0,"high-income","very high",0.926,"Americas",47.81,0.2667,"Outpatient","Schizophrenia Spectrum Disorders",,"DSM-IV",,,,,"Chronic",0,0,"Stable",,"High Risk","Low Risk","Some Concern","High Risk","Some Concern","High Risk","Fiszdon_2016_msd_PANSS_Positive_post_NA_Interviewer-rated_CR_TAU1_NA_NA",-0.164479261245184,0.263330669184295,,,,,,
"Fiszdon,2016","Fiszdon, J., Choi, K., Bell, M., Choi, J., & Silverstein, S. (2016). Cognitive remediation for individuals with psychosis: efficacy and mechanisms of treatment effects. Psychological medicine, 46(16), 3275-3289.","CR","TAU1",,,0,"psy vs ctr","msd","Total","PANSS","PANSS_Total","Interviewer-rated",49.31,8.58,39,54.17,12.69,23,,,,,,,,,,,,,,,50,25,75,2016,"post",,"8","Individual",,,"USA",0,"high-income","very high",0.926,"Americas",47.81,0.2667,"Outpatient","Schizophrenia Spectrum Disorders",,"DSM-IV",,,,,"Chronic",0,0,"Stable",,"High Risk","Low Risk","Some Concern","High Risk","Some Concern","High Risk","Fiszdon_2016_msd_PANSS_Total_post_NA_Interviewer-rated_CR_TAU1_NA_NA",-0.466846300526098,0.266311623191964,,,,,,
"Wang,2016","Wang, L. Q., Chien, W. T., Yip, L. K., & Karatzias, T. (2016). A randomized controlled trial of a mindfulness-based intervention program for people with schizophrenia: 6-month follow-up. Neuropsychiatr Dis Treat, 12, 3097-3110. https://doi.org/10.2147/ndt.S123239","MPE","TAU2","MPE","TAU2",1,"psy vs ctr","msd","Negative","PANSS","PANSS_Negative","Interviewer-rated",16,7.5,44,19.5,9.6,43,,,,,,,,,,,,,,,46,46,92,2016,"post",,"25","Group",,,"Hong Kong",0,"high-income","very high",0.949,"Western Pacific",42.59,0.4058,"Outpatient","Schizophrenia Spectrum Disorders","< 5 years","DSM-IV-TR",,,2,2,"Early",1,0,"Stable",,"Low Risk","Low Risk","Low Risk","Low Risk","Low Risk","Low Risk","Wang_2016_msd_PANSS_Negative_post_NA_Interviewer-rated_MPE_TAU2_MPE_TAU2",-0.403283135846707,0.216643830442028,,,,,,
"Wang,2016","Wang, L. Q., Chien, W. T., Yip, L. K., & Karatzias, T. (2016). A randomized controlled trial of a mindfulness-based intervention program for people with schizophrenia: 6-month follow-up. Neuropsychiatr Dis Treat, 12, 3097-3110. https://doi.org/10.2147/ndt.S123239","MPE","TAU2","MPE","TAU2",1,"psy vs ctr","msd","Positive","PANSS","PANSS_Positive","Interviewer-rated",20.8,6.8,44,26.9,9,43,,,,,,,,,,,,,,,46,46,92,2016,"post",,"25","Group",,,"Hong Kong",0,"high-income","very high",0.949,"Western Pacific",42.59,0.4058,"Outpatient","Schizophrenia Spectrum Disorders","< 5 years","DSM-IV-TR",,,2,2,"Early",1,0,"Stable",,"Low Risk","Low Risk","Low Risk","Low Risk","Low Risk","Low Risk","Wang_2016_msd_PANSS_Positive_post_NA_Interviewer-rated_MPE_TAU2_MPE_TAU2",-0.759226927799915,0.222160523351576,,,,,,
"Wang,2016","Wang, L. Q., Chien, W. T., Yip, L. K., & Karatzias, T. (2016). A randomized controlled trial of a mindfulness-based intervention program for people with schizophrenia: 6-month follow-up. Neuropsychiatr Dis Treat, 12, 3097-3110. https://doi.org/10.2147/ndt.S123239","MPE","TAU2","MPE","TAU2",1,"psy vs ctr","msd","Total","PANSS","PANSS_Total","Interviewer-rated",80,10.2,44,90.2,10.1,43,,,,,,,,,,,,,,,46,46,92,2016,"post",,"25","Group",,,"Hong Kong",0,"high-income","very high",0.949,"Western Pacific",42.59,0.4058,"Outpatient","Schizophrenia Spectrum Disorders","< 5 years","DSM-IV-TR",,,2,2,"Early",1,0,"Stable",,"Low Risk","Low Risk","Low Risk","Low Risk","Low Risk","Low Risk","Wang_2016_msd_PANSS_Total_post_NA_Interviewer-rated_MPE_TAU2_MPE_TAU2",-0.995963154863191,0.227565729120098,,,,,,
"Wang,2016","Wang, L. Q., Chien, W. T., Yip, L. K., & Karatzias, T. (2016). A randomized controlled trial of a mindfulness-based intervention program for people with schizophrenia: 6-month follow-up. Neuropsychiatr Dis Treat, 12, 3097-3110. https://doi.org/10.2147/ndt.S123239","PE","TAU2","PE","TAU2",1,"psy vs ctr","msd","Negative","PANSS","PANSS_Negative","Interviewer-rated",17.9,8,44,19.5,9.6,43,,,,,,,,,,,,,,,46,46,92,2016,"post",,"25","Group",,,"Hong Kong",0,"high-income","very high",0.949,"Western Pacific",42.59,0.4058,"Outpatient","Schizophrenia Spectrum Disorders","< 5 years","DSM-IV-TR",,,2.1,2,"Early",1,0,"Stable",,"Low Risk","Low Risk","Low Risk","Low Risk","Low Risk","Low Risk","Wang_2016_msd_PANSS_Negative_post_NA_Interviewer-rated_PE_TAU2_PE_TAU2",-0.179659765169438,0.214876517240676,,,,,,
"Wang,2016","Wang, L. Q., Chien, W. T., Yip, L. K., & Karatzias, T. (2016). A randomized controlled trial of a mindfulness-based intervention program for people with schizophrenia: 6-month follow-up. Neuropsychiatr Dis Treat, 12, 3097-3110. https://doi.org/10.2147/ndt.S123239","PE","TAU2","PE","TAU2",1,"psy vs ctr","msd","Positive","PANSS","PANSS_Positive","Interviewer-rated",23.8,7,44,26.9,9,43,,,,,,,,,,,,,,,46,46,92,2016,"post",,"25","Group",,,"Hong Kong",0,"high-income","very high",0.949,"Western Pacific",42.59,0.4058,"Outpatient","Schizophrenia Spectrum Disorders","< 5 years","DSM-IV-TR",,,2.1,2,"Early",1,0,"Stable",,"Low Risk","Low Risk","Low Risk","Low Risk","Low Risk","Low Risk","Wang_2016_msd_PANSS_Positive_post_NA_Interviewer-rated_PE_TAU2_PE_TAU2",-0.381657982033816,0.216414521252458,,,,,,
"Wang,2016","Wang, L. Q., Chien, W. T., Yip, L. K., & Karatzias, T. (2016). A randomized controlled trial of a mindfulness-based intervention program for people with schizophrenia: 6-month follow-up. Neuropsychiatr Dis Treat, 12, 3097-3110. https://doi.org/10.2147/ndt.S123239","PE","TAU2","PE","TAU2",1,"psy vs ctr","msd","Total","PANSS","PANSS_Total","Interviewer-rated",83.8,9.2,44,90.2,10.1,43,,,,,,,,,,,,,,,46,46,92,2016,"post",,"25","Group",,,"Hong Kong",0,"high-income","very high",0.949,"Western Pacific",42.59,0.4058,"Outpatient","Schizophrenia Spectrum Disorders","< 5 years","DSM-IV-TR",,,2.1,2,"Early",1,0,"Stable",,"Low Risk","Low Risk","Low Risk","Low Risk","Low Risk","Low Risk","Wang_2016_msd_PANSS_Total_post_NA_Interviewer-rated_PE_TAU2_PE_TAU2",-0.656989497126151,0.220245871787959,,,,,,
"Favrod,2014","Favrod, J., Rexhaj, S., Bardy, S., Ferrari, P., Hayoz, C., Moritz, S., Conus, P., & Bonsack, C. (2014). Sustained antipsychotic effect of metacognitive training in psychosis: a randomized-controlled study. European psychiatry : the journal of the Association of European Psychiatrists, 29(5), 275–281. https://doi.org/10.1016/j.eurpsy.2013.08.003","MCT","TAU2",,,0,"psy vs ctr","change","Positive","PANSS","PANSS_Positive","Interviewer-rated",,,,,,,-4.54,3.22,24,-0.86,4.48,24,,,,,,,,,26,26,52,2014,"post",,"8","Group","8","8","Switzerland",0,"high-income","very high",0.951,"European",,,"Outpatient","Schizophrenia Spectrum Disorders",,"ICD-10",,,,,,0,0,"Stable",,"Some Concern","Low Risk","Low Risk","Low Risk","High Risk","High Risk","Favrod_2014_change_PANSS_Positive_post_NA_Interviewer-rated_MCT_TAU2_NA_NA",-0.927834396013724,0.304306104244325,,,,,,
"Aghotor,2010","Aghotor, J., Pfueller, U., Moritz, S., Weisbrod, M., & Roesch-Ely, D. (2010). Metacognitive training for patients with schizophrenia (MCT): Feasibility and preliminary evidence for its efficacy. Journal of behavior therapy and experimental psychiatry, 41(3), 207-211. https://doi.org/https://doi.org/10.1016/j.jbtep.2010.01.004","MCT","BF",,,0,"psy vs ctr","change","Positive","PANSS","PANSS_Positive","Interviewer-rated",,,,,,,-4.5,4.8,16,-2.6,4.1,14,,,,,,,,,16,14,30,2010,"post",,"4","Group",,,"Germany",0,"high-income","very high",0.929,"European",27.69,0.3333,"Inpatient","Schizophrenia Spectrum Disorders","≤ 5 years","ICD-10",,,3.75,3.75,"Early",1,0,,"Current or prior delusions","Some Concern","High Risk","High Risk","Low Risk","Some Concern","High Risk","Aghotor_2010_change_PANSS_Positive_post_NA_Interviewer-rated_MCT_BF_NA_NA",-0.411854480940389,0.370020108549253,,,,,,
"Aghotor,2010","Aghotor, J., Pfueller, U., Moritz, S., Weisbrod, M., & Roesch-Ely, D. (2010). Metacognitive training for patients with schizophrenia (MCT): Feasibility and preliminary evidence for its efficacy. Journal of behavior therapy and experimental psychiatry, 41(3), 207-211. https://doi.org/https://doi.org/10.1016/j.jbtep.2010.01.004","MCT","BF",,,0,"psy vs ctr","change","Total","PANSS","PANSS_Total","Interviewer-rated",,,,,,,-17.1,24.5,16,-11.9,19.8,14,,,,,,,,,16,14,30,2010,"post",,"4","Group",,,"Germany",0,"high-income","very high",0.929,"European",27.69,0.3333,"Inpatient","Schizophrenia Spectrum Disorders","≤ 5 years","ICD-10",,,3.75,3.75,"Early",1,0,,"Current or prior delusions","Some Concern","High Risk","High Risk","Low Risk","Some Concern","High Risk","Aghotor_2010_change_PANSS_Total_post_NA_Interviewer-rated_MCT_BF_NA_NA",-0.225459957905061,0.367183190233538,,,,,,
"Husain,2017","Husain, M. O., Chaudhry, I. B., Mehmood, N., Rehman, R. U., Kazmi, A., Hamirani, M., Kiran, T., Bukhsh, A., Bassett, P., Husain, M. I., Naeem, F., & Husain, N. (2017). Pilot randomised controlled trial of culturally adapted cognitive behavior therapy for psychosis (CaCBTp) in Pakistan. BMC Health Serv Res, 17(1), 808. https://doi.org/doi:10.1186/s12913-017-2740-z","CBTp","TAU1",,,0,"psy vs ctr","msd","Negative","PANSS","PANSS_Negative","Interviewer-rated",13.18,3.7,17,16.38,6.13,18,,,,,,,,,,,,,,,18,18,36,2017,"post",,"12","Individual","12",,"Pakistan",1,"lower middle-income","low",0.534,"Eastern Mediterranean",32,0.33,"Outpatient","Schizophrenia, Schizoaffective & Delusional Disorders",,"ICD-10",,,,,,0,0,,,"Some Concern","Low Risk","Some Concern","Low Risk","Some Concern","High Risk","Husain_2017_msd_PANSS_Negative_post_NA_Interviewer-rated_CBTp_TAU1_NA_NA",-0.613254336484158,0.346419485752548,,,,,,
"Husain,2017","Husain, M. O., Chaudhry, I. B., Mehmood, N., Rehman, R. U., Kazmi, A., Hamirani, M., Kiran, T., Bukhsh, A., Bassett, P., Husain, M. I., Naeem, F., & Husain, N. (2017). Pilot randomised controlled trial of culturally adapted cognitive behavior therapy for psychosis (CaCBTp) in Pakistan. BMC Health Serv Res, 17(1), 808. https://doi.org/doi:10.1186/s12913-017-2740-z","CBTp","TAU1",,,0,"psy vs ctr","msd","Positive","PANSS","PANSS_Positive","Interviewer-rated",12.88,4.01,17,17.31,7.34,16,,,,,,,,,,,,,,,18,18,36,2017,"post",,"12","Individual","12",,"Pakistan",1,"lower middle-income","low",0.534,"Eastern Mediterranean",32,0.33,"Outpatient","Schizophrenia, Schizoaffective & Delusional Disorders",,"ICD-10",,,,,,0,0,,,"Some Concern","Low Risk","Some Concern","Low Risk","Some Concern","High Risk","Husain_2017_msd_PANSS_Positive_post_NA_Interviewer-rated_CBTp_TAU1_NA_NA",-0.737226914567784,0.360520905345601,,,,,,
"Husain,2017","Husain, M. O., Chaudhry, I. B., Mehmood, N., Rehman, R. U., Kazmi, A., Hamirani, M., Kiran, T., Bukhsh, A., Bassett, P., Husain, M. I., Naeem, F., & Husain, N. (2017). Pilot randomised controlled trial of culturally adapted cognitive behavior therapy for psychosis (CaCBTp) in Pakistan. BMC Health Serv Res, 17(1), 808. https://doi.org/doi:10.1186/s12913-017-2740-z","CBTp","TAU1",,,0,"psy vs ctr","msd","Total","PANSS","PANSS_Total","Interviewer-rated",53.59,12.46,17,68.38,19.11,16,,,,,,,,,,,,,,,18,18,36,2017,"post",,"12","Individual","12",,"Pakistan",1,"lower middle-income","low",0.534,"Eastern Mediterranean",32,0.33,"Outpatient","Schizophrenia, Schizoaffective & Delusional Disorders",,"ICD-10",,,,,,0,0,,,"Some Concern","Low Risk","Some Concern","Low Risk","Some Concern","High Risk","Husain_2017_msd_PANSS_Total_post_NA_Interviewer-rated_CBTp_TAU1_NA_NA",-0.900360850144289,0.366371266834995,,,,,,
"Schrank,2016","Schrank, B., Brownell, T., Jakaite, Z., Larkin, C., Pesola, F., Riches, S., Tylee, A., & Slade, M. (2016). Evaluation of a positive psychotherapy group intervention for people with psychosis: pilot randomised controlled trial. Epidemiology and psychiatric sciences, 25(3), 235-246.","WB","TAU2",,,0,"psy vs ctr","change","Total","BPRS","BPRS_Total","Interviewer-rated",,,,,,,-2.51,8.16,43,0.78,6.15,41,,,,,,,,,47,47,94,2016,"post",,"11","Group",,,"UK",0,"high-income","very high",0.926,"European",42.5,0.4043,"Both","Schizophrenia, Schizoaffective & Delusional Disorders",,,,"Depression, Self-Esteem",,,,0,0,,,"Low Risk","Low Risk","Low Risk","High Risk","Some Concern","High Risk","Schrank_2016_change_BPRS_Total_post_NA_Interviewer-rated_WB_TAU2_NA_NA",-0.449662717762022,0.221070124558833,,,,,,
"Freeman,2015b","Freeman, D., Waite, F., Startup, H., Myers, E., Lister, R., McInerney, J., Harvey, A. G., Geddes, J., Zaiwalla, Z., Luengo-Fernandez, R., Foster, R., Clifton, L., & Yu, L. M. (2015). Efficacy of cognitive behavioural therapy for sleep improvement in patients with persistent delusions and hallucinations (BEST): a prospective, assessor-blind, randomised controlled pilot trial. Lancet Psychiatry, 2(11), 975-983. https://doi.org/10.1016/s2215-0366(15)00314-4","CBT","TAU1",,,0,"psy vs ctr","msd","Total","PANSS","PANSS_Total","Interviewer-rated",77.5,12.1,24,79.3,14.6,26,,,,,,,,,,,,,,,24,26,50,2015,"post",,"12","Individual",,,"UK",0,"high-income","very high",0.923,"European",40.95,0.32,"Outpatient","Schizophrenia, Schizoaffective & Delusional Disorders",,"PSYRATS","Insomnia",,,,,0,0,"Stable","Insomnia","Low Risk","Low Risk","Low Risk","Low Risk","Low Risk","Low Risk","Freeman_2015b_msd_PANSS_Total_post_NA_Interviewer-rated_CBT_TAU1_NA_NA",-0.131627642512529,0.283384962783283,,,,,,
"Freeman,2015a","Freeman, D., Dunn, G., Startup, H., Pugh, K., Cordwell, J., Mander, H., Černis, E., Wingham, G., Shirvell, K., & Kingdon, D. (2015). Effects of cognitive behaviour therapy for worry on persecutory delusions in patients with psychosis (WIT): a parallel, single-blind, randomised controlled trial with a mediation analysis. Lancet Psychiatry, 2(4), 305-313. https://doi.org/10.1016/s2215-0366(15)00039-5","CBT","TAU2",,,0,"psy vs ctr","msd","Total","PANSS","PANSS_Total","Interviewer-rated",70.7,12.4,73,75.3,16,77,,,,,,,,,,,,,,,73,77,150,2015,"post",,"8","Individual",,,"UK",0,"high-income","very high",0.923,"European",41.52,0.4267,"Both","Schizophrenia, Schizoaffective & Delusional Disorders",,"PSYRATS",,"PSWQ",,,"Chronic",0,0,,"Persecutory delusions","Low Risk","Low Risk","Low Risk","Low Risk","Low Risk","Low Risk","Freeman_2015a_msd_PANSS_Total_post_NA_Interviewer-rated_CBT_TAU2_NA_NA",-0.318668006071553,0.164400741036777,,,,,,
"Rathod,2013","Rathod, S., Phiri, P., Harris, S., Underwood, C., Thagadur, M., Padmanabi, U., & Kingdon, D. (2013). Cognitive behaviour therapy for psychosis can be adapted for minority ethnic groups: A randomised controlled trial. schizophrenia Research, 143(2), 319-326. https://doi.org/https://doi.org/10.1016/j.schres.2012.11.007","CBTp","TAU2",,,0,"psy vs ctr","msd","Negative","BRAINS","BRAINS_Negative","Interviewer-rated",3.3,2.59,14,3.28,2.36,16,,,,,,,,,,,,,,,17,17,34,2013,"post",,"20","Group",,,"UK",0,"high-income","very high",0.923,"European",33.55,0.39,"Both","Schizophrenia, Schizoaffective & Delusional Disorders",,"ICD-10",,"Anxiety, Depression",8.56,12.33,"Chronic",0,0,,,"Low Risk","Low Risk","High Risk","Low Risk","Some Concern","High Risk","Rathod_2013_msd_BRAINS_Negative_post_NA_Interviewer-rated_CBTp_TAU2_NA_NA",0.00788007447535739,0.365964020976456,,,,,,
"Rathod,2013","Rathod, S., Phiri, P., Harris, S., Underwood, C., Thagadur, M., Padmanabi, U., & Kingdon, D. (2013). Cognitive behaviour therapy for psychosis can be adapted for minority ethnic groups: A randomised controlled trial. schizophrenia Research, 143(2), 319-326. https://doi.org/https://doi.org/10.1016/j.schres.2012.11.007","CBTp","TAU2",,,0,"psy vs ctr","msd","Total","CPRS","CPRS_Total","Interviewer-rated",16.23,10.77,14,18.6,14.84,16,,,,,,,,,,,,,,,17,17,34,2013,"post",,"20","Group",,,"UK",0,"high-income","very high",0.923,"European",33.55,0.39,"Both","Schizophrenia, Schizoaffective & Delusional Disorders",,"ICD-10",,"Anxiety, Depression",8.56,12.33,"Chronic",0,0,,,"Low Risk","Low Risk","High Risk","Low Risk","Some Concern","High Risk","Rathod_2013_msd_CPRS_Total_post_NA_Interviewer-rated_CBTp_TAU2_NA_NA",-0.175912740443111,0.366706118447447,,,,,,
"Durham,2003","Durham, R. C., Guthrie, M., Morton, R. V., Reid, D. A., Treliving, L. R., Fowler, D., & MacDonald, R. R. (2003). Tayside–Fife clinical trial of cognitive–behavioural therapy for medication-resistant psychotic symptoms: results to 3-month follow-up. The British Journal of Psychiatry, 182(4), 303-311.","CBT","SC","CBT","SC",1,"psy vs ctr","msd","Total","PANSS","PANSS_Total","Interviewer-rated",96.2,17.7,22,95.2,16.2,19,,,,,,,,,,,,,,,22,23,45,2003,"post",,"39","Individual",,,"UK",0,"high-income","very high",0.879,"European",36.35,0.3182,"Outpatient","Schizophrenia, Schizoaffective & Delusional Disorders","Persistent Hallucinations or Delusions, or Both","DSM-IV; ICD-10",,,15,14,"Chronic",0,0,"Stable",,"Low Risk","Low Risk","Some Concern","Low Risk","Some Concern","Some Concern","Durham_2003_msd_PANSS_Total_post_NA_Interviewer-rated_CBT_SC_CBT_SC",0.0576032699190449,0.31325421394202,,,,,,
"Durham,2003","Durham, R. C., Guthrie, M., Morton, R. V., Reid, D. A., Treliving, L. R., Fowler, D., & MacDonald, R. R. (2003). Tayside–Fife clinical trial of cognitive–behavioural therapy for medication-resistant psychotic symptoms: results to 3-month follow-up. The British Journal of Psychiatry, 182(4), 303-311.","TAU2","SC","TAU2","SC",1,"ctr vs ctr","msd","Total","PANSS","PANSS_Total","Interviewer-rated",90.6,17.5,19,95.2,16.2,19,,,,,,,,,,,,,,,21,23,44,2003,"post",,"39","Individual",,,"UK",0,"high-income","very high",0.879,"European",36.35,0.3182,"Outpatient","Schizophrenia, Schizoaffective & Delusional Disorders","Persistent Hallucinations or Delusions, or Both","DSM-IV; ICD-10",,,10,14,"Chronic",0,0,"Stable",,"Low Risk","Low Risk","Some Concern","Low Risk","Some Concern","Some Concern","Durham_2003_msd_PANSS_Total_post_NA_Interviewer-rated_TAU2_SC_TAU2_SC",-0.267071184106997,0.325948345959335,,,,,,
"Durham,2003","Durham, R. C., Guthrie, M., Morton, R. V., Reid, D. A., Treliving, L. R., Fowler, D., & MacDonald, R. R. (2003). Tayside–Fife clinical trial of cognitive–behavioural therapy for medication-resistant psychotic symptoms: results to 3-month follow-up. The British Journal of Psychiatry, 182(4), 303-311.","CBT","TAU2","CBT","TAU2",1,"psy vs ctr","msd","Total","PANSS","PANSS_Total","Interviewer-rated",96.2,17.7,22,90.6,17.5,19,,,,,,,,,,,,,,,22,21,43,2003,"post",,"39","Individual",,,"UK",0,"high-income","very high",0.879,"European",36.35,0.3182,"Outpatient","Schizophrenia, Schizoaffective & Delusional Disorders","Persistent Hallucinations or Delusions, or Both","DSM-IV; ICD-10",,,15,10,"Chronic",0,0,"Stable",,"Low Risk","Low Risk","Some Concern","Low Risk","Some Concern","Some Concern","Durham_2003_msd_PANSS_Total_post_NA_Interviewer-rated_CBT_TAU2_CBT_TAU2",0.311882146044006,0.315150180787623,,,,,,
"Leclerc,2000","Leclerc, C., Lesage, A. D., Ricard, N., Lecomte, T., & Cyr, M. (2000). Assessment of a new rehabilitative coping skills module for persons with schizophrenia. American Journal of Orthopsychiatry, 70(3), 380-388.","CBT","TAU2",,,0,"psy vs ctr","msd","Negative","PANSS","PANSS_Negative","Interviewer-rated",2.09,0.85,55,2.08,0.8,44,,,,,,,,,,,,,,,55,44,99,2000,"post",,"12","Group",,,"Canada",0,"high-income","very high",0.884,"Americas",40.6,0.3232,"Both","Schizophrenia, Schizoaffective & Paranoid Psychosis",,"DSM-III-R",,,17.83,11.8,"Chronic",0,0,,,"Some Concern","Low Risk","High Risk","Low Risk","Some Concern","High Risk","Leclerc_2000_msd_PANSS_Negative_post_NA_Interviewer-rated_CBT_TAU2_NA_NA",0.0119806683423318,0.20226177891973,,,,,,
"Leclerc,2000","Leclerc, C., Lesage, A. D., Ricard, N., Lecomte, T., & Cyr, M. (2000). Assessment of a new rehabilitative coping skills module for persons with schizophrenia. American Journal of Orthopsychiatry, 70(3), 380-388.","CBT","TAU2",,,0,"psy vs ctr","msd","Positive","PANSS","PANSS_Positive","Interviewer-rated",2.29,0.89,55,2.37,1.01,44,,,,,,,,,,,,,,,55,44,99,2000,"post",,"12","Group",,,"Canada",0,"high-income","very high",0.89,"Americas",40.6,0.3232,"Both","Schizophrenia, Schizoaffective & Paranoid Psychosis",,"DSM-III-R",,,17.83,11.8,"Chronic",0,0,,,"Some Concern","Low Risk","High Risk","Low Risk","Some Concern","High Risk","Leclerc_2000_msd_PANSS_Positive_post_NA_Interviewer-rated_CBT_TAU2_NA_NA",-0.0839929154687009,0.202349401187227,,,,,,
"Leclerc,2000","Leclerc, C., Lesage, A. D., Ricard, N., Lecomte, T., & Cyr, M. (2000). Assessment of a new rehabilitative coping skills module for persons with schizophrenia. American Journal of Orthopsychiatry, 70(3), 380-388.","CBT","TAU2",,,0,"psy vs ctr","msd","Total","PANSS","PANSS_Total","Interviewer-rated",6.2,1.95,55,6.35,1.96,44,,,,,,,,,,,,,,,55,44,99,2000,"post",,"12","Group",,,"Canada",0,"high-income","very high",0.89,"Americas",40.6,0.3232,"Both","Schizophrenia, Schizoaffective & Paranoid Psychosis",,"DSM-III-R",,,17.83,11.8,"Chronic",0,0,,,"Some Concern","Low Risk","High Risk","Low Risk","Some Concern","High Risk","Leclerc_2000_msd_PANSS_Total_post_NA_Interviewer-rated_CBT_TAU2_NA_NA",-0.0761534057683823,0.202333486968643,,,,,,
"Horan,2018","Horan, W. P., Dolinsky, M., Lee, J., Kern, R. S., Hellemann, G., Sugar, C. A., Glynn, S. M., & Green, M. F. (2018). Social Cognitive Skills Training for Psychosis With Community-Based Training Exercises: A Randomized Controlled Trial. Schizophr Bull, 44(6), 1254-1266. https://doi.org/doi:10.1093/schbul/sbx167","SST_clinical","OT","SST_clinical","OT",1,"psy vs ctr","msd","Negative","BPRS","BPRS_Negative","Interviewer-rated",2.01,0.89,47,1.82,0.96,47,,,,,,,,,,,,,,,49,49,98,2018,"post",,"12","Group","30","30","USA",0,"high-income","very high",0.93,"Americas",47,0.26,"Outpatient","Schizophrenia, Schizoaffective & Psychosis NOS",,"DSM-IV",,,,,"Chronic",0,0,"Stable",,"High Risk","Low Risk","Low Risk","Low Risk","Some Concern","High Risk","Horan_2018_msd_BPRS_Negative_post_NA_Interviewer-rated_SST_clinical_OT_SST_clinical_OT",0.203580660853532,0.206826721871309,,,,,,
"Horan,2018","Horan, W. P., Dolinsky, M., Lee, J., Kern, R. S., Hellemann, G., Sugar, C. A., Glynn, S. M., & Green, M. F. (2018). Social Cognitive Skills Training for Psychosis With Community-Based Training Exercises: A Randomized Controlled Trial. Schizophr Bull, 44(6), 1254-1266. https://doi.org/doi:10.1093/schbul/sbx167","SST_clinical","OT","SST_clinical","OT",1,"psy vs ctr","msd","Positive","BPRS","BPRS_Positive","Interviewer-rated",2.05,0.82,47,1.92,0.96,47,,,,,,,,,,,,,,,49,49,98,2018,"post",,"12","Group","30","30","USA",0,"high-income","very high",0.93,"Americas",47,0.26,"Outpatient","Schizophrenia, Schizoaffective & Psychosis NOS",,"DSM-IV",,,,,"Chronic",0,0,"Stable",,"High Risk","Low Risk","Low Risk","Low Risk","Some Concern","High Risk","Horan_2018_msd_BPRS_Positive_post_NA_Interviewer-rated_SST_clinical_OT_SST_clinical_OT",0.144427372700747,0.206557453201469,,,,,,
"Horan,2018","Horan, W. P., Dolinsky, M., Lee, J., Kern, R. S., Hellemann, G., Sugar, C. A., Glynn, S. M., & Green, M. F. (2018). Social Cognitive Skills Training for Psychosis With Community-Based Training Exercises: A Randomized Controlled Trial. Schizophr Bull, 44(6), 1254-1266. https://doi.org/doi:10.1093/schbul/sbx167","SST_clinical","OT","SST_clinical","OT",1,"psy vs ctr","msd","Total","BPRS","BPRS_Total","Interviewer-rated",41.95,10.63,47,40.06,11.79,47,,,,,,,,,,,,,,,49,49,98,2018,"post",,"12","Group","30","30","USA",0,"high-income","very high",0.93,"Americas",47,0.26,"Outpatient","Schizophrenia, Schizoaffective & Psychosis NOS",,"DSM-IV",,,,,"Chronic",0,0,"Stable",,"High Risk","Low Risk","Low Risk","Low Risk","Some Concern","High Risk","Horan_2018_msd_BPRS_Total_post_NA_Interviewer-rated_SST_clinical_OT_SST_clinical_OT",0.166997892075897,0.206649434461603,,,,,,
"Horan,2018","Horan, W. P., Dolinsky, M., Lee, J., Kern, R. S., Hellemann, G., Sugar, C. A., Glynn, S. M., & Green, M. F. (2018). Social Cognitive Skills Training for Psychosis With Community-Based Training Exercises: A Randomized Controlled Trial. Schizophr Bull, 44(6), 1254-1266. https://doi.org/doi:10.1093/schbul/sbx167","SST_in-vivo","OT","SST_in-vivo","OT",1,"psy vs ctr","msd","Negative","BPRS","BPRS_Negative","Interviewer-rated",1.97,0.9,41,1.82,0.96,47,,,,,,,,,,,,,,,41,49,90,2018,"post",,"12","Group","30","30","USA",0,"high-income","very high",0.93,"Americas",47,0.26,"Outpatient","Schizophrenia, Schizoaffective & Psychosis NOS",,"DSM-IV",,,,,"Chronic",0,0,"Stable",,"High Risk","Low Risk","Low Risk","Low Risk","Some Concern","High Risk","Horan_2018_msd_BPRS_Negative_post_NA_Interviewer-rated_SST_in-vivo_OT_SST_in-vivo_OT",0.159438449748737,0.214041666709225,,,,,,
"Horan,2018","Horan, W. P., Dolinsky, M., Lee, J., Kern, R. S., Hellemann, G., Sugar, C. A., Glynn, S. M., & Green, M. F. (2018). Social Cognitive Skills Training for Psychosis With Community-Based Training Exercises: A Randomized Controlled Trial. Schizophr Bull, 44(6), 1254-1266. https://doi.org/doi:10.1093/schbul/sbx167","SST_in-vivo","OT","SST_in-vivo","OT",1,"psy vs ctr","msd","Positive","BPRS","BPRS_Positive","Interviewer-rated",1.91,0.83,41,1.92,0.96,47,,,,,,,,,,,,,,,41,49,90,2018,"post",,"12","Group","30","30","USA",0,"high-income","very high",0.93,"Americas",47,0.26,"Outpatient","Schizophrenia, Schizoaffective & Psychosis NOS",,"DSM-IV",,,,,"Chronic",0,0,"Stable",,"High Risk","Low Risk","Low Risk","Low Risk","Some Concern","High Risk","Horan_2018_msd_BPRS_Positive_post_NA_Interviewer-rated_SST_in-vivo_OT_SST_in-vivo_OT",-0.0109911062188107,0.213699644833648,,,,,,
"Horan,2018","Horan, W. P., Dolinsky, M., Lee, J., Kern, R. S., Hellemann, G., Sugar, C. A., Glynn, S. M., & Green, M. F. (2018). Social Cognitive Skills Training for Psychosis With Community-Based Training Exercises: A Randomized Controlled Trial. Schizophr Bull, 44(6), 1254-1266. https://doi.org/doi:10.1093/schbul/sbx167","SST_in-vivo","OT","SST_in-vivo","OT",1,"psy vs ctr","msd","Total","BPRS","BPRS_Total","Interviewer-rated",40.42,10.69,41,40.06,11.79,47,,,,,,,,,,,,,,,41,49,90,2018,"post",,"12","Group","30","30","USA",0,"high-income","very high",0.93,"Americas",47,0.26,"Outpatient","Schizophrenia, Schizoaffective & Psychosis NOS",,"DSM-IV",,,,,"Chronic",0,0,"Stable",,"High Risk","Low Risk","Low Risk","Low Risk","Some Concern","High Risk","Horan_2018_msd_BPRS_Total_post_NA_Interviewer-rated_SST_in-vivo_OT_SST_in-vivo_OT",0.0316029481849332,0.213711522678771,,,,,,
"Horan,2018","Horan, W. P., Dolinsky, M., Lee, J., Kern, R. S., Hellemann, G., Sugar, C. A., Glynn, S. M., & Green, M. F. (2018). Social Cognitive Skills Training for Psychosis With Community-Based Training Exercises: A Randomized Controlled Trial. Schizophr Bull, 44(6), 1254-1266. https://doi.org/doi:10.1093/schbul/sbx167","SST_in-vivo","SST_clinical","SST_in-vivo","SST_clinical",1,"psy vs psy","msd","Negative","BPRS","BPRS_Negative","Interviewer-rated",1.97,0.9,41,2.01,0.89,47,,,,,,,,,,,,,,,41,49,90,2018,"post",,"12","Group","30","30","USA",0,"high-income","very high",0.93,"Americas",47,0.26,"Outpatient","Schizophrenia, Schizoaffective & Psychosis NOS",,"DSM-IV",,,,,"Chronic",0,0,"Stable",,"High Risk","Low Risk","Low Risk","Low Risk","Some Concern","High Risk","Horan_2018_msd_BPRS_Negative_post_NA_Interviewer-rated_SST_in-vivo_SST_clinical_SST_in-vivo_SST_clinical",-0.0443184240145346,0.213724582679456,,,,,,
"Horan,2018","Horan, W. P., Dolinsky, M., Lee, J., Kern, R. S., Hellemann, G., Sugar, C. A., Glynn, S. M., & Green, M. F. (2018). Social Cognitive Skills Training for Psychosis With Community-Based Training Exercises: A Randomized Controlled Trial. Schizophr Bull, 44(6), 1254-1266. https://doi.org/doi:10.1093/schbul/sbx167","SST_in-vivo","SST_clinical","SST_in-vivo","SST_clinical",1,"psy vs psy","msd","Positive","BPRS","BPRS_Positive","Interviewer-rated",1.91,0.83,41,2.05,0.82,47,,,,,,,,,,,,,,,41,49,90,2018,"post",,"12","Group","30","30","USA",0,"high-income","very high",0.93,"Americas",47,0.26,"Outpatient","Schizophrenia, Schizoaffective & Psychosis NOS",,"DSM-IV",,,,,"Chronic",0,0,"Stable",,"High Risk","Low Risk","Low Risk","Low Risk","Some Concern","High Risk","Horan_2018_msd_BPRS_Positive_post_NA_Interviewer-rated_SST_in-vivo_SST_clinical_SST_in-vivo_SST_clinical",-0.168280817534667,0.214080806658854,,,,,,
"Horan,2018","Horan, W. P., Dolinsky, M., Lee, J., Kern, R. S., Hellemann, G., Sugar, C. A., Glynn, S. M., & Green, M. F. (2018). Social Cognitive Skills Training for Psychosis With Community-Based Training Exercises: A Randomized Controlled Trial. Schizophr Bull, 44(6), 1254-1266. https://doi.org/doi:10.1093/schbul/sbx167","SST_in-vivo","SST_clinical","SST_in-vivo","SST_clinical",1,"psy vs psy","msd","Total","BPRS","BPRS_Total","Interviewer-rated",40.42,10.69,41,41.95,10.63,47,,,,,,,,,,,,,,,41,49,90,2018,"post",,"12","Group","30","30","USA",0,"high-income","very high",0.93,"Americas",47,0.26,"Outpatient","Schizophrenia, Schizoaffective & Psychosis NOS",,"DSM-IV",,,,,"Chronic",0,0,"Stable",,"High Risk","Low Risk","Low Risk","Low Risk","Some Concern","High Risk","Horan_2018_msd_BPRS_Total_post_NA_Interviewer-rated_SST_in-vivo_SST_clinical_SST_in-vivo_SST_clinical",-0.1422992431989,0.213971798343581,,,,,,
"Jenner,2004","Jenner, J. A., Nienhuis, F. J., Wiersma, D., & van de Willige, G. (2004). Hallucination focused integrative treatment: a randomized controlled trial. Schizophrenia Bulletin, 30(1), 133-145.","HIT","TAU2",,,0,"psy vs ctr","change","Negative","PANSS","PANSS_Negative","Interviewer-rated",,,,,,,0.3,4.3,35,0.6,4.4,34,,,,,,,,,37,39,76,2004,"post",,"39","Individual",,,"Netherlands",0,"high-income","very high",0.896,"European",36.34,0.46,"Outpatient","Schizophrenia, Schizoaffective & Psychosis NOS",,,,,13.4,10.3,"Chronic",0,0,,"Auditory hallucinations","Low Risk","Low Risk","High Risk","High Risk","Some Concern","High Risk","Jenner_2004_change_PANSS_Negative_post_NA_Interviewer-rated_HIT_TAU2_NA_NA",-0.0681978188401056,0.240868565978894,,,,,,
"Jenner,2004","Jenner, J. A., Nienhuis, F. J., Wiersma, D., & van de Willige, G. (2004). Hallucination focused integrative treatment: a randomized controlled trial. Schizophrenia Bulletin, 30(1), 133-145.","HIT","TAU2",,,0,"psy vs ctr","change","Positive","PANSS","PANSS_Positive","Interviewer-rated",,,,,,,-3.8,4.8,35,-0.5,4.6,34,,,,,,,,,37,39,76,2004,"post",,"39","Individual",,,"Netherlands",0,"high-income","very high",0.896,"European",36.34,0.46,"Outpatient","Schizophrenia, Schizoaffective & Psychosis NOS",,,,,13.4,10.3,"Chronic",0,0,,"Auditory hallucinations","Low Risk","Low Risk","High Risk","High Risk","Some Concern","High Risk","Jenner_2004_change_PANSS_Positive_post_NA_Interviewer-rated_HIT_TAU2_NA_NA",-0.693861290693325,0.248096057694061,,,,,,
"Jenner,2004","Jenner, J. A., Nienhuis, F. J., Wiersma, D., & van de Willige, G. (2004). Hallucination focused integrative treatment: a randomized controlled trial. Schizophrenia Bulletin, 30(1), 133-145.","HIT","TAU2",,,0,"psy vs ctr","change","Total","PANSS","PANSS_Total","Interviewer-rated",,,,,,,-7.5,14.7,35,1.9,14.4,34,,,,,,,,,37,39,76,2004,"post",,"39","Individual",,,"Netherlands",0,"high-income","very high",0.896,"European",36.34,0.46,"Outpatient","Schizophrenia, Schizoaffective & Psychosis NOS",,,,,13.4,10.3,"Chronic",0,0,,"Auditory hallucinations","Low Risk","Low Risk","High Risk","High Risk","Some Concern","High Risk","Jenner_2004_change_PANSS_Total_post_NA_Interviewer-rated_HIT_TAU2_NA_NA",-0.63865694746612,0.246994779339646,,,,,,
"Ventura,2019","Ventura, J., Subotnik, K. L., Gretchen-Doorly, D., Casaus, L., Boucher, M., Medalia, A., Bell, M. D., Hellemann, G. S., & Nuechterlein, K. H. (2019). Cognitive remediation can improve negative symptoms and social functioning in first-episode schizophrenia: A randomized controlled trial. Schizophr Res, 203, 24-31. https://doi.org/doi:10.1016/j.schres.2017.10.005","CR_SST","PE",,,0,"psy vs ctr","change","Negative","BPRS","BPRS_Negative","Interviewer-rated",,,,,,,1.73,1.63,39,1.86,1.9,41,,,,,,,,,40,43,83,2019,"post",,"52","Group & Computer-Based","46","46","USA",0,"high-income","very high",0.933,"Americas",21.9,0.22,"Outpatient","Schizophrenia, Schizoaffective & Schizophreniform Disorders","First Episode","DSM-IV",,,,,"Early",1,1,,"First Episode psychosis","Some Concern","Low Risk","Low Risk","High Risk","Some Concern","High Risk","Ventura_2019_change_BPRS_Negative_post_NA_Interviewer-rated_CR_SST_PE_NA_NA",-0.0725900595388305,0.223751754080272,,,,,,
"Steel,2017","Steel, C., Hardy, A., Smith, B., Wykes, T., Rose, S., Enright, S., Hardcastle, M., Landau, S., Baksh, M. F., Gottlieb, J. D., Rose, D., & Mueser, K. T. (2017). Cognitive-behaviour therapy for post-traumatic stress in schizophrenia. A randomized controlled trial. Psychological medicine, 47(1), 43–51. https://doi.org/10.1017/S0033291716002117","CBT","TAU2",,,0,"psy vs ctr","msd","Negative","PANSS","PANSS_Negative","Interviewer-rated",15,5.7,25,16.4,5.4,25,,,,,,,,,,,,,,,30,31,61,2017,"post",,"26","Individual",,,"UK",0,"high-income","very high",0.929,"European",42.3,0.377,"Outpatient","Schizophrenia, Schizoaffective & Schizophreniform Disorders",,"DSM-IV","PTSD","Anxiety, Depression",,,"Chronic",0,0,,,"Low Risk","High Risk","Some Concern","Low Risk","Some Concern","High Risk","Steel_2017_msd_PANSS_Negative_post_NA_Interviewer-rated_CBT_TAU2_NA_NA",-0.248199541597599,0.283964518076394,,,,,,
"Steel,2017","Steel, C., Hardy, A., Smith, B., Wykes, T., Rose, S., Enright, S., Hardcastle, M., Landau, S., Baksh, M. F., Gottlieb, J. D., Rose, D., & Mueser, K. T. (2017). Cognitive-behaviour therapy for post-traumatic stress in schizophrenia. A randomized controlled trial. Psychological medicine, 47(1), 43–51. https://doi.org/10.1017/S0033291716002117","CBT","TAU2",,,0,"psy vs ctr","msd","Positive","PANSS","PANSS_Positive","Interviewer-rated",17.8,5.6,25,19.8,6.6,25,,,,,,,,,,,,,,,30,31,61,2017,"post",,"26","Individual",,,"UK",0,"high-income","very high",0.929,"European",42.3,0.377,"Outpatient","Schizophrenia, Schizoaffective & Schizophreniform Disorders",,"DSM-IV","PTSD","Anxiety, Depression",,,"Chronic",0,0,,,"Low Risk","High Risk","Some Concern","Low Risk","Some Concern","High Risk","Steel_2017_msd_PANSS_Positive_post_NA_Interviewer-rated_CBT_TAU2_NA_NA",-0.321640398234786,0.28472408689707,,,,,,
"Lopez-Luengo,2016","Lopez-Luengo, B., & Muela-Martinez, J. A. (2016). Preliminary study of a rehabilitation program based on attentional processes to treat auditory hallucinations. Cognitive Neuropsychiatry, 21(4), 315-334.","CR","TAU2",,,0,"psy vs ctr","msd","Negative","BPRS","BPRS_Negative","Interviewer-rated",5.88,3.48,8,7.38,4.1,8,,,,,,,,,,,,,,,20,20,40,2016,"post",,"13","Computer-Based",,,"Spain",0,"high-income","very high",0.894,"European",31.63,0.1875,"Outpatient","Schizophrenia, Schizoaffective & Schizophreniform Disorders","Auditory Hallucinations at least once a week during the six months before the study",,,,11.25,6.38,"Chronic",0,0,"Stable","Auditory hallucinations","Low Risk","High Risk","High Risk","Low Risk","Some Concern","High Risk","Lopez-Luengo_2016_msd_BPRS_Negative_post_NA_Interviewer-rated_CR_TAU2_NA_NA",-0.372944977923156,0.504839068033505,,,,,,
"Lopez-Luengo,2016","Lopez-Luengo, B., & Muela-Martinez, J. A. (2016). Preliminary study of a rehabilitation program based on attentional processes to treat auditory hallucinations. Cognitive Neuropsychiatry, 21(4), 315-334.","CR","TAU2",,,0,"psy vs ctr","msd","Positive","BPRS","BPRS_Positive","Interviewer-rated",10.5,4.04,8,14.75,7.38,8,,,,,,,,,,,,,,,20,20,40,2016,"post",,"13","Computer-Based",,,"Spain",0,"high-income","very high",0.894,"European",31.63,0.1875,"Outpatient","Schizophrenia, Schizoaffective & Schizophreniform Disorders","Auditory Hallucinations at least once a week during the six months before the study",,,,11.25,6.38,"Chronic",0,0,"Stable","Auditory hallucinations","Low Risk","High Risk","High Risk","Low Risk","Some Concern","High Risk","Lopez-Luengo_2016_msd_BPRS_Positive_post_NA_Interviewer-rated_CR_TAU2_NA_NA",-0.675415302764623,0.515701616364991,,,,,,
"Lopez-Luengo,2016","Lopez-Luengo, B., & Muela-Martinez, J. A. (2016). Preliminary study of a rehabilitation program based on attentional processes to treat auditory hallucinations. Cognitive Neuropsychiatry, 21(4), 315-334.","CR","TAU2",,,0,"psy vs ctr","msd","Total","BPRS","BPRS_Total","Interviewer-rated",35,8.96,8,44.38,13.52,8,,,,,,,,,,,,,,,20,20,40,2016,"post",,"13","Computer-Based",,,"Spain",0,"high-income","very high",0.894,"European",31.63,0.1875,"Outpatient","Schizophrenia, Schizoaffective & Schizophreniform Disorders","Auditory Hallucinations at least once a week during the six months before the study",,,,11.25,6.38,"Chronic",0,0,"Stable","Auditory hallucinations","Low Risk","High Risk","High Risk","Low Risk","Some Concern","High Risk","Lopez-Luengo_2016_msd_BPRS_Total_post_NA_Interviewer-rated_CR_TAU2_NA_NA",-0.77325222277153,0.52048354227357,,,,,,
"Penn,2011","Penn, D. L., Uzenoff, S. R., Perkins, D., Mueser, K. T., Hamer, R., Waldheter, E., Saade, S., & Cook, L. (2011). A pilot investigation of the Graduated Recovery Intervention Program (GRIP) for first episode psychosis. schizophrenia Research, 125(2), 247-256. https://doi.org/https://doi.org/10.1016/j.schres.2010.08.006","PE","TAU3",,,0,"psy vs ctr","msd","Negative","PANSS","PANSS_Negative","Interviewer-rated",14.27,3.68,14,15.41,5.16,22,,,,,,,,,,,,,,,23,23,46,2011,"post",,"36","Individual",,,"USA",0,"high-income","very high",0.918,"Americas",22.2,0.3696,"Outpatient","Schizophrenia, Schizoaffective & Schizophreniform Disorders","Early Psychosis within the first three years of treatment","DSM-IV",,,0.39,0.32,"Early",1,1,,"First Episode psychosis","Some Concern","Low Risk","Low Risk","Low Risk","Some Concern","Some Concern","Penn_2011_msd_PANSS_Negative_post_NA_Interviewer-rated_PE_TAU3_NA_NA",-0.239709381542166,0.343100376633796,,,,,,
"Penn,2011","Penn, D. L., Uzenoff, S. R., Perkins, D., Mueser, K. T., Hamer, R., Waldheter, E., Saade, S., & Cook, L. (2011). A pilot investigation of the Graduated Recovery Intervention Program (GRIP) for first episode psychosis. schizophrenia Research, 125(2), 247-256. https://doi.org/https://doi.org/10.1016/j.schres.2010.08.006","PE","TAU3",,,0,"psy vs ctr","msd","Positive","PANSS","PANSS_Positive","Interviewer-rated",12.18,5.27,14,12.95,5.28,22,,,,,,,,,,,,,,,23,23,46,2011,"post",,"36","Individual",,,"USA",0,"high-income","very high",0.918,"Americas",22.2,0.3696,"Outpatient","Schizophrenia, Schizoaffective & Schizophreniform Disorders","Early Psychosis within the first three years of treatment","DSM-IV",,,0.39,0.32,"Early",1,1,,"First Episode psychosis","Some Concern","Low Risk","Low Risk","Low Risk","Some Concern","Some Concern","Penn_2011_msd_PANSS_Positive_post_NA_Interviewer-rated_PE_TAU3_NA_NA",-0.142695865791433,0.34231407349621,,,,,,
"Penn,2011","Penn, D. L., Uzenoff, S. R., Perkins, D., Mueser, K. T., Hamer, R., Waldheter, E., Saade, S., & Cook, L. (2011). A pilot investigation of the Graduated Recovery Intervention Program (GRIP) for first episode psychosis. schizophrenia Research, 125(2), 247-256. https://doi.org/https://doi.org/10.1016/j.schres.2010.08.006","PE","TAU3",,,0,"psy vs ctr","msd","Total","PANSS","PANSS_Total","Interviewer-rated",54.5,14.55,14,56.86,14.18,22,,,,,,,,,,,,,,,23,23,46,2011,"post",,"36","Individual",,,"USA",0,"high-income","very high",0.918,"Americas",22.2,0.3696,"Outpatient","Schizophrenia, Schizoaffective & Schizophreniform Disorders","Early Psychosis within the first three years of treatment","DSM-IV",,,0.39,0.32,"Early",1,1,,"First Episode psychosis","Some Concern","Low Risk","Low Risk","Low Risk","Some Concern","Some Concern","Penn_2011_msd_PANSS_Total_post_NA_Interviewer-rated_PE_TAU3_NA_NA",-0.161112903545356,0.342432780738586,,,,,,
"Bradley,2006","Bradley, G. M., Couchman, G. M., Perlesz, A., Nguyen, A. T., Singh, B., & Riess, C. (2006). Multiple-family group treatment for English- and Vietnamese-speaking families living with schizophrenia. Psychiatr Serv, 57(4), 521-530. https://doi.org/10.1176/ps.2006.57.4.521.","FSG","TAU2",,,0,"psy vs ctr","msd","Negative","SANS","SANS_Negative","Interviewer-rated",32.78,15.31,25,26.94,15.59,25,,,,,,,,,,,,,,,25,25,50,2006,"post",,"52","Group",,,"Australia",0,"high-income","very high",0.914,"Western Pacific",33.8,0.7,"Outpatient","Schizophrenia, Schizoaffective & Schizophreniform Disorders",,"DSM-IV",,,,,,0,0,,,"Low Risk","Some Concern","Low Risk","Low Risk","Some Concern","Some Concern","Bradley_2006_msd_SANS_Negative_post_NA_Interviewer-rated_FSG_TAU2_NA_NA",0.372041182450855,0.285357098666133,,,,,,
"Bradley,2006","Bradley, G. M., Couchman, G. M., Perlesz, A., Nguyen, A. T., Singh, B., & Riess, C. (2006). Multiple-family group treatment for English- and Vietnamese-speaking families living with schizophrenia. Psychiatr Serv, 57(4), 521-530. https://doi.org/10.1176/ps.2006.57.4.521.","FSG","TAU2",,,0,"psy vs ctr","msd","Total","BPRS","BPRS_Total","Interviewer-rated",44.12,8.82,25,46,10.44,25,,,,,,,,,,,,,,,25,25,50,2006,"post",,"52","Group",,,"Australia",0,"high-income","very high",0.914,"Western Pacific",33.8,0.7,"Outpatient","Schizophrenia, Schizoaffective & Schizophreniform Disorders",,"DSM-IV",,,,,,0,0,,,"Low Risk","Some Concern","Low Risk","Low Risk","Some Concern","Some Concern","Bradley_2006_msd_BPRS_Total_post_NA_Interviewer-rated_FSG_TAU2_NA_NA",-0.191480771302779,0.28351092356483,,,,,,
"Startup,2004","Startup, M., Jackson, M., & Bendix, S. (2004). North Wales randomized controlled trial of cognitive behaviour therapy for acute schizophrenia spectrum disorders: outcomes at 6 and 12 months. Psychological medicine, 34(3), 413-422.","CBTp","TAU3",,,0,"psy vs ctr","msd","Negative","SANS","SANS_Negative","Interviewer-rated",4.7,3.5,33,7.1,4,30,,,,,,,,,,,,,,,47,43,90,2004,"post",,"52","Individual",,,"UK",0,"high-income","very high",0.889,"European",20.88,0.2444,"Both","Schizophrenia, Schizoaffective & Schizophreniform Disorders",,"DSM-IV",,,,,,0,0,"Acute",,"High Risk","High Risk","High Risk","High Risk","Some Concern","High Risk","Startup_2004_msd_SANS_Negative_post_NA_Interviewer-rated_CBTp_TAU3_NA_NA",-0.632767616592442,0.258638822567109,,,,,,
"Startup,2004","Startup, M., Jackson, M., & Bendix, S. (2004). North Wales randomized controlled trial of cognitive behaviour therapy for acute schizophrenia spectrum disorders: outcomes at 6 and 12 months. Psychological medicine, 34(3), 413-422.","CBTp","TAU3",,,0,"psy vs ctr","msd","Total","BPRS","BPRS_Total","Interviewer-rated",28.2,9,33,36.1,11,30,,,,,,,,,,,,,,,47,43,90,2004,"post",,"52","Individual",,,"UK",0,"high-income","very high",0.889,"European",20.88,0.2444,"Both","Schizophrenia, Schizoaffective & Schizophreniform Disorders",,"DSM-IV",,,,,,0,0,"Acute",,"High Risk","High Risk","High Risk","High Risk","Some Concern","High Risk","Startup_2004_msd_BPRS_Total_post_NA_Interviewer-rated_CBTp_TAU3_NA_NA",-0.780182966777404,0.261894494743196,,,,,,
"Shin,2002","Shin, S.-K., & Lukens, E. P. (2002). Effects of psychoeducation for Korean Americans with chronic mental illness. Psychiatric Services, 53(9), 1125-1131.","PE","SC",,,0,"psy vs ctr","msd","Negative","BPRS","BPRS_Negative","Interviewer-rated",10.88,1.75,24,11.71,1.58,24,,,,,,,,,,,,,,,24,24,48,2002,"post",,"10","Individual & Group",,,"USA",0,"high-income","very high",0.896,"Americas",37.1,0.5833,"Outpatient","Schizophrenia, Schizoaffective & Schizophreniform Disorders",,"DSM-IV",,,,,"Chronic",0,0,,,"Some Concern","High Risk","High Risk","Low Risk","Some Concern","High Risk","Shin_2002_msd_BPRS_Negative_post_NA_Interviewer-rated_PE_SC_NA_NA",-0.489688691454111,0.293112869177123,,,,,,
"Shin,2002","Shin, S.-K., & Lukens, E. P. (2002). Effects of psychoeducation for Korean Americans with chronic mental illness. Psychiatric Services, 53(9), 1125-1131.","PE","SC",,,0,"psy vs ctr","msd","Positive","BPRS","BPRS_Positive","Interviewer-rated",15.08,2.75,24,18.46,1.79,24,,,,,,,,,,,,,,,24,24,48,2002,"post",,"10","Individual & Group",,,"USA",0,"high-income","very high",0.896,"Americas",37.1,0.5833,"Outpatient","Schizophrenia, Schizoaffective & Schizophreniform Disorders",,"DSM-IV",,,,,"Chronic",0,0,,,"Some Concern","High Risk","High Risk","Low Risk","Some Concern","High Risk","Shin_2002_msd_BPRS_Positive_post_NA_Interviewer-rated_PE_SC_NA_NA",-1.43289320848254,0.324714501316727,,,,,,
"Shin,2002","Shin, S.-K., & Lukens, E. P. (2002). Effects of psychoeducation for Korean Americans with chronic mental illness. Psychiatric Services, 53(9), 1125-1131.","PE","SC",,,0,"psy vs ctr","msd","Total","BPRS","BPRS_Total","Interviewer-rated",74.29,7.04,24,82.58,7.62,24,,,,,,,,,,,,,,,24,24,48,2002,"post",,"10","Individual & Group",,,"USA",0,"high-income","very high",0.896,"Americas",37.1,0.5833,"Outpatient","Schizophrenia, Schizoaffective & Schizophreniform Disorders",,"DSM-IV",,,,,"Chronic",0,0,,,"Some Concern","High Risk","High Risk","Low Risk","Some Concern","High Risk","Shin_2002_msd_BPRS_Total_post_NA_Interviewer-rated_PE_SC_NA_NA",-1.11155855085023,0.31086390104637,,,,,,
"Tarrier,1999","Tarrier, N., Wittkowski, A., Kinney, C., McCarthy, E., Morris, J., & Humphreys, L. (1999). Durability of the effects of cognitive-behavioural therapy in the treatment of chronic schizophrenia: 12-month follow-up. The British journal of psychiatry : the journal of mental science, 174, 500–504. https://doi.org/10.1192/bjp.174.6.500","CBT","SC","CBT","SC",1,"psy vs ctr","msd","Negative","SANS","SANS_Negative","Interviewer-rated",9.83,4.32,23,10.19,5.48,21,,,,,,,,,,,,,,,33,26,59,1998,"post",,"10","Individual",,,"UK",0,"high-income","very high",0.848,"European",39.4,0.26,"Outpatient","Schizophrenia, Schizoaffective and Delusaional Disorders","Persistent Hallucinations
tions and/or delusions for a minimum of six
months, and at least one month of stabilisa-
tion if they had suffered an exacerbation
during this period","DSM-III-R",,,14.2,14.2,"Chronic",0,0,"Stable",,"Low Risk","Low Risk","Low Risk","Low Risk","Some Concern","Some Concern","Tarrier_1999_msd_SANS_Negative_post_NA_Interviewer-rated_CBT_SC_CBT_SC",-0.0720510170374889,0.30192462486144,,,,,,
"Tarrier,1999","Tarrier, N., Wittkowski, A., Kinney, C., McCarthy, E., Morris, J., & Humphreys, L. (1999). Durability of the effects of cognitive-behavioural therapy in the treatment of chronic schizophrenia: 12-month follow-up. The British journal of psychiatry : the journal of mental science, 174, 500–504. https://doi.org/10.1192/bjp.174.6.500","CBT","SC","CBT","SC",1,"psy vs ctr","msd","Positive","BPRS","BPRS_Positive","Interviewer-rated",10.67,8.9,23,15.81,15.13,21,,,,,,,,,,,,,,,33,26,59,1998,"post",,"10","Individual",,,"UK",0,"high-income","very high",0.848,"European",39.4,0.26,"Outpatient","Schizophrenia, Schizoaffective and Delusaional Disorders","Persistent Hallucinations
tions and/or delusions for a minimum of six
months, and at least one month of stabilisa-
tion if they had suffered an exacerbation
during this period","DSM-III-R",,,14.2,14.2,"Chronic",0,0,"Stable",,"Low Risk","Low Risk","Low Risk","Low Risk","Some Concern","Some Concern","Tarrier_1999_msd_BPRS_Positive_post_NA_Interviewer-rated_CBT_SC_CBT_SC",-0.411456273829466,0.305110073810391,,,,,,
"Tarrier,1999","Tarrier, N., Wittkowski, A., Kinney, C., McCarthy, E., Morris, J., & Humphreys, L. (1999). Durability of the effects of cognitive-behavioural therapy in the treatment of chronic schizophrenia: 12-month follow-up. The British journal of psychiatry : the journal of mental science, 174, 500–504. https://doi.org/10.1192/bjp.174.6.500","CBT","TAU1","CBT","TAU1",1,"psy vs ctr","msd","Negative","SANS","SANS_Negative","Interviewer-rated",9.83,4.32,23,10.73,3.98,26,,,,,,,,,,,,,,,33,28,61,1998,"post",,"10","Individual",,,"UK",0,"high-income","very high",0.848,"European",39.4,0.26,"Outpatient","Schizophrenia, Schizoaffective and Delusaional Disorders","Persistent Hallucinations
tions and/or delusions for a minimum of six
months, and at least one month of stabilisa-
tion if they had suffered an exacerbation
during this period","DSM-III-R",,,14.2,14.2,"Chronic",0,0,"Stable",,"Low Risk","Low Risk","Low Risk","Low Risk","Some Concern","Some Concern","Tarrier_1999_msd_SANS_Negative_post_NA_Interviewer-rated_CBT_TAU1_CBT_TAU1",-0.213768237510979,0.287091314785436,,,,,,
"Tarrier,1999","Tarrier, N., Wittkowski, A., Kinney, C., McCarthy, E., Morris, J., & Humphreys, L. (1999). Durability of the effects of cognitive-behavioural therapy in the treatment of chronic schizophrenia: 12-month follow-up. The British journal of psychiatry : the journal of mental science, 174, 500–504. https://doi.org/10.1192/bjp.174.6.500","CBT","TAU1","CBT","TAU1",1,"psy vs ctr","msd","Positive","BPRS","BPRS_Positive","Interviewer-rated",10.67,8.9,23,15.65,13.91,26,,,,,,,,,,,,,,,33,28,61,1998,"post",,"10","Individual",,,"UK",0,"high-income","very high",0.848,"European",39.4,0.26,"Outpatient","Schizophrenia, Schizoaffective and Delusaional Disorders","Persistent Hallucinations
tions and/or delusions for a minimum of six
months, and at least one month of stabilisa-
tion if they had suffered an exacerbation
during this period","DSM-III-R",,,14.2,14.2,"Chronic",0,0,"Stable",,"Low Risk","Low Risk","Low Risk","Low Risk","Some Concern","Some Concern","Tarrier_1999_msd_BPRS_Positive_post_NA_Interviewer-rated_CBT_TAU1_CBT_TAU1",-0.414140209795275,0.289391529633061,,,,,,
"Tarrier,1999","Tarrier, N., Wittkowski, A., Kinney, C., McCarthy, E., Morris, J., & Humphreys, L. (1999). Durability of the effects of cognitive-behavioural therapy in the treatment of chronic schizophrenia: 12-month follow-up. The British journal of psychiatry : the journal of mental science, 174, 500–504. https://doi.org/10.1192/bjp.174.6.500","SC","TAU1","SC","TAU1",1,"ctr vs ctr","msd","Negative","SANS","SANS_Negative","Interviewer-rated",10.19,5.48,21,10.73,3.98,26,,,,,,,,,,,,,,,26,28,54,1998,"post",,"10","Individual",,,"UK",0,"high-income","very high",0.848,"European",39.4,0.26,"Outpatient","Schizophrenia, Schizoaffective and Delusaional Disorders","Persistent Hallucinations
tions and/or delusions for a minimum of six
months, and at least one month of stabilisa-
tion if they had suffered an exacerbation
during this period","DSM-III-R",,,14.2,14.2,"Chronic",0,0,"Stable",,"Low Risk","Low Risk","Low Risk","Low Risk","Some Concern","Some Concern","Tarrier_1999_msd_SANS_Negative_post_NA_Interviewer-rated_SC_TAU1_SC_TAU1",-0.112822388625793,0.293633539535557,,,,,,
"Tarrier,1999","Tarrier, N., Wittkowski, A., Kinney, C., McCarthy, E., Morris, J., & Humphreys, L. (1999). Durability of the effects of cognitive-behavioural therapy in the treatment of chronic schizophrenia: 12-month follow-up. The British journal of psychiatry : the journal of mental science, 174, 500–504. https://doi.org/10.1192/bjp.174.6.500","SC","TAU1","SC","TAU1",1,"ctr vs ctr","msd","Positive","BPRS","BPRS_Positive","Interviewer-rated",15.81,15.13,21,15.65,13.91,26,,,,,,,,,,,,,,,26,28,54,1998,"post",,"10","Individual",,,"UK",0,"high-income","very high",0.927,"European",39.4,0.26,"Outpatient","Schizophrenia, Schizoaffective and Delusaional Disorders","Persistent Hallucinations
tions and/or delusions for a minimum of six
months, and at least one month of stabilisa-
tion if they had suffered an exacerbation
during this period","DSM-III-R",,,14.2,14.2,"Chronic",0,0,"Stable",,"Low Risk","Low Risk","Low Risk","Low Risk","Some Concern","Some Concern","Tarrier_1999_msd_BPRS_Positive_post_NA_Interviewer-rated_SC_TAU1_SC_TAU1",0.0108758509849099,0.293397150098753,,,,,,
"Kuipers,1997","Kuipers, E., Garety, P., Fowler, D., Dunn, G., Bebbington, P., Freeman, D., & Hadley, C. (1997). London–East Anglia randomised controlled trial of cognitive–behavioural therapy for psychosis: I: Effects of the treatment phase. The British Journal of Psychiatry, 171(4), 319-327.","CBTp","TAU1",,,0,"psy vs ctr","msd","Total","BPRS","BPRS_Total","Interviewer-rated",21.2,7.3,25,22.9,6.2,27,,,,,,,,,,,,,,,28,32,60,1997,"post",,"39","Individual",,,"UK",0,"high-income","very high",0.843,"European",40.26,0.3667,"Both","Schizophrenia, Schizoaffective and Delusaional Disorders",,"DSM-III-R",,,12.1,14,"Chronic",0,0,"Medication Resistant","Treatment resistant","Low Risk","High Risk","Some Concern","High Risk","Some Concern","High Risk","Kuipers_1997_msd_BPRS_Total_post_NA_Interviewer-rated_CBTp_TAU1_NA_NA",-0.248040119846483,0.278651863568318,,,,,,
"Morrison,2018","Morrison, A. P., Law, H., Carter, L., Sellers, R., Emsley, R., Pyle, M., French, P., Shiers, D., Yung, A. R., Murphy, E. K., Holden, N., Steele, A., Bowe, S. E., Palmier-Claus, J., Brooks, V., Byrne, R., Davies, L., & Haddad, P. M. (2018). Antipsychotic drugs versus cognitive behavioural therapy versus a combination of both in people with psychosis: a randomised controlled pilot and feasibility study. Lancet Psychiatry, 5(5), 411-423. https://doi.org/doi:10.1016/s2215-0366(18)30096-8","CBT_TAU0","TAU0","CBT_TAU0","TAU0",1,"psy vs ctr","msd","Negative","PANSS","PANSS_Negative","Interviewer-rated",12.41,4.6,22,14.14,5.47,22,,,,,,,,,,,,,,,25,24,49,2018,"post",,"39","Individual",,,"UK",0,"high-income","very high",0.928,"European",23.61,0.4267,"Outpatient","schizophrenia, schizoaffective disorder, or delusional disorder, or criteria for an Early Intervention for Psychosis service to allow for diagnostic uncertainty in early phases;",,"ICD-10",,,1.5,0.72,"Early",1,0,"Stable","Treatment resistant","Low Risk","Low Risk","Low Risk","Low Risk","Low Risk","Low Risk","Morrison_2018_msd_PANSS_Negative_post_NA_Interviewer-rated_CBT_TAU0_TAU0_CBT_TAU0_TAU0",-0.336170196179126,0.303711562166759,,,,,,
"Morrison,2018","Morrison, A. P., Law, H., Carter, L., Sellers, R., Emsley, R., Pyle, M., French, P., Shiers, D., Yung, A. R., Murphy, E. K., Holden, N., Steele, A., Bowe, S. E., Palmier-Claus, J., Brooks, V., Byrne, R., Davies, L., & Haddad, P. M. (2018). Antipsychotic drugs versus cognitive behavioural therapy versus a combination of both in people with psychosis: a randomised controlled pilot and feasibility study. Lancet Psychiatry, 5(5), 411-423. https://doi.org/doi:10.1016/s2215-0366(18)30096-8","CBT_TAU0","TAU0","CBT_TAU0","TAU0",1,"psy vs ctr","msd","Positive","PANSS","PANSS_Positive","Interviewer-rated",15.23,5.31,22,17.81,6.85,22,,,,,,,,,,,,,,,25,24,49,2018,"post",,"39","Individual",,,"UK",0,"high-income","very high",0.928,"European",23.61,0.4267,"Outpatient","schizophrenia, schizoaffective disorder, or delusional disorder, or criteria for an Early Intervention for Psychosis service to allow for diagnostic uncertainty in early phases;",,"ICD-10",,,1.5,0.72,"Early",1,0,"Stable","Treatment resistant","Low Risk","Low Risk","Low Risk","Low Risk","Low Risk","Low Risk","Morrison_2018_msd_PANSS_Positive_post_NA_Interviewer-rated_CBT_TAU0_TAU0_CBT_TAU0_TAU0",-0.413417006557615,0.304832736367168,,,,,,
"Morrison,2018","Morrison, A. P., Law, H., Carter, L., Sellers, R., Emsley, R., Pyle, M., French, P., Shiers, D., Yung, A. R., Murphy, E. K., Holden, N., Steele, A., Bowe, S. E., Palmier-Claus, J., Brooks, V., Byrne, R., Davies, L., & Haddad, P. M. (2018). Antipsychotic drugs versus cognitive behavioural therapy versus a combination of both in people with psychosis: a randomised controlled pilot and feasibility study. Lancet Psychiatry, 5(5), 411-423. https://doi.org/doi:10.1016/s2215-0366(18)30096-8","CBT_TAU0","TAU0","CBT_TAU0","TAU0",1,"psy vs ctr","msd","Total","PANSS","PANSS_Total","Interviewer-rated",53.77,12.54,22,61.09,14.44,22,,,,,,,,,,,,,,,25,24,49,2018,"post",,"39","Individual",,,"UK",0,"high-income","very high",0.928,"European",23.61,0.4267,"Outpatient","schizophrenia, schizoaffective disorder, or delusional disorder, or criteria for an Early Intervention for Psychosis service to allow for diagnostic uncertainty in early phases;",,"ICD-10",,,1.5,0.72,"Early",1,0,"Stable","Treatment resistant","Low Risk","Low Risk","Low Risk","Low Risk","Low Risk","Low Risk","Morrison_2018_msd_PANSS_Total_post_NA_Interviewer-rated_CBT_TAU0_TAU0_CBT_TAU0_TAU0",-0.531559965151105,0.306982897816918,,,,,,
"Morrison,2014","Morrison, A. P., Turkington, D., Pyle, M., Spencer, H., Brabban, A., Dunn, G., Christodoulides, T., Dudley, R., Chapman, N., Callcott, P., Grace, T., Lumley, V., Drage, L., Tully, S., Irving, K., Cummings, A., Byrne, R., Davies, L. M., & Hutton, P. (2014). Cognitive therapy for people with schizophrenia spectrum disorders not taking antipsychotic drugs: a single-blind randomised controlled trial. The Lancet, 383(9926), 1395-1403. https://doi.org/https://doi.org/10.1016/S0140-6736(13)62246-1","CBT","TAU2",,,0,"psy vs ctr","msd","Negative","PANSS","PANSS_Negative","Interviewer-rated",12.5,3.38,22,14.26,4.21,23,,,,,,,,,,,,,,,37,37,74,2014,"post",,"39","Individual",,,"UK",0,"high-income","very high",0.924,"European",31.32,0.473,"Outpatient","schizophrenia, schizoaffective disorder, or delusional disorder, or met entry criteria for an early intervention for psychosis service (operationally defined with the Positive and Negative Syndrome Scale [PANSS])","age 16-65","ICD-10",,,,,,0,0,,"No medication","Low Risk","Low Risk","Low Risk","Low Risk","Some Concern","Some Concern","Morrison_2014_msd_PANSS_Negative_post_NA_Interviewer-rated_CBT_TAU2_NA_NA",-0.451797737073006,0.302130010586827,,,,,,
"Morrison,2014","Morrison, A. P., Turkington, D., Pyle, M., Spencer, H., Brabban, A., Dunn, G., Christodoulides, T., Dudley, R., Chapman, N., Callcott, P., Grace, T., Lumley, V., Drage, L., Tully, S., Irving, K., Cummings, A., Byrne, R., Davies, L. M., & Hutton, P. (2014). Cognitive therapy for people with schizophrenia spectrum disorders not taking antipsychotic drugs: a single-blind randomised controlled trial. The Lancet, 383(9926), 1395-1403. https://doi.org/https://doi.org/10.1016/S0140-6736(13)62246-1","CBT","TAU2",,,0,"psy vs ctr","msd","Positive","PANSS","PANSS_Positive","Interviewer-rated",16,5.94,22,17,4.85,23,,,,,,,,,,,,,,,37,37,74,2014,"post",,"39","Individual",,,"UK",0,"high-income","very high",0.924,"European",31.32,0.473,"Outpatient","schizophrenia, schizoaffective disorder, or delusional disorder, or met entry criteria for an early intervention for psychosis service (operationally defined with the Positive and Negative Syndrome Scale [PANSS])","age 16-65","ICD-10",,,,,,0,0,,"No medication","Low Risk","Low Risk","Low Risk","Low Risk","Some Concern","Some Concern","Morrison_2014_msd_PANSS_Positive_post_NA_Interviewer-rated_CBT_TAU2_NA_NA",-0.181605632084342,0.298851906288811,,,,,,
"Morrison,2014","Morrison, A. P., Turkington, D., Pyle, M., Spencer, H., Brabban, A., Dunn, G., Christodoulides, T., Dudley, R., Chapman, N., Callcott, P., Grace, T., Lumley, V., Drage, L., Tully, S., Irving, K., Cummings, A., Byrne, R., Davies, L. M., & Hutton, P. (2014). Cognitive therapy for people with schizophrenia spectrum disorders not taking antipsychotic drugs: a single-blind randomised controlled trial. The Lancet, 383(9926), 1395-1403. https://doi.org/https://doi.org/10.1016/S0140-6736(13)62246-1","CBT","TAU2",,,0,"psy vs ctr","msd","Total","PANSS","PANSS_Total","Interviewer-rated",57.95,14.99,22,63.26,13.21,23,,,,,,,,,,,,,,,37,37,74,2014,"post",,"39","Individual",,,"UK",0,"high-income","very high",0.924,"European",31.32,0.473,"Outpatient","schizophrenia, schizoaffective disorder, or delusional disorder, or met entry criteria for an early intervention for psychosis service (operationally defined with the Positive and Negative Syndrome Scale [PANSS])","age 16-65","ICD-10",,,,,,0,0,,"No medication","Low Risk","Low Risk","Low Risk","Low Risk","Some Concern","Some Concern","Morrison_2014_msd_PANSS_Total_post_NA_Interviewer-rated_CBT_TAU2_NA_NA",-0.369795012368636,0.300843783678262,,,,,,
"Fisher,2023","Fisher, M., Etter, K., Murray, A., Ghiasi, N., LaCross, K., Ramsay, I., Currie, A., Fitzpatrick, K., Biagianti, B., Schlosser, D., Loewy, R., & Vinogradov, S. (2023). The Effects of Remote Cognitive Training Combined With a Mobile App Intervention on Psychosis: Double-Blind Randomized Controlled Trial. Journal of Medical Internet Research, 25(1). https://doi.org/doi:10.2196/4863","CRSS","CC",,,0,"psy vs ctr","msd","Negative","SANS","SANS_Negative","Interviewer-rated",26.31,3.17,35,30.39,2.95,43,,,,,,,,,,,,,,,48,52,100,2023,"post",,"52","Computer-Based","16","16","USA",0,"high-income","very high",0.927,"Americas",33.7,0.58,"Outpatient","schizophrenia, schizoaffective disorder, schizophreniform disorder, psychotic disorder not otherwise specified, major depressive disorder with psychotic features, or bipolar disorder with psychotic features",,"DSM-V",,,,,"Chronic",0,0,,,"Low Risk","Low Risk","Low Risk","Low Risk","Low Risk","Low Risk","Fisher_2023_msd_SANS_Negative_post_NA_Interviewer-rated_CRSS_CC_NA_NA",-1.32429399015238,0.251585419978586,,,,,,
"Fisher,2023","Fisher, M., Etter, K., Murray, A., Ghiasi, N., LaCross, K., Ramsay, I., Currie, A., Fitzpatrick, K., Biagianti, B., Schlosser, D., Loewy, R., & Vinogradov, S. (2023). The Effects of Remote Cognitive Training Combined With a Mobile App Intervention on Psychosis: Double-Blind Randomized Controlled Trial. Journal of Medical Internet Research, 25(1). https://doi.org/doi:10.2196/4863","CRSS","CC",,,0,"psy vs ctr","msd","Positive","SAPS","SAPS_Positive","Interviewer-rated",17.92,2.24,35,18.67,2.08,43,,,,,,,,,,,,,,,48,52,100,2023,"post",,"52","Computer-Based","16","16","USA",0,"high-income","very high",0.927,"Americas",33.7,0.58,"Outpatient","schizophrenia, schizoaffective disorder, schizophreniform disorder, psychotic disorder not otherwise specified, major depressive disorder with psychotic features, or bipolar disorder with psychotic features",,"DSM-V",,,,,"Chronic",0,0,,,"Low Risk","Low Risk","Low Risk","Low Risk","Low Risk","Low Risk","Fisher_2023_msd_SAPS_Positive_post_NA_Interviewer-rated_CRSS_CC_NA_NA",-0.344894228058729,0.229357977929266,,,,,,
"Lincoln,2012","Lincoln, T. M., Ziegler, M., Mehl, S., Kesting, M.-L., Lüllmann, E., Westermann, S., & Rief, W. (2012). Moving from efficacy to effectiveness in cognitive behavioral therapy for psychosis: a randomized clinical practice trial. Journal of Consulting and Clinical Psychology, 80(4), 674.","CBTp","TAU1",,,0,"psy vs ctr","msd","Negative","PANSS","PANSS_Negative","Interviewer-rated",14.5,5,40,14,4.5,40,,,,,,,,,,,,,,,40,40,80,2012,"post",,"38","Individual",,,"Germany",0,"high-income","very high",0.937,"European",33.15,0.4375,"Outpatient","Schizophrenia, Schizoaffective, Delusaional & Brief Psychotic Disorders","Acute Positive Symptoms","DSM-IV","Patients with comorbid Axis I,ii",,11.1,9.7,"Chronic",0,0,,,"Low Risk","Low Risk","Low Risk","Low Risk","Low Risk","Low Risk","Lincoln_2012_msd_PANSS_Negative_post_NA_Interviewer-rated_CBTp_TAU1_NA_NA",0.104103669465024,0.223761169047448,,,,,,
"Lincoln,2012","Lincoln, T. M., Ziegler, M., Mehl, S., Kesting, M.-L., Lüllmann, E., Westermann, S., & Rief, W. (2012). Moving from efficacy to effectiveness in cognitive behavioral therapy for psychosis: a randomized clinical practice trial. Journal of Consulting and Clinical Psychology, 80(4), 674.","CBTp","TAU1",,,0,"psy vs ctr","msd","Positive","PANSS","PANSS_Positive","Interviewer-rated",11.8,4,40,13.5,4.2,40,,,,,,,,,,,,,,,40,40,80,2012,"post",,"38","Individual",,,"Germany",0,"high-income","very high",0.937,"European",33.15,0.4375,"Outpatient","Schizophrenia, Schizoaffective, Delusaional & Brief Psychotic Disorders","Acute Positive Symptoms","DSM-IV","Patients with comorbid Axis I,II",,11.1,9.7,"Chronic",0,0,,,"Low Risk","Low Risk","Low Risk","Low Risk","Low Risk","Low Risk","Lincoln_2012_msd_PANSS_Positive_post_NA_Interviewer-rated_CBTp_TAU1_NA_NA",-0.410512374575093,0.225995288429626,,,,,,
"Lincoln,2012","Lincoln, T. M., Ziegler, M., Mehl, S., Kesting, M.-L., Lüllmann, E., Westermann, S., & Rief, W. (2012). Moving from efficacy to effectiveness in cognitive behavioral therapy for psychosis: a randomized clinical practice trial. Journal of Consulting and Clinical Psychology, 80(4), 674.","CBTp","TAU1",,,0,"psy vs ctr","msd","Total","PANSS","PANSS_Total","Interviewer-rated",54.9,13.35,40,58.6,12,40,,,,,,,,,,,,,,,40,40,80,2012,"post",,"38","Individual",,,"Germany",0,"high-income","very high",0.937,"European",33.15,0.4375,"Outpatient","Schizophrenia, Schizoaffective, Delusaional & Brief Psychotic Disorders","Acute Positive Symptoms","DSM-IV","Patients with comorbid Axis I,II",,11.1,9.7,"Chronic",0,0,,,"Low Risk","Low Risk","Low Risk","Low Risk","Low Risk","Low Risk","Lincoln_2012_msd_PANSS_Total_post_NA_Interviewer-rated_CBTp_TAU1_NA_NA",-0.288688256697793,0.224791185610962,,,,,,
"Wykes,2023","Wykes, T., Stringer, D., Boadu, J., Tinch-Taylor, R., Csipke, E., Cella, M., Pickles, A., McCrone, P., Reeder, C., Birchwood, M., Fowler, D., Greenwood, K., Johnson, S., Perez, J., Ritunnano, R., Thompson, A., Upthegrove, R., Wilson, J., Kenny, A., . . . Joyce, E. M. (2023). Cognitive Remediation Works But How Should We Provide It? An Adaptive Randomized Controlled Trial of Delivery Methods Using a Patient Nominated Recovery Outcome in First-Episode Participants. Schizophrenia Bulletin, 49(3), 614-625. https://doi.org/doi:10.1093/schbul/sbac214","CR_meta_Group","CR_meta_Independent","CR_meta_Group","CR_meta_Independent",1,"psy vs psy","msd","Negative","CAINS","CAINS_Negative","Interviewer-rated",16.78,9.53,63,20.11,10.21,27,,,,,,,,,,,,,,,134,65,199,2023,"post",,"15","Individual & Group & Computer-Based","42","42","UK",0,"high-income","very high",0.94,"European",25.93,0.271,"Both","Schizophrenia, Schizoaffective, Schizophreniform & Non-affective Psychotic Disorders","First Episode","MINI",,,,,"Early",1,1,"Stable","First Episode psychosis","Some Concern","Low Risk","Low Risk","Low Risk","Some Concern","Some Concern","Wykes_2023_msd_CAINS_Negative_post_NA_Interviewer-rated_CR_meta_Group_CR_meta_Independent_CR_meta_Group_CR_meta_Independent",-0.339111350154885,0.231430302396707,,,,,,
"Wykes,2023","Wykes, T., Stringer, D., Boadu, J., Tinch-Taylor, R., Csipke, E., Cella, M., Pickles, A., McCrone, P., Reeder, C., Birchwood, M., Fowler, D., Greenwood, K., Johnson, S., Perez, J., Ritunnano, R., Thompson, A., Upthegrove, R., Wilson, J., Kenny, A., . . . Joyce, E. M. (2023). Cognitive Remediation Works But How Should We Provide It? An Adaptive Randomized Controlled Trial of Delivery Methods Using a Patient Nominated Recovery Outcome in First-Episode Participants. Schizophrenia Bulletin, 49(3), 614-625. https://doi.org/doi:10.1093/schbul/sbac214","CR_meta_Group","CR_meta_Onetoone","CR_meta_Group","CR_meta_Onetoone",1,"psy vs psy","msd","Negative","CAINS","CAINS_Negative","Interviewer-rated",16.78,9.53,63,17.36,9.85,75,,,,,,,,,,,,,,,134,112,246,2023,"post",,"15","Individual & Group & Computer-Based","42","21","UK",0,"high-income","very high",0.94,"European",25.93,0.271,"Both","Schizophrenia, Schizoaffective, Schizophreniform & Non-affective Psychotic Disorders","First Episode","MINI",,,,,"Early",1,1,"Stable","First Episode psychosis","Some Concern","Low Risk","Low Risk","Low Risk","Some Concern","Some Concern","Wykes_2023_msd_CAINS_Negative_post_NA_Interviewer-rated_CR_meta_Group_CR_meta_Onetoone_CR_meta_Group_CR_meta_Onetoone",-0.0594302157633204,0.170936504912228,,,,,,
"Wykes,2023","Wykes, T., Stringer, D., Boadu, J., Tinch-Taylor, R., Csipke, E., Cella, M., Pickles, A., McCrone, P., Reeder, C., Birchwood, M., Fowler, D., Greenwood, K., Johnson, S., Perez, J., Ritunnano, R., Thompson, A., Upthegrove, R., Wilson, J., Kenny, A., . . . Joyce, E. M. (2023). Cognitive Remediation Works But How Should We Provide It? An Adaptive Randomized Controlled Trial of Delivery Methods Using a Patient Nominated Recovery Outcome in First-Episode Participants. Schizophrenia Bulletin, 49(3), 614-625. https://doi.org/doi:10.1093/schbul/sbac214","CR_meta_Independent","CR_meta_Onetoone","CR_meta_Independent","CR_meta_Onetoone",1,"psy vs psy","msd","Negative","CAINS","CAINS_Negative","Interviewer-rated",20.11,10.21,27,17.36,9.85,75,,,,,,,,,,,,,,,65,112,177,2023,"post",,"15","Individual & Group & Computer-Based","42","21","UK",0,"high-income","very high",0.94,"European",25.93,0.271,"Both","Schizophrenia, Schizoaffective, Schizophreniform & Non-affective Psychotic Disorders","First Episode","MINI",,,,,"Early",1,1,"Stable","First Episode psychosis","Some Concern","Low Risk","Low Risk","Low Risk","Some Concern","Some Concern","Wykes_2023_msd_CAINS_Negative_post_NA_Interviewer-rated_CR_meta_Independent_CR_meta_Onetoone_CR_meta_Independent_CR_meta_Onetoone",0.27444579662855,0.225266961378222,,,,,,
"Wykes,2023","Wykes, T., Stringer, D., Boadu, J., Tinch-Taylor, R., Csipke, E., Cella, M., Pickles, A., McCrone, P., Reeder, C., Birchwood, M., Fowler, D., Greenwood, K., Johnson, S., Perez, J., Ritunnano, R., Thompson, A., Upthegrove, R., Wilson, J., Kenny, A., . . . Joyce, E. M. (2023). Cognitive Remediation Works But How Should We Provide It? An Adaptive Randomized Controlled Trial of Delivery Methods Using a Patient Nominated Recovery Outcome in First-Episode Participants. Schizophrenia Bulletin, 49(3), 614-625. https://doi.org/doi:10.1093/schbul/sbac214","CR_meta_Group","TAU3","CR_meta_Group","TAU3",1,"psy vs ctr","msd","Negative","CAINS","CAINS_Negative","Interviewer-rated",16.78,9.53,63,16.61,9.18,38,,,,,,,,,,,,,,,134,66,200,2023,"post",,"16","Individual & Group & Computer-Based","42",,"UK",0,"high-income","very high",0.94,"European",25.93,0.271,"Both","Schizophrenia, Schizoaffective, Schizophreniform & Non-affective Psychotic Disorders","First Episode","MINI",,,,,"Early",1,1,"Stable","First Episode psychosis","Some Concern","Low Risk","Low Risk","Low Risk","Some Concern","Some Concern","Wykes_2023_msd_CAINS_Negative_post_NA_Interviewer-rated_CR_meta_Group_TAU3_CR_meta_Group_TAU3",0.0179463821852168,0.205403077541292,,,,,,
"Wykes,2023","Wykes, T., Stringer, D., Boadu, J., Tinch-Taylor, R., Csipke, E., Cella, M., Pickles, A., McCrone, P., Reeder, C., Birchwood, M., Fowler, D., Greenwood, K., Johnson, S., Perez, J., Ritunnano, R., Thompson, A., Upthegrove, R., Wilson, J., Kenny, A., . . . Joyce, E. M. (2023). Cognitive Remediation Works But How Should We Provide It? An Adaptive Randomized Controlled Trial of Delivery Methods Using a Patient Nominated Recovery Outcome in First-Episode Participants. Schizophrenia Bulletin, 49(3), 614-625. https://doi.org/doi:10.1093/schbul/sbac214","CR_meta_Independent","TAU3","CR_meta_Independent","TAU3",1,"psy vs ctr","msd","Negative","CAINS","CAINS_Negative","Interviewer-rated",20.11,10.21,27,16.61,9.18,38,,,,,,,,,,,,,,,65,66,131,2023,"post",,"15","Individual & Group & Computer-Based","42",,"UK",0,"high-income","very high",0.94,"European",25.93,0.271,"Both","Schizophrenia, Schizoaffective, Schizophreniform & Non-affective Psychotic Disorders","First Episode","MINI",,,,,"Early",1,1,"Stable","First Episode psychosis","Some Concern","Low Risk","Low Risk","Low Risk","Some Concern","Some Concern","Wykes_2023_msd_CAINS_Negative_post_NA_Interviewer-rated_CR_meta_Independent_TAU3_CR_meta_Independent_TAU3",0.359534571899287,0.253715146936542,,,,,,
"Wykes,2023","Wykes, T., Stringer, D., Boadu, J., Tinch-Taylor, R., Csipke, E., Cella, M., Pickles, A., McCrone, P., Reeder, C., Birchwood, M., Fowler, D., Greenwood, K., Johnson, S., Perez, J., Ritunnano, R., Thompson, A., Upthegrove, R., Wilson, J., Kenny, A., . . . Joyce, E. M. (2023). Cognitive Remediation Works But How Should We Provide It? An Adaptive Randomized Controlled Trial of Delivery Methods Using a Patient Nominated Recovery Outcome in First-Episode Participants. Schizophrenia Bulletin, 49(3), 614-625. https://doi.org/doi:10.1093/schbul/sbac214","CR_meta_Onetoone","TAU3","CR_meta_Onetoone","TAU3",1,"psy vs ctr","msd","Negative","CAINS","CAINS_Negative","Interviewer-rated",17.36,9.85,75,16.61,9.18,38,,,,,,,,,,,,,,,112,66,178,2023,"post",,"15","Individual & Group & Computer-Based","21",,"UK",0,"high-income","very high",0.94,"European",25.93,0.271,"Both","Schizophrenia, Schizoaffective, Schizophreniform & Non-affective Psychotic Disorders","First Episode","MINI",,,,,"Early",1,1,"Stable","First Episode psychosis","Some Concern","Low Risk","Low Risk","Low Risk","Some Concern","Some Concern","Wykes_2023_msd_CAINS_Negative_post_NA_Interviewer-rated_CR_meta_Onetoone_TAU3_CR_meta_Onetoone_TAU3",0.0773393756393949,0.199188230626317,,,,,,
"Lewis,2002","Lewis, S., Tarrier, N., Haddock, G., Bentall, R., Kinderman, P., Kingdon, D., Siddle, R., Drake, R., Everitt, J., & Leadley, K. (2002). Randomised controlled trial of cognitive-behavioural therapy in early schizophrenia: acute-phase outcomes. The British Journal of Psychiatry, 181(S43), s91-s97","CBTp","SC","CBTp","SC",1,"psy vs ctr","msd","Positive","PANSS","PANSS_Positive","Interviewer-rated",13.03,5.06,78,12.58,4.8,71,,,,,,,,,,,,,,,101,106,207,2002,"post",,"6","Individual",,,"UK",0,"high-income","very high",0.874,"European",27.76,0.301,"Both","Schizophrenia, Schizoaffective, Schizophreniform Disorders & Delusional Disorders","either first or second admission (within 2 years of a first admission) to in-patient or day patient unit for treatment of psychosis","DSM-IV",,,,,"Early",1,0,,,"Low Risk","Low Risk","Some Concern","Low Risk","Some Concern","Some Concern","Lewis_2002_msd_PANSS_Positive_post_NA_Interviewer-rated_CBTp_SC_CBTp_SC",0.0906661411731656,0.164112428119178,,,,,,
"Lewis,2002","Lewis, S., Tarrier, N., Haddock, G., Bentall, R., Kinderman, P., Kingdon, D., Siddle, R., Drake, R., Everitt, J., & Leadley, K. (2002). Randomised controlled trial of cognitive-behavioural therapy in early schizophrenia: acute-phase outcomes. The British Journal of Psychiatry, 181(S43), s91-s97","CBTp","SC","CBTp","SC",1,"psy vs ctr","msd","Total","PANSS","PANSS_Total","Interviewer-rated",61.73,19.69,78,59.96,16.39,71,,,,,,,,,,,,,,,101,106,207,2002,"post",,"6","Individual",,,"UK",0,"high-income","very high",0.874,"European",27.76,0.301,"Both","Schizophrenia, Schizoaffective, Schizophreniform Disorders & Delusional Disorders","either first or second admission (within 2 years of a first admission) to in-patient or day patient unit for treatment of psychosis","DSM-IV",,,,,"Early",1,0,,,"Low Risk","Low Risk","Some Concern","Low Risk","Some Concern","Some Concern","Lewis_2002_msd_PANSS_Total_post_NA_Interviewer-rated_CBTp_SC_CBTp_SC",0.0967909381932943,0.164124286916138,,,,,,
"Lewis,2002","Lewis, S., Tarrier, N., Haddock, G., Bentall, R., Kinderman, P., Kingdon, D., Siddle, R., Drake, R., Everitt, J., & Leadley, K. (2002). Randomised controlled trial of cognitive-behavioural therapy in early schizophrenia: acute-phase outcomes. The British Journal of Psychiatry, 181(S43), s91-s97","CBTp","TAU2","CBTp","TAU2",1,"psy vs ctr","msd","Positive","PANSS","PANSS_Positive","Interviewer-rated",13.03,5.06,78,13.67,5.33,60,,,,,,,,,,,,,,,101,102,203,2002,"post",,"6","Individual",,,"UK",0,"high-income","very high",0.874,"European",27.76,0.301,"Both","Schizophrenia, Schizoaffective, Schizophreniform Disorders & Delusional Disorders","either first or second admission (within 2 years of a first admission) to in-patient or day patient unit for treatment of psychosis","DSM-IV",,,,,"Early",1,0,,,"Low Risk","Low Risk","Some Concern","Low Risk","Some Concern","Some Concern","Lewis_2002_msd_PANSS_Positive_post_NA_Interviewer-rated_CBTp_TAU2_CBTp_TAU2",-0.122896529226261,0.171879353740014,,,,,,
"Lewis,2002","Lewis, S., Tarrier, N., Haddock, G., Bentall, R., Kinderman, P., Kingdon, D., Siddle, R., Drake, R., Everitt, J., & Leadley, K. (2002). Randomised controlled trial of cognitive-behavioural therapy in early schizophrenia: acute-phase outcomes. The British Journal of Psychiatry, 181(S43), s91-s97","CBTp","TAU2","CBTp","TAU2",1,"psy vs ctr","msd","Total","PANSS","PANSS_Total","Interviewer-rated",61.73,19.69,78,64.38,16.79,60,,,,,,,,,,,,,,,101,102,203,2002,"post",,"6","Individual",,,"UK",0,"high-income","very high",0.874,"European",27.76,0.301,"Both","Schizophrenia, Schizoaffective, Schizophreniform Disorders & Delusional Disorders","either first or second admission (within 2 years of a first admission) to in-patient or day patient unit for treatment of psychosis","DSM-IV",,,,,"Early",1,0,,,"Low Risk","Low Risk","Some Concern","Low Risk","Some Concern","Some Concern","Lewis_2002_msd_PANSS_Total_post_NA_Interviewer-rated_CBTp_TAU2_CBTp_TAU2",-0.142545369314093,0.171934929516049,,,,,,
"Vohs,2018","Vohs, J. L., Leonhardt, B. L., James, A. V., Francis, M. M., Breier, A., Mehdiyoun, N., Visco, A. C., & Lysaker, P. H. (2018). Metacognitive Reflection and Insight Therapy for Early Psychosis: A preliminary study of a novel integrative psychotherapy. schizophrenia Research, 195, 428-433. https://doi.org/doi:10.1016/j.schres.2017.10.041","MCT","TAU3",,,0,"psy vs ctr","msd","Total","PANSS","PANSS_Total","Interviewer-rated",59.6,11.2,8,66.1,18.2,10,,,,,,,,,,,,,,,10,10,20,2017,"post",,"24","Individual","24","3","USA",0,"high-income","very high",0.928,"Americas",23.82,0.556,"Outpatient","Schizophrenia, Schizoaffective, Schizophreniform, Delusional & Psychotic Disorders NOS","First Episode","DSM-IV",,,,,"Early",1,1,,"First Episode psychosis","Some Concern","Some Concern","Some Concern","High Risk","Some Concern","High Risk","Vohs_2018_msd_PANSS_Total_post_NA_Interviewer-rated_MCT_TAU3_NA_NA",-0.39859620100723,0.479443080329545,,,,,,
"Tarrier,2014","Tarrier, N., Kelly, J., Maqsood, S., Snelson, N., Maxwell, J., Law, H., Dunn, G., & Gooding, P. (2014). The cognitive behavioural prevention of suicide in psychosis: A clinical trial. schizophrenia Research, 156(2), 204-210. https://doi.org/https://doi.org/10.1016/j.schres.2014.04.029","CBT","TAU2",,,0,"psy vs ctr","msd","Negative","PANSS","PANSS_Negative","Interviewer-rated",11.6,2.9,19,14,5.6,16,,,,,,,,,,,,,,,25,24,49,2014,"post",,"17","Individual",,,"UK",0,"high-income","very high",0.924,"European",34.9,0.367,"Outpatient","Schizophrenia, Schizoaffective, Schizophreniform, Delusional & Psychotic Disorders NOS","Previous suicide attempts or current suicidal ideation","DSM-IV","Suicidality","Anxiety, Depression, Suicidal Ideation, Self-Esteem",,,,0,0,,"Suicide attempt","Low Risk","Low Risk","Low Risk","Low Risk","Some Concern","Some Concern","Tarrier_2014_msd_PANSS_Negative_post_NA_Interviewer-rated_CBT_TAU2_NA_NA",-0.54024220759212,0.345685933183738,,,,,,
"Tarrier,2014","Tarrier, N., Kelly, J., Maqsood, S., Snelson, N., Maxwell, J., Law, H., Dunn, G., & Gooding, P. (2014). The cognitive behavioural prevention of suicide in psychosis: A clinical trial. schizophrenia Research, 156(2), 204-210. https://doi.org/https://doi.org/10.1016/j.schres.2014.04.029","CBT","TAU2",,,0,"psy vs ctr","msd","Positive","PANSS","PANSS_Positive","Interviewer-rated",14,5.9,19,15.2,5.5,16,,,,,,,,,,,,,,,25,24,49,2014,"post",,"17","Individual",,,"UK",0,"high-income","very high",0.924,"European",34.9,0.367,"Outpatient","Schizophrenia, Schizoaffective, Schizophreniform, Delusional & Psychotic Disorders NOS","Previous suicide attempts or current suicidal ideation","DSM-IV","Suicidality","Anxiety, Depression, Suicidal Ideation, Self-Esteem",,,,0,0,,"Suicide attempt","Low Risk","Low Risk","Low Risk","Low Risk","Some Concern","Some Concern","Tarrier_2014_msd_PANSS_Positive_post_NA_Interviewer-rated_CBT_TAU2_NA_NA",-0.204926759122294,0.340235151580662,,,,,,
"Tarrier,2014","Tarrier, N., Kelly, J., Maqsood, S., Snelson, N., Maxwell, J., Law, H., Dunn, G., & Gooding, P. (2014). The cognitive behavioural prevention of suicide in psychosis: A clinical trial. schizophrenia Research, 156(2), 204-210. https://doi.org/https://doi.org/10.1016/j.schres.2014.04.029","CBT","TAU2",,,0,"psy vs ctr","msd","Total","PANSS","PANSS_Total","Interviewer-rated",49.8,12.3,19,58.1,17.1,16,,,,,,,,,,,,,,,25,24,49,2014,"post",,"17","Individual",,,"UK",0,"high-income","very high",0.924,"European",34.9,0.367,"Outpatient","Schizophrenia, Schizoaffective, Schizophreniform, Delusional & Psychotic Disorders NOS","Previous suicide attempts or current suicidal ideation","DSM-IV","Suicidality","Anxiety, Depression, Suicidal Ideation, Self-Esteem",,,,0,0,,"Suicide attempt","Low Risk","Low Risk","Low Risk","Low Risk","Some Concern","Some Concern","Tarrier_2014_msd_PANSS_Total_post_NA_Interviewer-rated_CBT_TAU2_NA_NA",-0.552532944461123,0.345976495413125,,,,,,
"Gumley,2003","Gumley, A., O'Grady, M., McNay, L., Reilly, J., Power, K., & Norrie, J. (2003). Early intervention for relapse in schizophrenia: results of a 12-month randomized controlled trial of cognitive behavioural therapy. Psychological medicine, 33(3), 419-431.","CBT","TAU2",,,0,"psy vs ctr","change","Negative","PANSS","PANSS_Negative","Interviewer-rated",,,,,,,-2.29,4.53,72,-0.42,4.31,72,,,,,,,,,72,72,144,2003,"post",,"52","Individual",,,"UK",0,"high-income","very high",0.879,"European",36.25,0.2932,"Outpatient","Schizophrenia, Schizoaffective, Schizophreniform, Delusional Disorder, Psychotic disorder NOS",,"DSM-IV",,,9.42,9.5,"Mid",0,0,"Relapse","Relapse prone","High Risk","Low Risk","Some Concern","High Risk","Some Concern","High Risk","Gumley_2003_change_PANSS_Negative_post_NA_Interviewer-rated_CBT_TAU2_NA_NA",-0.420708156799963,0.16851973271242,,,,,,
"Gumley,2003","Gumley, A., O'Grady, M., McNay, L., Reilly, J., Power, K., & Norrie, J. (2003). Early intervention for relapse in schizophrenia: results of a 12-month randomized controlled trial of cognitive behavioural therapy. Psychological medicine, 33(3), 419-431.","CBT","TAU2",,,0,"psy vs ctr","change","Positive","PANSS","PANSS_Positive","Interviewer-rated",,,,,,,-1.76,2.43,72,-0.66,3.22,72,,,,,,,,,72,72,144,2003,"post",,"52","Individual",,,"UK",0,"high-income","very high",0.879,"European",36.25,0.2932,"Outpatient","Schizophrenia, Schizoaffective, Schizophreniform, Delusional Disorder, Psychotic disorder NOS",,"DSM-IV",,,9.42,9.5,"Mid",0,0,"Relapse","Relapse prone","High Risk","Low Risk","Some Concern","High Risk","Some Concern","High Risk","Gumley_2003_change_PANSS_Positive_post_NA_Interviewer-rated_CBT_TAU2_NA_NA",-0.38358879515033,0.168208594974167,,,,,,
"Gumley,2003","Gumley, A., O'Grady, M., McNay, L., Reilly, J., Power, K., & Norrie, J. (2003). Early intervention for relapse in schizophrenia: results of a 12-month randomized controlled trial of cognitive behavioural therapy. Psychological medicine, 33(3), 419-431.","CBT","TAU2",,,0,"psy vs ctr","change","Total","PANSS","PANSS_Total","Interviewer-rated",,,,,,,-10.75,11.93,72,-3.44,12.41,72,,,,,,,,,72,72,144,2003,"post",,"52","Individual",,,"UK",0,"high-income","very high",0.879,"European",36.25,0.2932,"Outpatient","Schizophrenia, Schizoaffective, Schizophreniform, Delusional Disorder, Psychotic disorder NOS",,"DSM-IV",,,9.42,9.5,"Mid",0,0,"Relapse","Relapse prone","High Risk","Low Risk","Some Concern","High Risk","Some Concern","High Risk","Gumley_2003_change_PANSS_Total_post_NA_Interviewer-rated_CBT_TAU2_NA_NA",-0.597363126037128,0.170382015625561,,,,,,
"Ishikawa,2020","Ishikawa, R., Ishigaki, T., Shimada, T., Tanoue, H., Yoshinaga, N., Oribe, N., Morimoto, T., Matsumoto, T., & Hosono, M. (2020). The efficacy of extended metacognitive training for psychosis: A randomized controlled trial. Schizophr Res, 215, 399-407. https://doi.org/doi:10.1016/j.schres.2019.08.006","MCT","TAU2",,,0,"psy vs ctr","msd","Positive","PANSS","PANSS_Positive","Interviewer-rated",19.42,5.21,24,22.76,5.92,26,,,,,,,,,,,,,,,24,26,50,2020,"post",,"10","Group","10",,"Japan",0,"high-income","very high",0.917,"Western Pacific",47.56,0.5,"Both","Schizophrenia, Schizotypal & Delusional Disorders",,"ICD-10",,,19.58,22.5,"Chronic",0,0,,,"Some Concern","Low Risk","Low Risk","Low Risk","Low Risk","Some Concern","Ishikawa_2020_msd_PANSS_Positive_post_NA_Interviewer-rated_MCT_TAU2_NA_NA",-0.587999946935693,0.289304111130102,,,,,,
